x0,y0,r0,dx0,dy0,x1,y1,r1,dx1,dy1,x2,y2,r2,dx2,dy2,x3,y3,r3,dx3,dy3,x4,y4,r4,dx4,dy4
7.0,7.0,0.4,0.02,-0.98,28.0,2.2,0.4,-0.91,0.0,30.0,-1.2,0.4,-0.91,0.0,20.0,-0.5,0.4,-1.0,0.0,36.0,1.0,0.4,-0.91,0.0
7.002,6.902,0.4,0.02,-0.98,27.909,2.2,0.4,-0.91,0.0,29.909,-1.2,0.4,-0.91,0.0,19.9,-0.5,0.4,-1.0,0.0,35.909,1.0,0.4,-0.91,0.0
7.004,6.804,0.4,0.02,-0.98,27.817999999999998,2.2,0.4,-0.91,0.0,29.817999999999998,-1.2,0.4,-0.91,0.0,19.799999999999997,-0.5,0.4,-1.0,0.0,35.818,1.0,0.4,-0.91,0.0
7.005999999999999,6.706,0.4,0.02,-0.98,27.726999999999997,2.2,0.4,-0.91,0.0,29.726999999999997,-1.2,0.4,-0.91,0.0,19.699999999999996,-0.5,0.4,-1.0,0.0,35.727,1.0,0.4,-0.91,0.0
7.007999999999999,6.6080000000000005,0.4,0.02,-0.98,27.635999999999996,2.2,0.4,-0.91,0.0,29.635999999999996,-1.2,0.4,-0.91,0.0,19.599999999999994,-0.5,0.4,-1.0,0.0,35.635999999999996,1.0,0.4,-0.91,0.0
7.009999999999999,6.510000000000001,0.4,0.02,-0.98,27.544999999999995,2.2,0.4,-0.91,0.0,29.544999999999995,-1.2,0.4,-0.91,0.0,19.499999999999993,-0.5,0.4,-1.0,0.0,35.544999999999995,1.0,0.4,-0.91,0.0
7.011999999999999,6.412000000000001,0.4,0.02,-0.98,27.453999999999994,2.2,0.4,-0.91,0.0,29.453999999999994,-1.2,0.4,-0.91,0.0,19.39999999999999,-0.5,0.4,-1.0,0.0,35.45399999999999,1.0,0.4,-0.91,0.0
7.0139999999999985,6.314000000000001,0.4,0.02,-0.98,27.362999999999992,2.2,0.4,-0.91,0.0,29.362999999999992,-1.2,0.4,-0.91,0.0,19.29999999999999,-0.5,0.4,-1.0,0.0,35.36299999999999,1.0,0.4,-0.91,0.0
7.015999999999998,6.216000000000001,0.4,0.02,-0.98,27.27199999999999,2.2,0.4,-0.91,0.0,29.27199999999999,-1.2,0.4,-0.91,0.0,19.19999999999999,-0.5,0.4,-1.0,0.0,35.27199999999999,1.0,0.4,-0.91,0.0
7.017999999999998,6.118000000000001,0.4,0.02,-0.98,27.18099999999999,2.2,0.4,-0.91,0.0,29.18099999999999,-1.2,0.4,-0.91,0.0,19.099999999999987,-0.5,0.4,-1.0,0.0,35.18099999999999,1.0,0.4,-0.91,0.0
7.019999999999998,6.020000000000001,0.4,0.02,-0.98,27.08999999999999,2.2,0.4,-0.91,0.0,29.08999999999999,-1.2,0.4,-0.91,0.0,18.999999999999986,-0.5,0.4,-1.0,0.0,35.08999999999999,1.0,0.4,-0.91,0.0
7.021999999999998,5.9220000000000015,0.4,0.02,-0.98,26.998999999999988,2.2,0.4,-0.91,0.0,28.998999999999988,-1.2,0.4,-0.91,0.0,18.899999999999984,-0.5,0.4,-1.0,0.0,34.99899999999999,1.0,0.4,-0.91,0.0
7.023999999999997,5.824000000000002,0.4,0.02,-0.98,26.907999999999987,2.2,0.4,-0.91,0.0,28.907999999999987,-1.2,0.4,-0.91,0.0,18.799999999999983,-0.5,0.4,-1.0,0.0,34.90799999999999,1.0,0.4,-0.91,0.0
7.025999999999997,5.726000000000002,0.4,0.02,-0.98,26.816999999999986,2.2,0.4,-0.91,0.0,28.816999999999986,-1.2,0.4,-0.91,0.0,18.69999999999998,-0.5,0.4,-1.0,0.0,34.816999999999986,1.0,0.4,-0.91,0.0
7.027999999999997,5.628000000000002,0.4,0.02,-0.98,26.725999999999985,2.2,0.4,-0.91,0.0,28.725999999999985,-1.2,0.4,-0.91,0.0,18.59999999999998,-0.5,0.4,-1.0,0.0,34.725999999999985,1.0,0.4,-0.91,0.0
7.029999999999997,5.530000000000002,0.4,0.02,-0.98,26.634999999999984,2.2,0.4,-0.91,0.0,28.634999999999984,-1.2,0.4,-0.91,0.0,18.49999999999998,-0.5,0.4,-1.0,0.0,34.634999999999984,1.0,0.4,-0.91,0.0
7.0319999999999965,5.432000000000002,0.4,0.02,-0.98,26.543999999999983,2.2,0.4,-0.91,0.0,28.543999999999983,-1.2,0.4,-0.91,0.0,18.399999999999977,-0.5,0.4,-1.0,0.0,34.54399999999998,1.0,0.4,-0.91,0.0
7.033999999999996,5.334000000000002,0.4,0.02,-0.98,26.45299999999998,2.2,0.4,-0.91,0.0,28.45299999999998,-1.2,0.4,-0.91,0.0,18.299999999999976,-0.5,0.4,-1.0,0.0,34.45299999999998,1.0,0.4,-0.91,0.0
7.035999999999996,5.236000000000002,0.4,0.02,-0.98,26.36199999999998,2.2,0.4,-0.91,0.0,28.36199999999998,-1.2,0.4,-0.91,0.0,18.199999999999974,-0.5,0.4,-1.0,0.0,34.36199999999998,1.0,0.4,-0.91,0.0
7.037999999999996,5.138000000000003,0.4,0.02,-0.98,26.27099999999998,2.2,0.4,-0.91,0.0,28.27099999999998,-1.2,0.4,-0.91,0.0,18.099999999999973,-0.5,0.4,-1.0,0.0,34.27099999999998,1.0,0.4,-0.91,0.0
7.039999999999996,5.040000000000003,0.4,0.02,-0.98,26.17999999999998,2.2,0.4,-0.91,0.0,28.17999999999998,-1.2,0.4,-0.91,0.0,17.99999999999997,-0.5,0.4,-1.0,0.0,34.17999999999998,1.0,0.4,-0.91,0.0
7.041999999999995,4.942000000000003,0.4,0.02,-0.98,26.088999999999977,2.2,0.4,-0.91,0.0,28.088999999999977,-1.2,0.4,-0.91,0.0,17.89999999999997,-0.5,0.4,-1.0,0.0,34.08899999999998,1.0,0.4,-0.91,0.0
7.043999999999995,4.844000000000003,0.4,0.02,-0.98,25.997999999999976,2.2,0.4,-0.91,0.0,27.997999999999976,-1.2,0.4,-0.91,0.0,17.79999999999997,-0.5,0.4,-1.0,0.0,33.997999999999976,1.0,0.4,-0.91,0.0
7.045999999999995,4.746000000000003,0.4,0.02,-0.98,25.906999999999975,2.2,0.4,-0.91,0.0,27.906999999999975,-1.2,0.4,-0.91,0.0,17.699999999999967,-0.5,0.4,-1.0,0.0,33.906999999999975,1.0,0.4,-0.91,0.0
7.047999999999995,4.648000000000003,0.4,0.02,-0.98,25.815999999999974,2.2,0.4,-0.91,0.0,27.815999999999974,-1.2,0.4,-0.91,0.0,17.599999999999966,-0.5,0.4,-1.0,0.0,33.815999999999974,1.0,0.4,-0.91,0.0
7.0499999999999945,4.550000000000003,0.4,0.02,-0.98,25.724999999999973,2.2,0.4,-0.91,0.0,27.724999999999973,-1.2,0.4,-0.91,0.0,17.499999999999964,-0.5,0.4,-1.0,0.0,33.72499999999997,1.0,0.4,-0.91,0.0
7.051999999999994,4.4520000000000035,0.4,0.02,-0.98,25.633999999999972,2.2,0.4,-0.91,0.0,27.633999999999972,-1.2,0.4,-0.91,0.0,17.399999999999963,-0.5,0.4,-1.0,0.0,33.63399999999997,1.0,0.4,-0.91,0.0
7.053999999999994,4.354000000000004,0.4,0.02,-0.98,25.54299999999997,2.2,0.4,-0.91,0.0,27.54299999999997,-1.2,0.4,-0.91,0.0,17.29999999999996,-0.5,0.4,-1.0,0.0,33.54299999999997,1.0,0.4,-0.91,0.0
7.055999999999994,4.256000000000004,0.4,0.02,-0.98,25.45199999999997,2.2,0.4,-0.91,0.0,27.45199999999997,-1.2,0.4,-0.91,0.0,17.19999999999996,-0.5,0.4,-1.0,0.0,33.45199999999997,1.0,0.4,-0.91,0.0
7.057999999999994,4.158000000000004,0.4,0.02,-0.98,25.36099999999997,2.2,0.4,-0.91,0.0,27.36099999999997,-1.2,0.4,-0.91,0.0,17.09999999999996,-0.5,0.4,-1.0,0.0,33.36099999999997,1.0,0.4,-0.91,0.0
7.059999999999993,4.060000000000004,0.4,0.02,-0.98,25.269999999999968,2.2,0.4,-0.91,0.0,27.269999999999968,-1.2,0.4,-0.91,0.0,16.999999999999957,-0.5,0.4,-1.0,0.0,33.26999999999997,1.0,0.4,-0.91,0.0
7.061999999999993,3.962000000000004,0.4,0.02,-0.98,25.178999999999967,2.2,0.4,-0.91,0.0,27.178999999999967,-1.2,0.4,-0.91,0.0,16.899999999999956,-0.5,0.4,-1.0,0.0,33.17899999999997,1.0,0.4,-0.91,0.0
7.063999999999993,3.8640000000000043,0.4,0.02,-0.98,25.087999999999965,2.2,0.4,-0.91,0.0,27.087999999999965,-1.2,0.4,-0.91,0.0,16.799999999999955,-0.5,0.4,-1.0,0.0,33.087999999999965,1.0,0.4,-0.91,0.0
7.065999999999993,3.7660000000000045,0.4,0.02,-0.98,24.996999999999964,2.2,0.4,-0.91,0.0,26.996999999999964,-1.2,0.4,-0.91,0.0,16.699999999999953,-0.5,0.4,-1.0,0.0,32.996999999999964,1.0,0.4,-0.91,0.0
7.0679999999999925,3.6680000000000046,0.4,0.02,-0.98,24.905999999999963,2.2,0.4,-0.91,0.0,26.905999999999963,-1.2,0.4,-0.91,0.0,16.59999999999995,-0.5,0.4,-1.0,0.0,32.90599999999996,1.0,0.4,-0.91,0.0
7.069999999999992,3.5700000000000047,0.4,0.02,-0.98,24.814999999999962,2.2,0.4,-0.91,0.0,26.814999999999962,-1.2,0.4,-0.91,0.0,16.49999999999995,-0.5,0.4,-1.0,0.0,32.81499999999996,1.0,0.4,-0.91,0.0
7.071999999999992,3.472000000000005,0.4,0.02,-0.98,24.72399999999996,2.2,0.4,-0.91,0.0,26.72399999999996,-1.2,0.4,-0.91,0.0,16.39999999999995,-0.5,0.4,-1.0,0.0,32.72399999999996,1.0,0.4,-0.91,0.0
7.073999999999992,3.374000000000005,0.4,0.02,-0.98,24.63299999999996,2.2,0.4,-0.91,0.0,26.63299999999996,-1.2,0.4,-0.91,0.0,16.299999999999947,-0.5,0.4,-1.0,0.0,32.63299999999996,1.0,0.4,-0.91,0.0
7.075999999999992,3.276000000000005,0.4,0.02,-0.98,24.54199999999996,2.2,0.4,-0.91,0.0,26.54199999999996,-1.2,0.4,-0.91,0.0,16.199999999999946,-0.5,0.4,-1.0,0.0,32.54199999999996,1.0,0.4,-0.91,0.0
7.077999999999991,3.1780000000000053,0.4,0.02,-0.98,24.450999999999958,2.2,0.4,-0.91,0.0,26.450999999999958,-1.2,0.4,-0.91,0.0,16.099999999999945,-0.5,0.4,-1.0,0.0,32.45099999999996,1.0,0.4,-0.91,0.0
7.079999999999991,3.0800000000000054,0.4,0.02,-0.98,24.359999999999957,2.2,0.4,-0.91,0.0,26.359999999999957,-1.2,0.4,-0.91,0.0,15.999999999999945,-0.5,0.4,-1.0,0.0,32.35999999999996,1.0,0.4,-0.91,0.0
7.081999999999991,2.9820000000000055,0.4,0.02,-0.98,24.268999999999956,2.2,0.4,-0.91,0.0,26.268999999999956,-1.2,0.4,-0.91,0.0,15.899999999999945,-0.5,0.4,-1.0,0.0,32.268999999999956,1.0,0.4,-0.91,0.0
7.083999999999991,2.8840000000000057,0.4,0.02,-0.98,24.177999999999955,2.2,0.4,-0.91,0.0,26.177999999999955,-1.2,0.4,-0.91,0.0,15.799999999999946,-0.5,0.4,-1.0,0.0,32.177999999999955,1.0,0.4,-0.91,0.0
7.0859999999999905,2.786000000000006,0.4,0.02,-0.98,24.086999999999954,2.2,0.4,-0.91,0.0,26.086999999999954,-1.2,0.4,-0.91,0.0,15.699999999999946,-0.5,0.4,-1.0,0.0,32.086999999999954,1.0,0.4,-0.91,0.0
7.08799999999999,2.688000000000006,0.4,0.02,-0.98,23.995999999999952,2.2,0.4,-0.91,0.0,25.995999999999952,-1.2,0.4,-0.91,0.0,15.599999999999946,-0.5,0.4,-1.0,0.0,31.995999999999952,1.0,0.4,-0.91,0.0
7.08999999999999,2.590000000000006,0.4,0.02,-0.98,23.90499999999995,2.2,0.4,-0.91,0.0,25.90499999999995,-1.2,0.4,-0.91,0.0,15.499999999999947,-0.5,0.4,-1.0,0.0,31.90499999999995,1.0,0.4,-0.91,0.0
7.09199999999999,2.492000000000006,0.4,0.02,-0.98,23.81399999999995,2.2,0.4,-0.91,0.0,25.81399999999995,-1.2,0.4,-0.91,0.0,15.399999999999947,-0.5,0.4,-1.0,0.0,31.81399999999995,1.0,0.4,-0.91,0.0
7.09399999999999,2.3940000000000063,0.4,0.02,-0.98,23.72299999999995,2.2,0.4,-0.91,0.0,25.72299999999995,-1.2,0.4,-0.91,0.0,15.299999999999947,-0.5,0.4,-1.0,0.0,31.72299999999995,1.0,0.4,-0.91,0.0
7.095999999999989,2.2960000000000065,0.4,0.02,-0.98,23.631999999999948,2.2,0.4,-0.91,0.0,25.631999999999948,-1.2,0.4,-0.91,0.0,15.199999999999948,-0.5,0.4,-1.0,0.0,31.631999999999948,1.0,0.4,-0.91,0.0
7.097999999999989,2.1980000000000066,0.4,0.02,-0.98,23.540999999999947,2.2,0.4,-0.91,0.0,25.540999999999947,-1.2,0.4,-0.91,0.0,15.099999999999948,-0.5,0.4,-1.0,0.0,31.540999999999947,1.0,0.4,-0.91,0.0
7.099999999999989,2.1000000000000068,0.4,0.02,-0.98,23.449999999999946,2.2,0.4,-0.91,0.0,25.449999999999946,-1.2,0.4,-0.91,0.0,14.999999999999948,-0.5,0.4,-1.0,0.0,31.449999999999946,1.0,0.4,-0.91,0.0
7.101999999999989,2.002000000000007,0.4,0.02,-0.98,23.358999999999945,2.2,0.4,-0.91,0.0,25.358999999999945,-1.2,0.4,-0.91,0.0,14.899999999999949,-0.5,0.4,-1.0,0.0,31.358999999999945,1.0,0.4,-0.91,0.0
7.1039999999999885,1.9040000000000068,0.4,0.02,-0.98,23.267999999999944,2.2,0.4,-0.91,0.0,25.267999999999944,-1.2,0.4,-0.91,0.0,14.79999999999995,-0.5,0.4,-1.0,0.0,31.267999999999944,1.0,0.4,-0.91,0.0
7.105999999999988,1.8060000000000067,0.4,0.02,-0.98,23.176999999999943,2.2,0.4,-0.91,0.0,25.176999999999943,-1.2,0.4,-0.91,0.0,14.69999999999995,-0.5,0.4,-1.0,0.0,31.176999999999943,1.0,0.4,-0.91,0.0
7.107999999999988,1.7080000000000066,0.4,0.02,-0.98,23.08599999999994,2.2,0.4,-0.91,0.0,25.08599999999994,-1.2,0.4,-0.91,0.0,14.59999999999995,-0.5,0.4,-1.0,0.0,31.08599999999994,1.0,0.4,-0.91,0.0
7.109999999999988,1.6100000000000065,0.4,0.02,-0.98,22.99499999999994,2.2,0.4,-0.91,0.0,24.99499999999994,-1.2,0.4,-0.91,0.0,14.49999999999995,-0.5,0.4,-1.0,0.0,30.99499999999994,1.0,0.4,-0.91,0.0
7.111999999999988,1.5120000000000064,0.4,0.02,-0.98,22.90399999999994,2.2,0.4,-0.91,0.0,24.90399999999994,-1.2,0.4,-0.91,0.0,14.39999999999995,-0.5,0.4,-1.0,0.0,30.90399999999994,1.0,0.4,-0.91,0.0
7.1139999999999874,1.4140000000000064,0.4,0.02,-0.98,22.81299999999994,2.2,0.4,-0.91,0.0,24.81299999999994,-1.2,0.4,-0.91,0.0,14.299999999999951,-0.5,0.4,-1.0,0.0,30.81299999999994,1.0,0.4,-0.91,0.0
7.115999999999987,1.3160000000000063,0.4,0.02,-0.98,22.721999999999937,2.2,0.4,-0.91,0.0,24.721999999999937,-1.2,0.4,-0.91,0.0,14.199999999999951,-0.5,0.4,-1.0,0.0,30.721999999999937,1.0,0.4,-0.91,0.0
7.117999999999987,1.2180000000000062,0.4,0.02,-0.98,22.630999999999936,2.2,0.4,-0.91,0.0,24.630999999999936,-1.2,0.4,-0.91,0.0,14.099999999999952,-0.5,0.4,-1.0,0.0,30.630999999999936,1.0,0.4,-0.91,0.0
7.119999999999987,1.120000000000006,0.4,0.02,-0.98,22.539999999999935,2.2,0.4,-0.91,0.0,24.539999999999935,-1.2,0.4,-0.91,0.0,13.999999999999952,-0.5,0.4,-1.0,0.0,30.539999999999935,1.0,0.4,-0.91,0.0
7.121999999999987,1.022000000000006,0.4,0.02,-0.98,22.448999999999934,2.2,0.4,-0.91,0.0,24.448999999999934,-1.2,0.4,-0.91,0.0,13.899999999999952,-0.5,0.4,-1.0,0.0,30.448999999999934,1.0,0.4,-0.91,0.0
7.123999999999986,0.924000000000006,0.4,0.02,-0.98,22.357999999999933,2.2,0.4,-0.91,0.0,24.357999999999933,-1.2,0.4,-0.91,0.0,13.799999999999953,-0.5,0.4,-1.0,0.0,30.357999999999933,1.0,0.4,-0.91,0.0
7.125999999999986,0.8260000000000061,0.4,0.02,-0.98,22.266999999999932,2.2,0.4,-0.91,0.0,24.266999999999932,-1.2,0.4,-0.91,0.0,13.699999999999953,-0.5,0.4,-1.0,0.0,30.266999999999932,1.0,0.4,-0.91,0.0
7.127999999999986,0.7280000000000061,0.4,0.02,-0.98,22.17599999999993,2.2,0.4,-0.91,0.0,24.17599999999993,-1.2,0.4,-0.91,0.0,13.599999999999953,-0.5,0.4,-1.0,0.0,30.17599999999993,1.0,0.4,-0.91,0.0
7.129999999999986,0.6300000000000061,0.4,0.02,-0.98,22.08499999999993,2.2,0.4,-0.91,0.0,24.08499999999993,-1.2,0.4,-0.91,0.0,13.499999999999954,-0.5,0.4,-1.0,0.0,30.08499999999993,1.0,0.4,-0.91,0.0
7.1319999999999855,0.5320000000000061,0.4,0.02,-0.98,21.99399999999993,2.2,0.4,-0.91,0.0,23.99399999999993,-1.2,0.4,-0.91,0.0,13.399999999999954,-0.5,0.4,-1.0,0.0,29.99399999999993,1.0,0.4,-0.91,0.0
7.133999999999985,0.43400000000000616,0.4,0.02,-0.98,21.902999999999928,2.2,0.4,-0.91,0.0,23.902999999999928,-1.2,0.4,-0.91,0.0,13.299999999999955,-0.5,0.4,-1.0,0.0,29.902999999999928,1.0,0.4,-0.91,0.0
7.135999999999985,0.3360000000000062,0.4,0.02,-0.98,21.811999999999927,2.2,0.4,-0.91,0.0,23.811999999999927,-1.2,0.4,-0.91,0.0,13.199999999999955,-0.5,0.4,-1.0,0.0,29.811999999999927,1.0,0.4,-0.91,0.0
7.137999999999985,0.23800000000000618,0.4,0.02,-0.98,21.720999999999925,2.2,0.4,-0.91,0.0,23.720999999999925,-1.2,0.4,-0.91,0.0,13.099999999999955,-0.5,0.4,-1.0,0.0,29.720999999999925,1.0,0.4,-0.91,0.0
7.139999999999985,0.14000000000000618,0.4,0.02,-0.98,21.629999999999924,2.2,0.4,-0.91,0.0,23.629999999999924,-1.2,0.4,-0.91,0.0,12.999999999999956,-0.5,0.4,-1.0,0.0,29.629999999999924,1.0,0.4,-0.91,0.0
7.141999999999984,0.04200000000000617,0.4,0.02,-0.98,21.538999999999923,2.2,0.4,-0.91,0.0,23.538999999999923,-1.2,0.4,-0.91,0.0,12.899999999999956,-0.5,0.4,-1.0,0.0,29.538999999999923,1.0,0.4,-0.91,0.0
7.143999999999984,-0.05599999999999383,0.4,0.02,-0.98,21.447999999999922,2.2,0.4,-0.91,0.0,23.447999999999922,-1.2,0.4,-0.91,0.0,12.799999999999956,-0.5,0.4,-1.0,0.0,29.447999999999922,1.0,0.4,-0.91,0.0
7.145999999999984,-0.15399999999999384,0.4,0.02,-0.98,21.35699999999992,2.2,0.4,-0.91,0.0,23.35699999999992,-1.2,0.4,-0.91,0.0,12.699999999999957,-0.5,0.4,-1.0,0.0,29.35699999999992,1.0,0.4,-0.91,0.0
7.147999999999984,-0.25199999999999384,0.4,0.02,-0.98,21.26599999999992,2.2,0.4,-0.91,0.0,23.26599999999992,-1.2,0.4,-0.91,0.0,12.599999999999957,-0.5,0.4,-1.0,0.0,29.26599999999992,1.0,0.4,-0.91,0.0
7.1499999999999835,-0.34999999999999387,0.4,0.02,-0.98,21.17499999999992,2.2,0.4,-0.91,0.0,23.17499999999992,-1.2,0.4,-0.91,0.0,12.499999999999957,-0.5,0.4,-1.0,0.0,29.17499999999992,1.0,0.4,-0.91,0.0
7.151999999999983,-0.44799999999999385,0.4,0.02,-0.98,21.083999999999918,2.2,0.4,-0.91,0.0,23.083999999999918,-1.2,0.4,-0.91,0.0,12.399999999999958,-0.5,0.4,-1.0,0.0,29.083999999999918,1.0,0.4,-0.91,0.0
7.153999999999983,-0.5459999999999938,0.4,0.02,-0.98,20.992999999999917,2.2,0.4,-0.91,0.0,22.992999999999917,-1.2,0.4,-0.91,0.0,12.299999999999958,-0.5,0.4,-1.0,0.0,28.992999999999917,1.0,0.4,-0.91,0.0
7.155999999999983,-0.6439999999999938,0.4,0.02,-0.98,20.901999999999916,2.2,0.4,-0.91,0.0,22.901999999999916,-1.2,0.4,-0.91,0.0,12.199999999999958,-0.5,0.4,-1.0,0.0,28.901999999999916,1.0,0.4,-0.91,0.0
7.157999999999983,-0.7419999999999938,0.4,0.02,-0.98,20.810999999999915,2.2,0.4,-0.91,0.0,22.810999999999915,-1.2,0.4,-0.91,0.0,12.099999999999959,-0.5,0.4,-1.0,0.0,28.810999999999915,1.0,0.4,-0.91,0.0
7.159999999999982,-0.8399999999999938,0.4,0.02,-0.98,20.719999999999914,2.2,0.4,-0.91,0.0,22.719999999999914,-1.2,0.4,-0.91,0.0,11.99999999999996,-0.5,0.4,-1.0,0.0,28.719999999999914,1.0,0.4,-0.91,0.0
7.161999999999982,-0.9379999999999937,0.4,0.02,-0.98,20.628999999999913,2.2,0.4,-0.91,0.0,22.628999999999913,-1.2,0.4,-0.91,0.0,11.89999999999996,-0.5,0.4,-1.0,0.0,28.628999999999913,1.0,0.4,-0.91,0.0
7.163999999999982,-1.0359999999999938,0.4,0.02,-0.98,20.53799999999991,2.2,0.4,-0.91,0.0,22.53799999999991,-1.2,0.4,-0.91,0.0,11.79999999999996,-0.5,0.4,-1.0,0.0,28.53799999999991,1.0,0.4,-0.91,0.0
7.165999999999982,-1.133999999999994,0.4,0.02,-0.98,20.44699999999991,2.2,0.4,-0.91,0.0,22.44699999999991,-1.2,0.4,-0.91,0.0,11.69999999999996,-0.5,0.4,-1.0,0.0,28.44699999999991,1.0,0.4,-0.91,0.0
7.1679999999999815,-1.231999999999994,0.4,0.02,-0.98,20.35599999999991,2.2,0.4,-0.91,0.0,22.35599999999991,-1.2,0.4,-0.91,0.0,11.59999999999996,-0.5,0.4,-1.0,0.0,28.35599999999991,1.0,0.4,-0.91,0.0
7.169999999999981,-1.329999999999994,0.4,0.02,-0.98,20.264999999999908,2.2,0.4,-0.91,0.0,22.264999999999908,-1.2,0.4,-0.91,0.0,11.499999999999961,-0.5,0.4,-1.0,0.0,28.264999999999908,1.0,0.4,-0.91,0.0
7.171999999999981,-1.4279999999999942,0.4,0.02,-0.98,20.173999999999907,2.2,0.4,-0.91,0.0,22.173999999999907,-1.2,0.4,-0.91,0.0,11.399999999999961,-0.5,0.4,-1.0,0.0,28.173999999999907,1.0,0.4,-0.91,0.0
7.173999999999981,-1.5259999999999942,0.4,0.02,-0.98,20.082999999999906,2.2,0.4,-0.91,0.0,22.082999999999906,-1.2,0.4,-0.91,0.0,11.299999999999962,-0.5,0.4,-1.0,0.0,28.082999999999906,1.0,0.4,-0.91,0.0
7.175999999999981,-1.6239999999999943,0.4,0.02,-0.98,19.991999999999905,2.2,0.4,-0.91,0.0,21.991999999999905,-1.2,0.4,-0.91,0.0,11.199999999999962,-0.5,0.4,-1.0,0.0,27.991999999999905,1.0,0.4,-0.91,0.0
7.17799999999998,-1.7219999999999944,0.4,0.02,-0.98,19.900999999999904,2.2,0.4,-0.91,0.0,21.900999999999904,-1.2,0.4,-0.91,0.0,11.099999999999962,-0.5,0.4,-1.0,0.0,27.900999999999904,1.0,0.4,-0.91,0.0
7.17999999999998,-1.8199999999999945,0.4,0.02,-0.98,19.809999999999903,2.2,0.4,-0.91,0.0,21.809999999999903,-1.2,0.4,-0.91,0.0,10.999999999999963,-0.5,0.4,-1.0,0.0,27.809999999999903,1.0,0.4,-0.91,0.0
7.18199999999998,-1.9179999999999946,0.4,0.02,-0.98,19.7189999999999,2.2,0.4,-0.91,0.0,21.7189999999999,-1.2,0.4,-0.91,0.0,10.899999999999963,-0.5,0.4,-1.0,0.0,27.7189999999999,1.0,0.4,-0.91,0.0
7.18399999999998,-2.0159999999999947,0.4,0.02,-0.98,19.6279999999999,2.2,0.4,-0.91,0.0,21.6279999999999,-1.2,0.4,-0.91,0.0,10.799999999999963,-0.5,0.4,-1.0,0.0,27.6279999999999,1.0,0.4,-0.91,0.0
7.1859999999999795,-2.1139999999999946,0.4,0.02,-0.98,19.5369999999999,2.2,0.4,-0.91,0.0,21.5369999999999,-1.2,0.4,-0.91,0.0,10.699999999999964,-0.5,0.4,-1.0,0.0,27.5369999999999,1.0,0.4,-0.91,0.0
7.187999999999979,-2.2119999999999944,0.4,0.02,-0.98,19.4459999999999,2.2,0.4,-0.91,0.0,21.4459999999999,-1.2,0.4,-0.91,0.0,10.599999999999964,-0.5,0.4,-1.0,0.0,27.4459999999999,1.0,0.4,-0.91,0.0
7.189999999999979,-2.3099999999999943,0.4,0.02,-0.98,19.354999999999897,2.2,0.4,-0.91,0.0,21.354999999999897,-1.2,0.4,-0.91,0.0,10.499999999999964,-0.5,0.4,-1.0,0.0,27.354999999999897,1.0,0.4,-0.91,0.0
7.191999999999979,-2.407999999999994,0.4,0.02,-0.98,19.263999999999896,2.2,0.4,-0.91,0.0,21.263999999999896,-1.2,0.4,-0.91,0.0,10.399999999999965,-0.5,0.4,-1.0,0.0,27.263999999999896,1.0,0.4,-0.91,0.0
7.193999999999979,-2.505999999999994,0.4,0.02,-0.98,19.172999999999895,2.2,0.4,-0.91,0.0,21.172999999999895,-1.2,0.4,-0.91,0.0,10.299999999999965,-0.5,0.4,-1.0,0.0,27.172999999999895,1.0,0.4,-0.91,0.0
7.195999999999978,-2.603999999999994,0.4,0.02,-0.98,19.081999999999894,2.2,0.4,-0.91,0.0,21.081999999999894,-1.2,0.4,-0.91,0.0,10.199999999999966,-0.5,0.4,-1.0,0.0,27.081999999999894,1.0,0.4,-0.91,0.0
7.197999999999978,-2.7019999999999937,0.4,0.02,-0.98,18.990999999999893,2.2,0.4,-0.91,0.0,20.990999999999893,-1.2,0.4,-0.91,0.0,10.099999999999966,-0.5,0.4,-1.0,0.0,26.990999999999893,1.0,0.4,-0.91,0.0
7.199999999999978,-2.7999999999999936,0.4,0.02,-0.98,18.899999999999892,2.2,0.4,-0.91,0.0,20.899999999999892,-1.2,0.4,-0.91,0.0,9.999999999999966,-0.5,0.4,-1.0,0.0,26.899999999999892,1.0,0.4,-0.91,0.0
7.201999999999978,-2.8979999999999935,0.4,0.02,-0.98,18.80899999999989,2.2,0.4,-0.91,0.0,20.80899999999989,-1.2,0.4,-0.91,0.0,9.899999999999967,-0.5,0.4,-1.0,0.0,26.80899999999989,1.0,0.4,-0.91,0.0
7.2039999999999775,-2.9959999999999933,0.4,0.02,-0.98,18.71799999999989,2.2,0.4,-0.91,0.0,20.71799999999989,-1.2,0.4,-0.91,0.0,9.799999999999967,-0.5,0.4,-1.0,0.0,26.71799999999989,1.0,0.4,-0.91,0.0
7.205999999999977,-3.093999999999993,0.4,0.02,-0.98,18.62699999999989,2.2,0.4,-0.91,0.0,20.62699999999989,-1.2,0.4,-0.91,0.0,9.699999999999967,-0.5,0.4,-1.0,0.0,26.62699999999989,1.0,0.4,-0.91,0.0
7.207999999999977,-3.191999999999993,0.4,0.02,-0.98,18.535999999999888,2.2,0.4,-0.91,0.0,20.535999999999888,-1.2,0.4,-0.91,0.0,9.599999999999968,-0.5,0.4,-1.0,0.0,26.535999999999888,1.0,0.4,-0.91,0.0
7.209999999999977,-3.289999999999993,0.4,0.02,-0.98,18.444999999999887,2.2,0.4,-0.91,0.0,20.444999999999887,-1.2,0.4,-0.91,0.0,9.499999999999968,-0.5,0.4,-1.0,0.0,26.444999999999887,1.0,0.4,-0.91,0.0
7.211999999999977,-3.387999999999993,0.4,0.02,-0.98,18.353999999999886,2.2,0.4,-0.91,0.0,20.353999999999886,-1.2,0.4,-0.91,0.0,9.399999999999968,-0.5,0.4,-1.0,0.0,26.353999999999886,1.0,0.4,-0.91,0.0
7.213999999999976,-3.4859999999999927,0.4,0.02,-0.98,18.262999999999884,2.2,0.4,-0.91,0.0,20.262999999999884,-1.2,0.4,-0.91,0.0,9.299999999999969,-0.5,0.4,-1.0,0.0,26.262999999999884,1.0,0.4,-0.91,0.0
7.215999999999976,-3.5839999999999925,0.4,0.02,-0.98,18.171999999999883,2.2,0.4,-0.91,0.0,20.171999999999883,-1.2,0.4,-0.91,0.0,9.199999999999969,-0.5,0.4,-1.0,0.0,26.171999999999883,1.0,0.4,-0.91,0.0
7.217999999999976,-3.6819999999999924,0.4,0.02,-0.98,18.080999999999882,2.2,0.4,-0.91,0.0,20.080999999999882,-1.2,0.4,-0.91,0.0,9.09999999999997,-0.5,0.4,-1.0,0.0,26.080999999999882,1.0,0.4,-0.91,0.0
7.219999999999976,-3.7799999999999923,0.4,0.02,-0.98,17.98999999999988,2.2,0.4,-0.91,0.0,19.98999999999988,-1.2,0.4,-0.91,0.0,8.99999999999997,-0.5,0.4,-1.0,0.0,25.98999999999988,1.0,0.4,-0.91,0.0
7.2219999999999756,-3.877999999999992,0.4,0.02,-0.98,17.89899999999988,2.2,0.4,-0.91,0.0,19.89899999999988,-1.2,0.4,-0.91,0.0,8.89999999999997,-0.5,0.4,-1.0,0.0,25.89899999999988,1.0,0.4,-0.91,0.0
7.223999999999975,-3.975999999999992,0.4,0.02,-0.98,17.80799999999988,2.2,0.4,-0.91,0.0,19.80799999999988,-1.2,0.4,-0.91,0.0,8.79999999999997,-0.5,0.4,-1.0,0.0,25.80799999999988,1.0,0.4,-0.91,0.0
7.225999999999975,-4.073999999999992,0.4,0.02,-0.98,17.716999999999878,2.2,0.4,-0.91,0.0,19.716999999999878,-1.2,0.4,-0.91,0.0,8.69999999999997,-0.5,0.4,-1.0,0.0,25.716999999999878,1.0,0.4,-0.91,0.0
7.227999999999975,-4.171999999999992,0.4,0.02,-0.98,17.625999999999877,2.2,0.4,-0.91,0.0,19.625999999999877,-1.2,0.4,-0.91,0.0,8.599999999999971,-0.5,0.4,-1.0,0.0,25.625999999999877,1.0,0.4,-0.91,0.0
7.229999999999975,-4.269999999999992,0.4,0.02,-0.98,17.534999999999876,2.2,0.4,-0.91,0.0,19.534999999999876,-1.2,0.4,-0.91,0.0,8.499999999999972,-0.5,0.4,-1.0,0.0,25.534999999999876,1.0,0.4,-0.91,0.0
7.2319999999999744,-4.3679999999999914,0.4,0.02,-0.98,17.443999999999875,2.2,0.4,-0.91,0.0,19.443999999999875,-1.2,0.4,-0.91,0.0,8.399999999999972,-0.5,0.4,-1.0,0.0,25.443999999999875,1.0,0.4,-0.91,0.0
7.233999999999974,-4.465999999999991,0.4,0.02,-0.98,17.352999999999874,2.2,0.4,-0.91,0.0,19.352999999999874,-1.2,0.4,-0.91,0.0,8.299999999999972,-0.5,0.4,-1.0,0.0,25.352999999999874,1.0,0.4,-0.91,0.0
7.235999999999974,-4.563999999999991,0.4,0.02,-0.98,17.261999999999873,2.2,0.4,-0.91,0.0,19.261999999999873,-1.2,0.4,-0.91,0.0,8.199999999999973,-0.5,0.4,-1.0,0.0,25.261999999999873,1.0,0.4,-0.91,0.0
7.237999999999974,-4.661999999999991,0.4,0.02,-0.98,17.17099999999987,2.2,0.4,-0.91,0.0,19.17099999999987,-1.2,0.4,-0.91,0.0,8.099999999999973,-0.5,0.4,-1.0,0.0,25.17099999999987,1.0,0.4,-0.91,0.0
7.239999999999974,-4.759999999999991,0.4,0.02,-0.98,17.07999999999987,2.2,0.4,-0.91,0.0,19.07999999999987,-1.2,0.4,-0.91,0.0,7.999999999999973,-0.5,0.4,-1.0,0.0,25.07999999999987,1.0,0.4,-0.91,0.0
7.241999999999973,-4.857999999999991,0.4,0.02,-0.98,16.98899999999987,2.2,0.4,-0.91,0.0,18.98899999999987,-1.2,0.4,-0.91,0.0,7.899999999999974,-0.5,0.4,-1.0,0.0,24.98899999999987,1.0,0.4,-0.91,0.0
7.243999999999973,-4.955999999999991,0.4,0.02,-0.98,16.89799999999987,2.2,0.4,-0.91,0.0,18.89799999999987,-1.2,0.4,-0.91,0.0,7.799999999999974,-0.5,0.4,-1.0,0.0,24.89799999999987,1.0,0.4,-0.91,0.0
7.245999999999973,-5.0539999999999905,0.4,0.02,-0.98,16.806999999999867,2.2,0.4,-0.91,0.0,18.806999999999867,-1.2,0.4,-0.91,0.0,7.699999999999974,-0.5,0.4,-1.0,0.0,24.806999999999867,1.0,0.4,-0.91,0.0
7.247999999999973,-5.15199999999999,0.4,0.02,-0.98,16.715999999999866,2.2,0.4,-0.91,0.0,18.715999999999866,-1.2,0.4,-0.91,0.0,7.599999999999975,-0.5,0.4,-1.0,0.0,24.715999999999866,1.0,0.4,-0.91,0.0
7.2499999999999725,-5.24999999999999,0.4,0.02,-0.98,16.624999999999865,2.2,0.4,-0.91,0.0,18.624999999999865,-1.2,0.4,-0.91,0.0,7.499999999999975,-0.5,0.4,-1.0,0.0,24.624999999999865,1.0,0.4,-0.91,0.0
7.251999999999972,-5.34799999999999,0.4,0.02,-0.98,16.533999999999864,2.2,0.4,-0.91,0.0,18.533999999999864,-1.2,0.4,-0.91,0.0,7.3999999999999755,-0.5,0.4,-1.0,0.0,24.533999999999864,1.0,0.4,-0.91,0.0
7.253999999999972,-5.44599999999999,0.4,0.02,-0.98,16.442999999999863,2.2,0.4,-0.91,0.0,18.442999999999863,-1.2,0.4,-0.91,0.0,7.299999999999976,-0.5,0.4,-1.0,0.0,24.442999999999863,1.0,0.4,-0.91,0.0
7.255999999999972,-5.54399999999999,0.4,0.02,-0.98,16.35199999999986,2.2,0.4,-0.91,0.0,18.35199999999986,-1.2,0.4,-0.91,0.0,7.199999999999976,-0.5,0.4,-1.0,0.0,24.35199999999986,1.0,0.4,-0.91,0.0
7.257999999999972,-5.64199999999999,0.4,0.02,-0.98,16.26099999999986,2.2,0.4,-0.91,0.0,18.26099999999986,-1.2,0.4,-0.91,0.0,7.0999999999999766,-0.5,0.4,-1.0,0.0,24.26099999999986,1.0,0.4,-0.91,0.0
7.259999999999971,-5.7399999999999896,0.4,0.02,-0.98,16.16999999999986,2.2,0.4,-0.91,0.0,18.16999999999986,-1.2,0.4,-0.91,0.0,6.999999999999977,-0.5,0.4,-1.0,0.0,24.16999999999986,1.0,0.4,-0.91,0.0
7.261999999999971,-5.837999999999989,0.4,0.02,-0.98,16.07899999999986,2.2,0.4,-0.91,0.0,18.07899999999986,-1.2,0.4,-0.91,0.0,6.899999999999977,-0.5,0.4,-1.0,0.0,24.07899999999986,1.0,0.4,-0.91,0.0
7.263999999999971,-5.935999999999989,0.4,0.02,-0.98,15.98799999999986,2.2,0.4,-0.91,0.0,17.987999999999857,-1.2,0.4,-0.91,0.0,6.799999999999978,-0.5,0.4,-1.0,0.0,23.987999999999857,1.0,0.4,-0.91,0.0
7.265999999999971,-6.033999999999989,0.4,0.02,-0.98,15.89699999999986,2.2,0.4,-0.91,0.0,17.896999999999856,-1.2,0.4,-0.91,0.0,6.699999999999978,-0.5,0.4,-1.0,0.0,23.896999999999856,1.0,0.4,-0.91,0.0
7.2679999999999705,-6.131999999999989,0.4,0.02,-0.98,15.80599999999986,2.2,0.4,-0.91,0.0,17.805999999999855,-1.2,0.4,-0.91,0.0,6.599999999999978,-0.5,0.4,-1.0,0.0,23.805999999999855,1.0,0.4,-0.91,0.0
7.26999999999997,-6.229999999999989,0.4,0.02,-0.98,15.714999999999861,2.2,0.4,-0.91,0.0,17.714999999999854,-1.2,0.4,-0.91,0.0,6.499999999999979,-0.5,0.4,-1.0,0.0,23.714999999999854,1.0,0.4,-0.91,0.0
7.27199999999997,-6.327999999999989,0.4,0.02,-0.98,15.623999999999862,2.2,0.4,-0.91,0.0,17.623999999999853,-1.2,0.4,-0.91,0.0,6.399999999999979,-0.5,0.4,-1.0,0.0,23.623999999999853,1.0,0.4,-0.91,0.0
7.27399999999997,-6.425999999999989,0.4,0.02,-0.98,15.532999999999863,2.2,0.4,-0.91,0.0,17.532999999999852,-1.2,0.4,-0.91,0.0,6.299999999999979,-0.5,0.4,-1.0,0.0,23.532999999999852,1.0,0.4,-0.91,0.0
7.27599999999997,-6.5239999999999885,0.4,0.02,-0.98,15.441999999999863,2.2,0.4,-0.91,0.0,17.44199999999985,-1.2,0.4,-0.91,0.0,6.19999999999998,-0.5,0.4,-1.0,0.0,23.44199999999985,1.0,0.4,-0.91,0.0
7.277999999999969,-6.621999999999988,0.4,0.02,-0.98,15.350999999999864,2.2,0.4,-0.91,0.0,17.35099999999985,-1.2,0.4,-0.91,0.0,6.09999999999998,-0.5,0.4,-1.0,0.0,23.35099999999985,1.0,0.4,-0.91,0.0
7.279999999999969,-6.719999999999988,0.4,0.02,-0.98,15.259999999999865,2.2,0.4,-0.91,0.0,17.25999999999985,-1.2,0.4,-0.91,0.0,5.9999999999999805,-0.5,0.4,-1.0,0.0,23.25999999999985,1.0,0.4,-0.91,0.0
7.281999999999969,-6.817999999999988,0.4,0.02,-0.98,15.168999999999865,2.2,0.4,-0.91,0.0,17.168999999999848,-1.2,0.4,-0.91,0.0,5.899999999999981,-0.5,0.4,-1.0,0.0,23.168999999999848,1.0,0.4,-0.91,0.0
7.283999999999969,-6.915999999999988,0.4,0.02,-0.98,15.077999999999866,2.2,0.4,-0.91,0.0,17.077999999999847,-1.2,0.4,-0.91,0.0,5.799999999999981,-0.5,0.4,-1.0,0.0,23.077999999999847,1.0,0.4,-0.91,0.0
7.2859999999999685,-7.013999999999988,0.4,0.02,-0.98,14.986999999999867,2.2,0.4,-0.91,0.0,16.986999999999846,-1.2,0.4,-0.91,0.0,5.6999999999999815,-0.5,0.4,-1.0,0.0,22.986999999999846,1.0,0.4,-0.91,0.0
7.287999999999968,-7.111999999999988,0.4,0.02,-0.98,14.895999999999868,2.2,0.4,-0.91,0.0,16.895999999999844,-1.2,0.4,-0.91,0.0,5.599999999999982,-0.5,0.4,-1.0,0.0,22.895999999999844,1.0,0.4,-0.91,0.0
7.289999999999968,-7.2099999999999875,0.4,0.02,-0.98,14.804999999999868,2.2,0.4,-0.91,0.0,16.804999999999843,-1.2,0.4,-0.91,0.0,5.499999999999982,-0.5,0.4,-1.0,0.0,22.804999999999843,1.0,0.4,-0.91,0.0
7.291999999999968,-7.307999999999987,0.4,0.02,-0.98,14.713999999999869,2.2,0.4,-0.91,0.0,16.713999999999842,-1.2,0.4,-0.91,0.0,5.399999999999983,-0.5,0.4,-1.0,0.0,22.713999999999842,1.0,0.4,-0.91,0.0
7.293999999999968,-7.405999999999987,0.4,0.02,-0.98,14.62299999999987,2.2,0.4,-0.91,0.0,16.62299999999984,-1.2,0.4,-0.91,0.0,5.299999999999983,-0.5,0.4,-1.0,0.0,22.62299999999984,1.0,0.4,-0.91,0.0
7.295999999999967,-7.503999999999987,0.4,0.02,-0.98,14.53199999999987,2.2,0.4,-0.91,0.0,16.53199999999984,-1.2,0.4,-0.91,0.0,5.199999999999983,-0.5,0.4,-1.0,0.0,22.53199999999984,1.0,0.4,-0.91,0.0
7.297999999999967,-7.601999999999987,0.4,0.02,-0.98,14.440999999999871,2.2,0.4,-0.91,0.0,16.44099999999984,-1.2,0.4,-0.91,0.0,5.099999999999984,-0.5,0.4,-1.0,0.0,22.44099999999984,1.0,0.4,-0.91,0.0
7.299999999999967,-7.699999999999987,0.4,0.02,-0.98,14.349999999999872,2.2,0.4,-0.91,0.0,16.349999999999838,-1.2,0.4,-0.91,0.0,4.999999999999984,-0.5,0.4,-1.0,0.0,22.349999999999838,1.0,0.4,-0.91,0.0
7.301999999999967,-7.797999999999987,0.4,0.02,-0.98,14.258999999999872,2.2,0.4,-0.91,0.0,16.258999999999837,-1.2,0.4,-0.91,0.0,4.899999999999984,-0.5,0.4,-1.0,0.0,22.258999999999837,1.0,0.4,-0.91,0.0
7.3039999999999665,-7.895999999999987,0.4,0.02,-0.98,14.167999999999873,2.2,0.4,-0.91,0.0,16.167999999999836,-1.2,0.4,-0.91,0.0,4.799999999999985,-0.5,0.4,-1.0,0.0,22.167999999999836,1.0,0.4,-0.91,0.0
7.305999999999966,-7.9939999999999864,0.4,0.02,-0.98,14.076999999999874,2.2,0.4,-0.91,0.0,16.076999999999835,-1.2,0.4,-0.91,0.0,4.699999999999985,-0.5,0.4,-1.0,0.0,22.076999999999835,1.0,0.4,-0.91,0.0
7.307999999999966,-8.091999999999986,0.4,0.02,-0.98,13.985999999999875,2.2,0.4,-0.91,0.0,15.985999999999835,-1.2,0.4,-0.91,0.0,4.599999999999985,-0.5,0.4,-1.0,0.0,21.985999999999834,1.0,0.4,-0.91,0.0
7.309999999999966,-8.189999999999987,0.4,0.02,-0.98,13.894999999999875,2.2,0.4,-0.91,0.0,15.894999999999836,-1.2,0.4,-0.91,0.0,4.499999999999986,-0.5,0.4,-1.0,0.0,21.894999999999833,1.0,0.4,-0.91,0.0
7.311999999999966,-8.287999999999988,0.4,0.02,-0.98,13.803999999999876,2.2,0.4,-0.91,0.0,15.803999999999837,-1.2,0.4,-0.91,0.0,4.399999999999986,-0.5,0.4,-1.0,0.0,21.80399999999983,1.0,0.4,-0.91,0.0
7.313999999999965,-8.385999999999989,0.4,0.02,-0.98,13.712999999999877,2.2,0.4,-0.91,0.0,15.712999999999838,-1.2,0.4,-0.91,0.0,4.2999999999999865,-0.5,0.4,-1.0,0.0,21.71299999999983,1.0,0.4,-0.91,0.0
7.315999999999965,-8.48399999999999,0.4,0.02,-0.98,13.621999999999877,2.2,0.4,-0.91,0.0,15.621999999999838,-1.2,0.4,-0.91,0.0,4.199999999999987,-0.5,0.4,-1.0,0.0,21.62199999999983,1.0,0.4,-0.91,0.0
7.317999999999965,-8.58199999999999,0.4,0.02,-0.98,13.530999999999878,2.2,0.4,-0.91,0.0,15.530999999999839,-1.2,0.4,-0.91,0.0,4.099999999999987,-0.5,0.4,-1.0,0.0,21.53099999999983,1.0,0.4,-0.91,0.0
7.319999999999965,-8.67999999999999,0.4,0.02,-0.98,13.439999999999879,2.2,0.4,-0.91,0.0,15.43999999999984,-1.2,0.4,-0.91,0.0,3.999999999999987,-0.5,0.4,-1.0,0.0,21.439999999999827,1.0,0.4,-0.91,0.0
7.3219999999999645,-8.777999999999992,0.4,0.02,-0.98,13.34899999999988,2.2,0.4,-0.91,0.0,15.34899999999984,-1.2,0.4,-0.91,0.0,3.899999999999987,-0.5,0.4,-1.0,0.0,21.348999999999826,1.0,0.4,-0.91,0.0
7.323999999999964,-8.875999999999992,0.4,0.02,-0.98,13.25799999999988,2.2,0.4,-0.91,0.0,15.257999999999841,-1.2,0.4,-0.91,0.0,3.799999999999987,-0.5,0.4,-1.0,0.0,21.257999999999825,1.0,0.4,-0.91,0.0
7.325999999999964,-8.973999999999993,0.4,0.02,-0.98,13.16699999999988,2.2,0.4,-0.91,0.0,15.166999999999842,-1.2,0.4,-0.91,0.0,3.699999999999987,-0.5,0.4,-1.0,0.0,21.166999999999824,1.0,0.4,-0.91,0.0
7.327999999999964,-9.071999999999994,0.4,0.02,-0.98,13.075999999999881,2.2,0.4,-0.91,0.0,15.075999999999842,-1.2,0.4,-0.91,0.0,3.5999999999999868,-0.5,0.4,-1.0,0.0,21.075999999999823,1.0,0.4,-0.91,0.0
7.329999999999964,-9.169999999999995,0.4,0.02,-0.98,12.984999999999882,2.2,0.4,-0.91,0.0,14.984999999999843,-1.2,0.4,-0.91,0.0,3.4999999999999867,-0.5,0.4,-1.0,0.0,20.984999999999822,1.0,0.4,-0.91,0.0
7.331999999999963,-9.267999999999995,0.4,0.02,-0.98,12.893999999999883,2.2,0.4,-0.91,0.0,14.893999999999844,-1.2,0.4,-0.91,0.0,3.3999999999999866,-0.5,0.4,-1.0,0.0,20.89399999999982,1.0,0.4,-0.91,0.0
7.333999999999963,-9.365999999999996,0.4,0.02,-0.98,12.802999999999884,2.2,0.4,-0.91,0.0,14.802999999999845,-1.2,0.4,-0.91,0.0,3.2999999999999865,-0.5,0.4,-1.0,0.0,20.80299999999982,1.0,0.4,-0.91,0.0
7.335999999999963,-9.463999999999997,0.4,0.02,-0.98,12.711999999999884,2.2,0.4,-0.91,0.0,14.711999999999845,-1.2,0.4,-0.91,0.0,3.1999999999999864,-0.5,0.4,-1.0,0.0,20.71199999999982,1.0,0.4,-0.91,0.0
7.337999999999963,-9.561999999999998,0.4,0.02,-0.98,12.620999999999885,2.2,0.4,-0.91,0.0,14.620999999999846,-1.2,0.4,-0.91,0.0,3.0999999999999863,-0.5,0.4,-1.0,0.0,20.620999999999817,1.0,0.4,-0.91,0.0
7.3399999999999626,-9.659999999999998,0.4,0.02,-0.98,12.529999999999886,2.2,0.4,-0.91,0.0,14.529999999999847,-1.2,0.4,-0.91,0.0,2.9999999999999862,-0.5,0.4,-1.0,0.0,20.529999999999816,1.0,0.4,-0.91,0.0
7.341999999999962,-9.758,0.4,0.02,-0.98,12.438999999999886,2.2,0.4,-0.91,0.0,14.438999999999847,-1.2,0.4,-0.91,0.0,2.899999999999986,-0.5,0.4,-1.0,0.0,20.438999999999815,1.0,0.4,-0.91,0.0
7.343999999999962,-9.856,0.4,0.02,-0.98,12.347999999999887,2.2,0.4,-0.91,0.0,14.347999999999848,-1.2,0.4,-0.91,0.0,2.799999999999986,-0.5,0.4,-1.0,0.0,20.347999999999814,1.0,0.4,-0.91,0.0
7.345999999999962,-9.954,0.4,0.02,-0.98,12.256999999999888,2.2,0.4,-0.91,0.0,14.256999999999849,-1.2,0.4,-0.91,0.0,2.699999999999986,-0.5,0.4,-1.0,0.0,20.256999999999813,1.0,0.4,-0.91,0.0
7.347999999999962,-10.052000000000001,0.4,0.02,-0.98,12.165999999999888,2.2,0.4,-0.91,0.0,14.16599999999985,-1.2,0.4,-0.91,0.0,2.599999999999986,-0.5,0.4,-1.0,0.0,20.165999999999812,1.0,0.4,-0.91,0.0
7.3499999999999615,-10.150000000000002,0.4,0.02,-0.98,12.07499999999989,2.2,0.4,-0.91,0.0,14.07499999999985,-1.2,0.4,-0.91,0.0,2.499999999999986,-0.5,0.4,-1.0,0.0,20.07499999999981,1.0,0.4,-0.91,0.0
7.351999999999961,-10.248000000000003,0.4,0.02,-0.98,11.98399999999989,2.2,0.4,-0.91,0.0,13.98399999999985,-1.2,0.4,-0.91,0.0,2.3999999999999857,-0.5,0.4,-1.0,0.0,19.98399999999981,1.0,0.4,-0.91,0.0
7.353999999999961,-10.346000000000004,0.4,0.02,-0.98,11.89299999999989,2.2,0.4,-0.91,0.0,13.892999999999851,-1.2,0.4,-0.91,0.0,2.2999999999999856,-0.5,0.4,-1.0,0.0,19.89299999999981,1.0,0.4,-0.91,0.0
7.355999999999961,-10.444000000000004,0.4,0.02,-0.98,11.801999999999891,2.2,0.4,-0.91,0.0,13.801999999999852,-1.2,0.4,-0.91,0.0,2.1999999999999855,-0.5,0.4,-1.0,0.0,19.801999999999808,1.0,0.4,-0.91,0.0
7.357999999999961,-10.542000000000005,0.4,0.02,-0.98,11.710999999999892,2.2,0.4,-0.91,0.0,13.710999999999853,-1.2,0.4,-0.91,0.0,2.0999999999999854,-0.5,0.4,-1.0,0.0,19.710999999999807,1.0,0.4,-0.91,0.0
7.35999999999996,-10.640000000000006,0.4,0.02,-0.98,11.619999999999893,2.2,0.4,-0.91,0.0,13.619999999999854,-1.2,0.4,-0.91,0.0,1.9999999999999853,-0.5,0.4,-1.0,0.0,19.619999999999806,1.0,0.4,-0.91,0.0
7.36199999999996,-10.738000000000007,0.4,0.02,-0.98,11.528999999999893,2.2,0.4,-0.91,0.0,13.528999999999854,-1.2,0.4,-0.91,0.0,1.8999999999999853,-0.5,0.4,-1.0,0.0,19.528999999999805,1.0,0.4,-0.91,0.0
7.36399999999996,-10.836000000000007,0.4,0.02,-0.98,11.437999999999894,2.2,0.4,-0.91,0.0,13.437999999999855,-1.2,0.4,-0.91,0.0,1.7999999999999852,-0.5,0.4,-1.0,0.0,19.437999999999803,1.0,0.4,-0.91,0.0
7.36599999999996,-10.934000000000008,0.4,0.02,-0.98,11.346999999999895,2.2,0.4,-0.91,0.0,13.346999999999856,-1.2,0.4,-0.91,0.0,1.699999999999985,-0.5,0.4,-1.0,0.0,19.346999999999802,1.0,0.4,-0.91,0.0
7.3679999999999595,-11.032000000000009,0.4,0.02,-0.98,11.255999999999895,2.2,0.4,-0.91,0.0,13.255999999999856,-1.2,0.4,-0.91,0.0,1.599999999999985,-0.5,0.4,-1.0,0.0,19.2559999999998,1.0,0.4,-0.91,0.0
7.369999999999959,-11.13000000000001,0.4,0.02,-0.98,11.164999999999896,2.2,0.4,-0.91,0.0,13.164999999999857,-1.2,0.4,-0.91,0.0,1.499999999999985,-0.5,0.4,-1.0,0.0,19.1649999999998,1.0,0.4,-0.91,0.0
7.371999999999959,-11.22800000000001,0.4,0.02,-0.98,11.073999999999897,2.2,0.4,-0.91,0.0,13.073999999999858,-1.2,0.4,-0.91,0.0,1.3999999999999848,-0.5,0.4,-1.0,0.0,19.0739999999998,1.0,0.4,-0.91,0.0
7.373999999999959,-11.326000000000011,0.4,0.02,-0.98,10.982999999999898,2.2,0.4,-0.91,0.0,12.982999999999858,-1.2,0.4,-0.91,0.0,1.2999999999999847,-0.5,0.4,-1.0,0.0,18.982999999999798,1.0,0.4,-0.91,0.0
7.375999999999959,-11.424000000000012,0.4,0.02,-0.98,10.891999999999898,2.2,0.4,-0.91,0.0,12.89199999999986,-1.2,0.4,-0.91,0.0,1.1999999999999846,-0.5,0.4,-1.0,0.0,18.891999999999797,1.0,0.4,-0.91,0.0
7.377999999999958,-11.522000000000013,0.4,0.02,-0.98,10.800999999999899,2.2,0.4,-0.91,0.0,12.80099999999986,-1.2,0.4,-0.91,0.0,1.0999999999999845,-0.5,0.4,-1.0,0.0,18.800999999999796,1.0,0.4,-0.91,0.0
7.379999999999958,-11.620000000000013,0.4,0.02,-0.98,10.7099999999999,2.2,0.4,-0.91,0.0,12.70999999999986,-1.2,0.4,-0.91,0.0,0.9999999999999846,-0.5,0.4,-1.0,0.0,18.709999999999795,1.0,0.4,-0.91,0.0
7.381999999999958,-11.718000000000014,0.4,0.02,-0.98,10.6189999999999,2.2,0.4,-0.91,0.0,12.618999999999861,-1.2,0.4,-0.91,0.0,0.8999999999999846,-0.5,0.4,-1.0,0.0,18.618999999999794,1.0,0.4,-0.91,0.0
7.383999999999958,-11.816000000000015,0.4,0.02,-0.98,10.527999999999901,2.2,0.4,-0.91,0.0,12.527999999999862,-1.2,0.4,-0.91,0.0,0.7999999999999846,-0.5,0.4,-1.0,0.0,18.527999999999793,1.0,0.4,-0.91,0.0
7.3859999999999575,-11.914000000000016,0.4,0.02,-0.98,10.436999999999902,2.2,0.4,-0.91,0.0,12.436999999999863,-1.2,0.4,-0.91,0.0,0.6999999999999846,-0.5,0.4,-1.0,0.0,18.43699999999979,1.0,0.4,-0.91,0.0
7.387999999999957,-12.012000000000016,0.4,0.02,-0.98,10.345999999999902,2.2,0.4,-0.91,0.0,12.345999999999863,-1.2,0.4,-0.91,0.0,0.5999999999999847,-0.5,0.4,-1.0,0.0,18.34599999999979,1.0,0.4,-0.91,0.0
7.389999999999957,-12.110000000000017,0.4,0.02,-0.98,10.254999999999903,2.2,0.4,-0.91,0.0,12.254999999999864,-1.2,0.4,-0.91,0.0,0.4999999999999847,-0.5,0.4,-1.0,0.0,18.25499999999979,1.0,0.4,-0.91,0.0
7.391999999999957,-12.208000000000018,0.4,0.02,-0.98,10.163999999999904,2.2,0.4,-0.91,0.0,12.163999999999865,-1.2,0.4,-0.91,0.0,0.3999999999999847,-0.5,0.4,-1.0,0.0,18.16399999999979,1.0,0.4,-0.91,0.0
7.393999999999957,-12.306000000000019,0.4,0.02,-0.98,10.072999999999904,2.2,0.4,-0.91,0.0,12.072999999999865,-1.2,0.4,-0.91,0.0,0.2999999999999847,-0.5,0.4,-1.0,0.0,18.072999999999787,1.0,0.4,-0.91,0.0
7.395999999999956,-12.40400000000002,0.4,0.02,-0.98,9.981999999999905,2.2,0.4,-0.91,0.0,11.981999999999866,-1.2,0.4,-0.91,0.0,0.19999999999998472,-0.5,0.4,-1.0,0.0,17.981999999999786,1.0,0.4,-0.91,0.0
7.397999999999956,-12.50200000000002,0.4,0.02,-0.98,9.890999999999906,2.2,0.4,-0.91,0.0,11.890999999999867,-1.2,0.4,-0.91,0.0,0.09999999999998471,-0.5,0.4,-1.0,0.0,17.890999999999785,1.0,0.4,-0.91,0.0
7.399999999999956,-12.600000000000021,0.4,0.02,-0.98,9.799999999999907,2.2,0.4,-0.91,0.0,11.799999999999867,-1.2,0.4,-0.91,0.0,-1.529332216421153e-14,-0.5,0.4,-1.0,0.0,17.799999999999784,1.0,0.4,-0.91,0.0
7.401999999999956,-12.698000000000022,0.4,0.02,-0.98,9.708999999999907,2.2,0.4,-0.91,0.0,11.708999999999868,-1.2,0.4,-0.91,0.0,-0.1000000000000153,-0.5,0.4,-1.0,0.0,17.708999999999783,1.0,0.4,-0.91,0.0
7.4039999999999555,-12.796000000000022,0.4,0.02,-0.98,9.617999999999908,2.2,0.4,-0.91,0.0,11.617999999999869,-1.2,0.4,-0.91,0.0,-0.2000000000000153,-0.5,0.4,-1.0,0.0,17.617999999999782,1.0,0.4,-0.91,0.0
7.405999999999955,-12.894000000000023,0.4,0.02,-0.98,9.526999999999909,2.2,0.4,-0.91,0.0,11.52699999999987,-1.2,0.4,-0.91,0.0,-0.3000000000000153,-0.5,0.4,-1.0,0.0,17.52699999999978,1.0,0.4,-0.91,0.0
7.407999999999955,-12.992000000000024,0.4,0.02,-0.98,9.43599999999991,2.2,0.4,-0.91,0.0,11.43599999999987,-1.2,0.4,-0.91,0.0,-0.40000000000001534,-0.5,0.4,-1.0,0.0,17.43599999999978,1.0,0.4,-0.91,0.0
7.409999999999955,-13.090000000000025,0.4,0.02,-0.98,9.34499999999991,2.2,0.4,-0.91,0.0,11.344999999999871,-1.2,0.4,-0.91,0.0,-0.5000000000000153,-0.5,0.4,-1.0,0.0,17.34499999999978,1.0,0.4,-0.91,0.0
7.411999999999955,-13.188000000000025,0.4,0.02,-0.98,9.25399999999991,2.2,0.4,-0.91,0.0,11.253999999999872,-1.2,0.4,-0.91,0.0,-0.6000000000000153,-0.5,0.4,-1.0,0.0,17.253999999999778,1.0,0.4,-0.91,0.0
7.413999999999954,-13.286000000000026,0.4,0.02,-0.98,9.162999999999911,2.2,0.4,-0.91,0.0,11.162999999999872,-1.2,0.4,-0.91,0.0,-0.7000000000000153,-0.5,0.4,-1.0,0.0,17.162999999999776,1.0,0.4,-0.91,0.0
7.415999999999954,-13.384000000000027,0.4,0.02,-0.98,9.071999999999912,2.2,0.4,-0.91,0.0,11.071999999999873,-1.2,0.4,-0.91,0.0,-0.8000000000000153,-0.5,0.4,-1.0,0.0,17.071999999999775,1.0,0.4,-0.91,0.0
7.417999999999954,-13.482000000000028,0.4,0.02,-0.98,8.980999999999913,2.2,0.4,-0.91,0.0,10.980999999999874,-1.2,0.4,-0.91,0.0,-0.9000000000000152,-0.5,0.4,-1.0,0.0,16.980999999999774,1.0,0.4,-0.91,0.0
7.419999999999954,-13.580000000000028,0.4,0.02,-0.98,8.889999999999914,2.2,0.4,-0.91,0.0,10.889999999999874,-1.2,0.4,-0.91,0.0,-1.0000000000000153,-0.5,0.4,-1.0,0.0,16.889999999999773,1.0,0.4,-0.91,0.0
7.4219999999999535,-13.67800000000003,0.4,0.02,-0.98,8.798999999999914,2.2,0.4,-0.91,0.0,10.798999999999875,-1.2,0.4,-0.91,0.0,-1.1000000000000154,-0.5,0.4,-1.0,0.0,16.798999999999772,1.0,0.4,-0.91,0.0
7.423999999999953,-13.77600000000003,0.4,0.02,-0.98,8.707999999999915,2.2,0.4,-0.91,0.0,10.707999999999876,-1.2,0.4,-0.91,0.0,-1.2000000000000155,-0.5,0.4,-1.0,0.0,16.70799999999977,1.0,0.4,-0.91,0.0
7.425999999999953,-13.87400000000003,0.4,0.02,-0.98,8.616999999999916,2.2,0.4,-0.91,0.0,10.616999999999877,-1.2,0.4,-0.91,0.0,-1.3000000000000156,-0.5,0.4,-1.0,0.0,16.61699999999977,1.0,0.4,-0.91,0.0
7.427999999999953,-13.972000000000032,0.4,0.02,-0.98,8.525999999999916,2.2,0.4,-0.91,0.0,10.525999999999877,-1.2,0.4,-0.91,0.0,-1.4000000000000157,-0.5,0.4,-1.0,0.0,16.52599999999977,1.0,0.4,-0.91,0.0
7.429999999999953,-14.070000000000032,0.4,0.02,-0.98,8.434999999999917,2.2,0.4,-0.91,0.0,10.434999999999878,-1.2,0.4,-0.91,0.0,-1.5000000000000158,-0.5,0.4,-1.0,0.0,16.434999999999768,1.0,0.4,-0.91,0.0
7.431999999999952,-14.168000000000033,0.4,0.02,-0.98,8.343999999999918,2.2,0.4,-0.91,0.0,10.343999999999879,-1.2,0.4,-0.91,0.0,-1.6000000000000159,-0.5,0.4,-1.0,0.0,16.343999999999767,1.0,0.4,-0.91,0.0
7.433999999999952,-14.266000000000034,0.4,0.02,-0.98,8.252999999999918,2.2,0.4,-0.91,0.0,10.25299999999988,-1.2,0.4,-0.91,0.0,-1.700000000000016,-0.5,0.4,-1.0,0.0,16.252999999999766,1.0,0.4,-0.91,0.0
7.435999999999952,-14.364000000000035,0.4,0.02,-0.98,8.161999999999919,2.2,0.4,-0.91,0.0,10.16199999999988,-1.2,0.4,-0.91,0.0,-1.800000000000016,-0.5,0.4,-1.0,0.0,16.161999999999765,1.0,0.4,-0.91,0.0
7.437999999999952,-14.462000000000035,0.4,0.02,-0.98,8.07099999999992,2.2,0.4,-0.91,0.0,10.07099999999988,-1.2,0.4,-0.91,0.0,-1.9000000000000161,-0.5,0.4,-1.0,0.0,16.070999999999763,1.0,0.4,-0.91,0.0
7.4399999999999515,-14.560000000000036,0.4,0.02,-0.98,7.97999999999992,2.2,0.4,-0.91,0.0,9.979999999999881,-1.2,0.4,-0.91,0.0,-2.000000000000016,-0.5,0.4,-1.0,0.0,15.979999999999764,1.0,0.4,-0.91,0.0
7.441999999999951,-14.658000000000037,0.4,0.02,-0.98,7.888999999999919,2.2,0.4,-0.91,0.0,9.888999999999882,-1.2,0.4,-0.91,0.0,-2.100000000000016,-0.5,0.4,-1.0,0.0,15.888999999999765,1.0,0.4,-0.91,0.0
7.443999999999951,-14.756000000000038,0.4,0.02,-0.98,7.797999999999919,2.2,0.4,-0.91,0.0,9.797999999999883,-1.2,0.4,-0.91,0.0,-2.200000000000016,-0.5,0.4,-1.0,0.0,15.797999999999766,1.0,0.4,-0.91,0.0
7.445999999999951,-14.854000000000038,0.4,0.02,-0.98,7.706999999999919,2.2,0.4,-0.91,0.0,9.706999999999883,-1.2,0.4,-0.91,0.0,-2.3000000000000163,-0.5,0.4,-1.0,0.0,15.706999999999766,1.0,0.4,-0.91,0.0
7.447999999999951,-14.952000000000039,0.4,0.02,-0.98,7.615999999999919,2.2,0.4,-0.91,0.0,9.615999999999884,-1.2,0.4,-0.91,0.0,-2.4000000000000163,-0.5,0.4,-1.0,0.0,15.615999999999767,1.0,0.4,-0.91,0.0
7.44999999999995,-15.05000000000004,0.4,0.02,-0.98,7.524999999999919,2.2,0.4,-0.91,0.0,9.524999999999885,-1.2,0.4,-0.91,0.0,-2.5000000000000164,-0.5,0.4,-1.0,0.0,15.524999999999768,1.0,0.4,-0.91,0.0
7.45199999999995,-15.14800000000004,0.4,0.02,-0.98,7.4339999999999185,2.2,0.4,-0.91,0.0,9.433999999999886,-1.2,0.4,-0.91,0.0,-2.6000000000000165,-0.5,0.4,-1.0,0.0,15.433999999999768,1.0,0.4,-0.91,0.0
7.45399999999995,-15.246000000000041,0.4,0.02,-0.98,7.342999999999918,2.2,0.4,-0.91,0.0,9.342999999999886,-1.2,0.4,-0.91,0.0,-2.7000000000000166,-0.5,0.4,-1.0,0.0,15.342999999999769,1.0,0.4,-0.91,0.0
7.45599999999995,-15.344000000000042,0.4,0.02,-0.98,7.251999999999918,2.2,0.4,-0.91,0.0,9.251999999999887,-1.2,0.4,-0.91,0.0,-2.8000000000000167,-0.5,0.4,-1.0,0.0,15.25199999999977,1.0,0.4,-0.91,0.0
7.45799999999995,-15.442000000000043,0.4,0.02,-0.98,7.160999999999918,2.2,0.4,-0.91,0.0,9.160999999999888,-1.2,0.4,-0.91,0.0,-2.900000000000017,-0.5,0.4,-1.0,0.0,15.16099999999977,1.0,0.4,-0.91,0.0
7.459999999999949,-15.540000000000044,0.4,0.02,-0.98,7.069999999999918,2.2,0.4,-0.91,0.0,9.069999999999888,-1.2,0.4,-0.91,0.0,-3.000000000000017,-0.5,0.4,-1.0,0.0,15.069999999999771,1.0,0.4,-0.91,0.0
7.461999999999949,-15.638000000000044,0.4,0.02,-0.98,6.9789999999999175,2.2,0.4,-0.91,0.0,8.978999999999889,-1.2,0.4,-0.91,0.0,-3.100000000000017,-0.5,0.4,-1.0,0.0,14.978999999999772,1.0,0.4,-0.91,0.0
7.463999999999949,-15.736000000000045,0.4,0.02,-0.98,6.887999999999917,2.2,0.4,-0.91,0.0,8.88799999999989,-1.2,0.4,-0.91,0.0,-3.200000000000017,-0.5,0.4,-1.0,0.0,14.887999999999773,1.0,0.4,-0.91,0.0
7.465999999999949,-15.834000000000046,0.4,0.02,-0.98,6.796999999999917,2.2,0.4,-0.91,0.0,8.79699999999989,-1.2,0.4,-0.91,0.0,-3.300000000000017,-0.5,0.4,-1.0,0.0,14.796999999999773,1.0,0.4,-0.91,0.0
7.4679999999999485,-15.932000000000047,0.4,0.02,-0.98,6.705999999999917,2.2,0.4,-0.91,0.0,8.705999999999891,-1.2,0.4,-0.91,0.0,-3.4000000000000172,-0.5,0.4,-1.0,0.0,14.705999999999774,1.0,0.4,-0.91,0.0
7.469999999999948,-16.030000000000047,0.4,0.02,-0.98,6.614999999999917,2.2,0.4,-0.91,0.0,8.614999999999892,-1.2,0.4,-0.91,0.0,-3.5000000000000173,-0.5,0.4,-1.0,0.0,14.614999999999775,1.0,0.4,-0.91,0.0
7.471999999999948,-16.128000000000046,0.4,0.02,-0.98,6.5239999999999165,2.2,0.4,-0.91,0.0,8.523999999999893,-1.2,0.4,-0.91,0.0,-3.6000000000000174,-0.5,0.4,-1.0,0.0,14.523999999999775,1.0,0.4,-0.91,0.0
7.473999999999948,-16.226000000000045,0.4,0.02,-0.98,6.432999999999916,2.2,0.4,-0.91,0.0,8.432999999999893,-1.2,0.4,-0.91,0.0,-3.7000000000000175,-0.5,0.4,-1.0,0.0,14.432999999999776,1.0,0.4,-0.91,0.0
7.475999999999948,-16.324000000000044,0.4,0.02,-0.98,6.341999999999916,2.2,0.4,-0.91,0.0,8.341999999999894,-1.2,0.4,-0.91,0.0,-3.8000000000000176,-0.5,0.4,-1.0,0.0,14.341999999999777,1.0,0.4,-0.91,0.0
7.477999999999947,-16.422000000000043,0.4,0.02,-0.98,6.250999999999916,2.2,0.4,-0.91,0.0,8.250999999999895,-1.2,0.4,-0.91,0.0,-3.9000000000000177,-0.5,0.4,-1.0,0.0,14.250999999999777,1.0,0.4,-0.91,0.0
7.479999999999947,-16.520000000000042,0.4,0.02,-0.98,6.159999999999916,2.2,0.4,-0.91,0.0,8.159999999999895,-1.2,0.4,-0.91,0.0,-4.000000000000018,-0.5,0.4,-1.0,0.0,14.159999999999778,1.0,0.4,-0.91,0.0
7.481999999999947,-16.61800000000004,0.4,0.02,-0.98,6.068999999999916,2.2,0.4,-0.91,0.0,8.068999999999896,-1.2,0.4,-0.91,0.0,-4.100000000000017,-0.5,0.4,-1.0,0.0,14.068999999999779,1.0,0.4,-0.91,0.0
7.483999999999947,-16.71600000000004,0.4,0.02,-0.98,5.977999999999915,2.2,0.4,-0.91,0.0,7.977999999999896,-1.2,0.4,-0.91,0.0,-4.200000000000017,-0.5,0.4,-1.0,0.0,13.97799999999978,1.0,0.4,-0.91,0.0
7.4859999999999465,-16.81400000000004,0.4,0.02,-0.98,5.886999999999915,2.2,0.4,-0.91,0.0,7.886999999999896,-1.2,0.4,-0.91,0.0,-4.300000000000017,-0.5,0.4,-1.0,0.0,13.88699999999978,1.0,0.4,-0.91,0.0
7.487999999999946,-16.912000000000038,0.4,0.02,-0.98,5.795999999999915,2.2,0.4,-0.91,0.0,7.7959999999998955,-1.2,0.4,-0.91,0.0,-4.400000000000016,-0.5,0.4,-1.0,0.0,13.79599999999978,1.0,0.4,-0.91,0.0
7.489999999999946,-17.010000000000037,0.4,0.02,-0.98,5.704999999999915,2.2,0.4,-0.91,0.0,7.704999999999895,-1.2,0.4,-0.91,0.0,-4.500000000000016,-0.5,0.4,-1.0,0.0,13.704999999999782,1.0,0.4,-0.91,0.0
7.491999999999946,-17.108000000000036,0.4,0.02,-0.98,5.613999999999915,2.2,0.4,-0.91,0.0,7.613999999999895,-1.2,0.4,-0.91,0.0,-4.600000000000016,-0.5,0.4,-1.0,0.0,13.613999999999782,1.0,0.4,-0.91,0.0
7.493999999999946,-17.206000000000035,0.4,0.02,-0.98,5.522999999999914,2.2,0.4,-0.91,0.0,7.522999999999895,-1.2,0.4,-0.91,0.0,-4.700000000000015,-0.5,0.4,-1.0,0.0,13.522999999999783,1.0,0.4,-0.91,0.0
7.495999999999945,-17.304000000000034,0.4,0.02,-0.98,5.431999999999914,2.2,0.4,-0.91,0.0,7.431999999999895,-1.2,0.4,-0.91,0.0,-4.800000000000015,-0.5,0.4,-1.0,0.0,13.431999999999784,1.0,0.4,-0.91,0.0
7.497999999999945,-17.402000000000033,0.4,0.02,-0.98,5.340999999999914,2.2,0.4,-0.91,0.0,7.3409999999998945,-1.2,0.4,-0.91,0.0,-4.900000000000015,-0.5,0.4,-1.0,0.0,13.340999999999784,1.0,0.4,-0.91,0.0
7.499999999999945,-17.500000000000032,0.4,0.02,-0.98,5.249999999999914,2.2,0.4,-0.91,0.0,7.249999999999894,-1.2,0.4,-0.91,0.0,-5.000000000000014,-0.5,0.4,-1.0,0.0,13.249999999999785,1.0,0.4,-0.91,0.0
7.501999999999945,-17.59800000000003,0.4,0.02,-0.98,5.158999999999914,2.2,0.4,-0.91,0.0,7.158999999999894,-1.2,0.4,-0.91,0.0,-5.100000000000014,-0.5,0.4,-1.0,0.0,13.158999999999786,1.0,0.4,-0.91,0.0
7.5039999999999445,-17.69600000000003,0.4,0.02,-0.98,5.0679999999999135,2.2,0.4,-0.91,0.0,7.067999999999894,-1.2,0.4,-0.91,0.0,-5.2000000000000135,-0.5,0.4,-1.0,0.0,13.067999999999786,1.0,0.4,-0.91,0.0
7.505999999999944,-17.79400000000003,0.4,0.02,-0.98,4.976999999999913,2.2,0.4,-0.91,0.0,6.976999999999894,-1.2,0.4,-0.91,0.0,-5.300000000000013,-0.5,0.4,-1.0,0.0,12.976999999999787,1.0,0.4,-0.91,0.0
7.507999999999944,-17.892000000000028,0.4,0.02,-0.98,4.885999999999913,2.2,0.4,-0.91,0.0,6.8859999999998935,-1.2,0.4,-0.91,0.0,-5.400000000000013,-0.5,0.4,-1.0,0.0,12.885999999999788,1.0,0.4,-0.91,0.0
7.509999999999944,-17.990000000000027,0.4,0.02,-0.98,4.794999999999913,2.2,0.4,-0.91,0.0,6.794999999999893,-1.2,0.4,-0.91,0.0,-5.500000000000012,-0.5,0.4,-1.0,0.0,12.794999999999789,1.0,0.4,-0.91,0.0
7.511999999999944,-18.088000000000026,0.4,0.02,-0.98,4.703999999999913,2.2,0.4,-0.91,0.0,6.703999999999893,-1.2,0.4,-0.91,0.0,-5.600000000000012,-0.5,0.4,-1.0,0.0,12.70399999999979,1.0,0.4,-0.91,0.0
7.513999999999943,-18.186000000000025,0.4,0.02,-0.98,4.6129999999999125,2.2,0.4,-0.91,0.0,6.612999999999893,-1.2,0.4,-0.91,0.0,-5.700000000000012,-0.5,0.4,-1.0,0.0,12.61299999999979,1.0,0.4,-0.91,0.0
7.515999999999943,-18.284000000000024,0.4,0.02,-0.98,4.521999999999912,2.2,0.4,-0.91,0.0,6.521999999999893,-1.2,0.4,-0.91,0.0,-5.800000000000011,-0.5,0.4,-1.0,0.0,12.52199999999979,1.0,0.4,-0.91,0.0
7.517999999999943,-18.382000000000023,0.4,0.02,-0.98,4.430999999999912,2.2,0.4,-0.91,0.0,6.430999999999893,-1.2,0.4,-0.91,0.0,-5.900000000000011,-0.5,0.4,-1.0,0.0,12.430999999999791,1.0,0.4,-0.91,0.0
7.519999999999943,-18.48000000000002,0.4,0.02,-0.98,4.339999999999912,2.2,0.4,-0.91,0.0,6.339999999999892,-1.2,0.4,-0.91,0.0,-6.000000000000011,-0.5,0.4,-1.0,0.0,12.339999999999792,1.0,0.4,-0.91,0.0
7.5219999999999425,-18.57800000000002,0.4,0.02,-0.98,4.248999999999912,2.2,0.4,-0.91,0.0,6.248999999999892,-1.2,0.4,-0.91,0.0,-6.10000000000001,-0.5,0.4,-1.0,0.0,12.248999999999793,1.0,0.4,-0.91,0.0
7.523999999999942,-18.67600000000002,0.4,0.02,-0.98,4.1579999999999115,2.2,0.4,-0.91,0.0,6.157999999999892,-1.2,0.4,-0.91,0.0,-6.20000000000001,-0.5,0.4,-1.0,0.0,12.157999999999793,1.0,0.4,-0.91,0.0
7.525999999999942,-18.77400000000002,0.4,0.02,-0.98,4.066999999999911,2.2,0.4,-0.91,0.0,6.066999999999892,-1.2,0.4,-0.91,0.0,-6.30000000000001,-0.5,0.4,-1.0,0.0,12.066999999999794,1.0,0.4,-0.91,0.0
7.527999999999942,-18.872000000000018,0.4,0.02,-0.98,3.975999999999911,2.2,0.4,-0.91,0.0,5.975999999999892,-1.2,0.4,-0.91,0.0,-6.400000000000009,-0.5,0.4,-1.0,0.0,11.975999999999795,1.0,0.4,-0.91,0.0
7.529999999999942,-18.970000000000017,0.4,0.02,-0.98,3.884999999999911,2.2,0.4,-0.91,0.0,5.884999999999891,-1.2,0.4,-0.91,0.0,-6.500000000000009,-0.5,0.4,-1.0,0.0,11.884999999999796,1.0,0.4,-0.91,0.0
7.531999999999941,-19.068000000000016,0.4,0.02,-0.98,3.7939999999999108,2.2,0.4,-0.91,0.0,5.793999999999891,-1.2,0.4,-0.91,0.0,-6.6000000000000085,-0.5,0.4,-1.0,0.0,11.793999999999796,1.0,0.4,-0.91,0.0
7.533999999999941,-19.166000000000015,0.4,0.02,-0.98,3.7029999999999106,2.2,0.4,-0.91,0.0,5.702999999999891,-1.2,0.4,-0.91,0.0,-6.700000000000008,-0.5,0.4,-1.0,0.0,11.702999999999797,1.0,0.4,-0.91,0.0
7.535999999999941,-19.264000000000014,0.4,0.02,-0.98,3.6119999999999104,2.2,0.4,-0.91,0.0,5.611999999999891,-1.2,0.4,-0.91,0.0,-6.800000000000008,-0.5,0.4,-1.0,0.0,11.611999999999798,1.0,0.4,-0.91,0.0
7.537999999999941,-19.362000000000013,0.4,0.02,-0.98,3.52099999999991,2.2,0.4,-0.91,0.0,5.520999999999891,-1.2,0.4,-0.91,0.0,-6.9000000000000075,-0.5,0.4,-1.0,0.0,11.520999999999798,1.0,0.4,-0.91,0.0
7.5399999999999405,-19.46000000000001,0.4,0.02,-0.98,3.42999999999991,2.2,0.4,-0.91,0.0,5.4299999999998905,-1.2,0.4,-0.91,0.0,-7.000000000000007,-0.5,0.4,-1.0,0.0,11.429999999999799,1.0,0.4,-0.91,0.0
7.54199999999994,-19.55800000000001,0.4,0.02,-0.98,3.33899999999991,2.2,0.4,-0.91,0.0,5.33899999999989,-1.2,0.4,-0.91,0.0,-7.100000000000007,-0.5,0.4,-1.0,0.0,11.3389999999998,1.0,0.4,-0.91,0.0
7.54399999999994,-19.65600000000001,0.4,0.02,-0.98,3.2479999999999096,2.2,0.4,-0.91,0.0,5.24799999999989,-1.2,0.4,-0.91,0.0,-7.200000000000006,-0.5,0.4,-1.0,0.0,11.2479999999998,1.0,0.4,-0.91,0.0
7.54599999999994,-19.75400000000001,0.4,0.02,-0.98,3.1569999999999094,2.2,0.4,-0.91,0.0,5.15699999999989,-1.2,0.4,-0.91,0.0,-7.300000000000006,-0.5,0.4,-1.0,0.0,11.156999999999801,1.0,0.4,-0.91,0.0
7.54799999999994,-19.852000000000007,0.4,0.02,-0.98,3.0659999999999092,2.2,0.4,-0.91,0.0,5.06599999999989,-1.2,0.4,-0.91,0.0,-7.400000000000006,-0.5,0.4,-1.0,0.0,11.065999999999802,1.0,0.4,-0.91,0.0
7.549999999999939,-19.950000000000006,0.4,0.02,-0.98,2.974999999999909,2.2,0.4,-0.91,0.0,4.9749999999998895,-1.2,0.4,-0.91,0.0,-7.500000000000005,-0.5,0.4,-1.0,0.0,10.974999999999802,1.0,0.4,-0.91,0.0
7.551999999999939,-20.048000000000005,0.4,0.02,-0.98,2.883999999999909,2.2,0.4,-0.91,0.0,4.883999999999889,-1.2,0.4,-0.91,0.0,-7.600000000000005,-0.5,0.4,-1.0,0.0,10.883999999999803,1.0,0.4,-0.91,0.0
7.553999999999939,-20.146000000000004,0.4,0.02,-0.98,2.7929999999999087,2.2,0.4,-0.91,0.0,4.792999999999889,-1.2,0.4,-0.91,0.0,-7.700000000000005,-0.5,0.4,-1.0,0.0,10.792999999999804,1.0,0.4,-0.91,0.0
7.555999999999939,-20.244000000000003,0.4,0.02,-0.98,2.7019999999999085,2.2,0.4,-0.91,0.0,4.701999999999889,-1.2,0.4,-0.91,0.0,-7.800000000000004,-0.5,0.4,-1.0,0.0,10.701999999999805,1.0,0.4,-0.91,0.0
7.5579999999999385,-20.342000000000002,0.4,0.02,-0.98,2.6109999999999083,2.2,0.4,-0.91,0.0,4.610999999999889,-1.2,0.4,-0.91,0.0,-7.900000000000004,-0.5,0.4,-1.0,0.0,10.610999999999805,1.0,0.4,-0.91,0.0
7.559999999999938,-20.44,0.4,0.02,-0.98,2.519999999999908,2.2,0.4,-0.91,0.0,4.5199999999998886,-1.2,0.4,-0.91,0.0,-8.000000000000004,-0.5,0.4,-1.0,0.0,10.519999999999806,1.0,0.4,-0.91,0.0
7.561999999999938,-20.538,0.4,0.02,-0.98,2.428999999999908,2.2,0.4,-0.91,0.0,4.428999999999888,-1.2,0.4,-0.91,0.0,-8.100000000000003,-0.5,0.4,-1.0,0.0,10.428999999999807,1.0,0.4,-0.91,0.0
7.563999999999938,-20.636,0.4,0.02,-0.98,2.3379999999999077,2.2,0.4,-0.91,0.0,4.337999999999888,-1.2,0.4,-0.91,0.0,-8.200000000000003,-0.5,0.4,-1.0,0.0,10.337999999999807,1.0,0.4,-0.91,0.0
7.565999999999938,-20.733999999999998,0.4,0.02,-0.98,2.2469999999999075,2.2,0.4,-0.91,0.0,4.246999999999888,-1.2,0.4,-0.91,0.0,-8.300000000000002,-0.5,0.4,-1.0,0.0,10.246999999999808,1.0,0.4,-0.91,0.0
7.567999999999937,-20.831999999999997,0.4,0.02,-0.98,2.1559999999999073,2.2,0.4,-0.91,0.0,4.155999999999888,-1.2,0.4,-0.91,0.0,-8.400000000000002,-0.5,0.4,-1.0,0.0,10.155999999999809,1.0,0.4,-0.91,0.0
7.569999999999937,-20.929999999999996,0.4,0.02,-0.98,2.064999999999907,2.2,0.4,-0.91,0.0,4.064999999999888,-1.2,0.4,-0.91,0.0,-8.500000000000002,-0.5,0.4,-1.0,0.0,10.06499999999981,1.0,0.4,-0.91,0.0
7.571999999999937,-21.027999999999995,0.4,0.02,-0.98,1.9739999999999072,2.2,0.4,-0.91,0.0,3.9739999999998874,-1.2,0.4,-0.91,0.0,-8.600000000000001,-0.5,0.4,-1.0,0.0,9.97399999999981,1.0,0.4,-0.91,0.0
7.573999999999937,-21.125999999999994,0.4,0.02,-0.98,1.8829999999999072,2.2,0.4,-0.91,0.0,3.882999999999887,-1.2,0.4,-0.91,0.0,-8.700000000000001,-0.5,0.4,-1.0,0.0,9.88299999999981,1.0,0.4,-0.91,0.0
7.575999999999937,-21.223999999999993,0.4,0.02,-0.98,1.7919999999999072,2.2,0.4,-0.91,0.0,3.791999999999887,-1.2,0.4,-0.91,0.0,-8.8,-0.5,0.4,-1.0,0.0,9.791999999999812,1.0,0.4,-0.91,0.0
7.577999999999936,-21.321999999999992,0.4,0.02,-0.98,1.7009999999999073,2.2,0.4,-0.91,0.0,3.700999999999887,-1.2,0.4,-0.91,0.0,-8.9,-0.5,0.4,-1.0,0.0,9.700999999999812,1.0,0.4,-0.91,0.0
7.579999999999936,-21.41999999999999,0.4,0.02,-0.98,1.6099999999999073,2.2,0.4,-0.91,0.0,3.6099999999998866,-1.2,0.4,-0.91,0.0,-9.0,-0.5,0.4,-1.0,0.0,9.609999999999813,1.0,0.4,-0.91,0.0
7.581999999999936,-21.51799999999999,0.4,0.02,-0.98,1.5189999999999073,2.2,0.4,-0.91,0.0,3.5189999999998864,-1.2,0.4,-0.91,0.0,-9.1,-0.5,0.4,-1.0,0.0,9.518999999999814,1.0,0.4,-0.91,0.0
7.583999999999936,-21.61599999999999,0.4,0.02,-0.98,1.4279999999999073,2.2,0.4,-0.91,0.0,3.4279999999998862,-1.2,0.4,-0.91,0.0,-9.2,-0.5,0.4,-1.0,0.0,9.427999999999814,1.0,0.4,-0.91,0.0
7.5859999999999355,-21.713999999999988,0.4,0.02,-0.98,1.3369999999999074,2.2,0.4,-0.91,0.0,3.336999999999886,-1.2,0.4,-0.91,0.0,-9.299999999999999,-0.5,0.4,-1.0,0.0,9.336999999999815,1.0,0.4,-0.91,0.0
7.587999999999935,-21.811999999999987,0.4,0.02,-0.98,1.2459999999999074,2.2,0.4,-0.91,0.0,3.245999999999886,-1.2,0.4,-0.91,0.0,-9.399999999999999,-0.5,0.4,-1.0,0.0,9.245999999999816,1.0,0.4,-0.91,0.0
7.589999999999935,-21.909999999999986,0.4,0.02,-0.98,1.1549999999999074,2.2,0.4,-0.91,0.0,3.1549999999998857,-1.2,0.4,-0.91,0.0,-9.499999999999998,-0.5,0.4,-1.0,0.0,9.154999999999816,1.0,0.4,-0.91,0.0
7.591999999999935,-22.007999999999985,0.4,0.02,-0.98,1.0639999999999075,2.2,0.4,-0.91,0.0,3.0639999999998855,-1.2,0.4,-0.91,0.0,-9.599999999999998,-0.5,0.4,-1.0,0.0,9.063999999999817,1.0,0.4,-0.91,0.0
7.593999999999935,-22.105999999999984,0.4,0.02,-0.98,0.9729999999999075,2.2,0.4,-0.91,0.0,2.9729999999998853,-1.2,0.4,-0.91,0.0,-9.699999999999998,-0.5,0.4,-1.0,0.0,8.972999999999818,1.0,0.4,-0.91,0.0
7.595999999999934,-22.203999999999983,0.4,0.02,-0.98,0.8819999999999075,2.2,0.4,-0.91,0.0,2.881999999999885,-1.2,0.4,-0.91,0.0,-9.799999999999997,-0.5,0.4,-1.0,0.0,8.881999999999818,1.0,0.4,-0.91,0.0
7.597999999999934,-22.301999999999982,0.4,0.02,-0.98,0.7909999999999076,2.2,0.4,-0.91,0.0,2.790999999999885,-1.2,0.4,-0.91,0.0,-9.899999999999997,-0.5,0.4,-1.0,0.0,8.79099999999982,1.0,0.4,-0.91,0.0
7.599999999999934,-22.39999999999998,0.4,0.02,-0.98,0.6999999999999076,2.2,0.4,-0.91,0.0,2.6999999999998847,-1.2,0.4,-0.91,0.0,-9.999999999999996,-0.5,0.4,-1.0,0.0,8.69999999999982,1.0,0.4,-0.91,0.0
7.601999999999934,-22.49799999999998,0.4,0.02,-0.98,0.6089999999999076,2.2,0.4,-0.91,0.0,2.6089999999998845,-1.2,0.4,-0.91,0.0,-10.099999999999996,-0.5,0.4,-1.0,0.0,8.60899999999982,1.0,0.4,-0.91,0.0
7.6039999999999335,-22.59599999999998,0.4,0.02,-0.98,0.5179999999999076,2.2,0.4,-0.91,0.0,2.5179999999998843,-1.2,0.4,-0.91,0.0,-10.199999999999996,-0.5,0.4,-1.0,0.0,8.517999999999821,1.0,0.4,-0.91,0.0
7.605999999999933,-22.693999999999978,0.4,0.02,-0.98,0.4269999999999076,2.2,0.4,-0.91,0.0,2.426999999999884,-1.2,0.4,-0.91,0.0,-10.299999999999995,-0.5,0.4,-1.0,0.0,8.426999999999822,1.0,0.4,-0.91,0.0
7.607999999999933,-22.791999999999977,0.4,0.02,-0.98,0.3359999999999076,2.2,0.4,-0.91,0.0,2.335999999999884,-1.2,0.4,-0.91,0.0,-10.399999999999995,-0.5,0.4,-1.0,0.0,8.335999999999823,1.0,0.4,-0.91,0.0
7.609999999999933,-22.889999999999976,0.4,0.02,-0.98,0.24499999999990757,2.2,0.4,-0.91,0.0,2.2449999999998838,-1.2,0.4,-0.91,0.0,-10.499999999999995,-0.5,0.4,-1.0,0.0,8.244999999999823,1.0,0.4,-0.91,0.0
7.611999999999933,-22.987999999999975,0.4,0.02,-0.98,0.15399999999990754,2.2,0.4,-0.91,0.0,2.1539999999998836,-1.2,0.4,-0.91,0.0,-10.599999999999994,-0.5,0.4,-1.0,0.0,8.153999999999824,1.0,0.4,-0.91,0.0
7.613999999999932,-23.085999999999974,0.4,0.02,-0.98,0.06299999999990753,2.2,0.4,-0.91,0.0,2.0629999999998834,-1.2,0.4,-0.91,0.0,-10.699999999999994,-0.5,0.4,-1.0,0.0,8.062999999999825,1.0,0.4,-0.91,0.0
7.615999999999932,-23.183999999999973,0.4,0.02,-0.98,-0.02800000000009248,2.2,0.4,-0.91,0.0,1.9719999999998834,-1.2,0.4,-0.91,0.0,-10.799999999999994,-0.5,0.4,-1.0,0.0,7.971999999999825,1.0,0.4,-0.91,0.0
7.617999999999932,-23.28199999999997,0.4,0.02,-0.98,-0.11900000000009249,2.2,0.4,-0.91,0.0,1.8809999999998834,-1.2,0.4,-0.91,0.0,-10.899999999999993,-0.5,0.4,-1.0,0.0,7.880999999999824,1.0,0.4,-0.91,0.0
7.619999999999932,-23.37999999999997,0.4,0.02,-0.98,-0.2100000000000925,2.2,0.4,-0.91,0.0,1.7899999999998835,-1.2,0.4,-0.91,0.0,-10.999999999999993,-0.5,0.4,-1.0,0.0,7.789999999999824,1.0,0.4,-0.91,0.0
7.6219999999999315,-23.47799999999997,0.4,0.02,-0.98,-0.3010000000000925,2.2,0.4,-0.91,0.0,1.6989999999998835,-1.2,0.4,-0.91,0.0,-11.099999999999993,-0.5,0.4,-1.0,0.0,7.698999999999824,1.0,0.4,-0.91,0.0
7.623999999999931,-23.57599999999997,0.4,0.02,-0.98,-0.39200000000009255,2.2,0.4,-0.91,0.0,1.6079999999998835,-1.2,0.4,-0.91,0.0,-11.199999999999992,-0.5,0.4,-1.0,0.0,7.607999999999824,1.0,0.4,-0.91,0.0
7.625999999999931,-23.673999999999968,0.4,0.02,-0.98,-0.4830000000000926,2.2,0.4,-0.91,0.0,1.5169999999998836,-1.2,0.4,-0.91,0.0,-11.299999999999992,-0.5,0.4,-1.0,0.0,7.516999999999824,1.0,0.4,-0.91,0.0
7.627999999999931,-23.771999999999966,0.4,0.02,-0.98,-0.5740000000000925,2.2,0.4,-0.91,0.0,1.4259999999998836,-1.2,0.4,-0.91,0.0,-11.399999999999991,-0.5,0.4,-1.0,0.0,7.425999999999823,1.0,0.4,-0.91,0.0
7.629999999999931,-23.869999999999965,0.4,0.02,-0.98,-0.6650000000000925,2.2,0.4,-0.91,0.0,1.3349999999998836,-1.2,0.4,-0.91,0.0,-11.499999999999991,-0.5,0.4,-1.0,0.0,7.334999999999823,1.0,0.4,-0.91,0.0
7.63199999999993,-23.967999999999964,0.4,0.02,-0.98,-0.7560000000000925,2.2,0.4,-0.91,0.0,1.2439999999998836,-1.2,0.4,-0.91,0.0,-11.59999999999999,-0.5,0.4,-1.0,0.0,7.243999999999823,1.0,0.4,-0.91,0.0
7.63399999999993,-24.065999999999963,0.4,0.02,-0.98,-0.8470000000000925,2.2,0.4,-0.91,0.0,1.1529999999998837,-1.2,0.4,-0.91,0.0,-11.69999999999999,-0.5,0.4,-1.0,0.0,7.152999999999823,1.0,0.4,-0.91,0.0
7.63599999999993,-24.163999999999962,0.4,0.02,-0.98,-0.9380000000000924,2.2,0.4,-0.91,0.0,1.0619999999998837,-1.2,0.4,-0.91,0.0,-11.79999999999999,-0.5,0.4,-1.0,0.0,7.061999999999823,1.0,0.4,-0.91,0.0
7.63799999999993,-24.26199999999996,0.4,0.02,-0.98,-1.0290000000000925,2.2,0.4,-0.91,0.0,0.9709999999998837,-1.2,0.4,-0.91,0.0,-11.89999999999999,-0.5,0.4,-1.0,0.0,6.9709999999998224,1.0,0.4,-0.91,0.0
7.6399999999999295,-24.35999999999996,0.4,0.02,-0.98,-1.1200000000000925,2.2,0.4,-0.91,0.0,0.8799999999998838,-1.2,0.4,-0.91,0.0,-11.99999999999999,-0.5,0.4,-1.0,0.0,6.879999999999822,1.0,0.4,-0.91,0.0
7.641999999999929,-24.45799999999996,0.4,0.02,-0.98,-1.2110000000000924,2.2,0.4,-0.91,0.0,0.7889999999998838,-1.2,0.4,-0.91,0.0,-12.099999999999989,-0.5,0.4,-1.0,0.0,6.788999999999822,1.0,0.4,-0.91,0.0
7.643999999999929,-24.55599999999996,0.4,0.02,-0.98,-1.3020000000000924,2.2,0.4,-0.91,0.0,0.6979999999998838,-1.2,0.4,-0.91,0.0,-12.199999999999989,-0.5,0.4,-1.0,0.0,6.697999999999822,1.0,0.4,-0.91,0.0
7.645999999999929,-24.653999999999957,0.4,0.02,-0.98,-1.3930000000000924,2.2,0.4,-0.91,0.0,0.6069999999998839,-1.2,0.4,-0.91,0.0,-12.299999999999988,-0.5,0.4,-1.0,0.0,6.606999999999822,1.0,0.4,-0.91,0.0
7.647999999999929,-24.751999999999956,0.4,0.02,-0.98,-1.4840000000000924,2.2,0.4,-0.91,0.0,0.5159999999998839,-1.2,0.4,-0.91,0.0,-12.399999999999988,-0.5,0.4,-1.0,0.0,6.5159999999998215,1.0,0.4,-0.91,0.0
7.649999999999928,-24.849999999999955,0.4,0.02,-0.98,-1.5750000000000923,2.2,0.4,-0.91,0.0,0.42499999999988386,-1.2,0.4,-0.91,0.0,-12.499999999999988,-0.5,0.4,-1.0,0.0,6.424999999999821,1.0,0.4,-0.91,0.0
7.651999999999928,-24.947999999999954,0.4,0.02,-0.98,-1.6660000000000923,2.2,0.4,-0.91,0.0,0.33399999999988383,-1.2,0.4,-0.91,0.0,-12.599999999999987,-0.5,0.4,-1.0,0.0,6.333999999999821,1.0,0.4,-0.91,0.0
7.653999999999928,-25.045999999999953,0.4,0.02,-0.98,-1.7570000000000923,2.2,0.4,-0.91,0.0,0.2429999999998838,-1.2,0.4,-0.91,0.0,-12.699999999999987,-0.5,0.4,-1.0,0.0,6.242999999999821,1.0,0.4,-0.91,0.0
7.655999999999928,-25.143999999999952,0.4,0.02,-0.98,-1.8480000000000922,2.2,0.4,-0.91,0.0,0.15199999999988378,-1.2,0.4,-0.91,0.0,-12.799999999999986,-0.5,0.4,-1.0,0.0,6.151999999999821,1.0,0.4,-0.91,0.0
7.6579999999999275,-25.24199999999995,0.4,0.02,-0.98,-1.9390000000000922,2.2,0.4,-0.91,0.0,0.06099999999988377,-1.2,0.4,-0.91,0.0,-12.899999999999986,-0.5,0.4,-1.0,0.0,6.0609999999998205,1.0,0.4,-0.91,0.0
7.659999999999927,-25.33999999999995,0.4,0.02,-0.98,-2.030000000000092,2.2,0.4,-0.91,0.0,-0.03000000000011624,-1.2,0.4,-0.91,0.0,-12.999999999999986,-0.5,0.4,-1.0,0.0,5.96999999999982,1.0,0.4,-0.91,0.0
7.661999999999927,-25.43799999999995,0.4,0.02,-0.98,-2.1210000000000924,2.2,0.4,-0.91,0.0,-0.12100000000011625,-1.2,0.4,-0.91,0.0,-13.099999999999985,-0.5,0.4,-1.0,0.0,5.87899999999982,1.0,0.4,-0.91,0.0
7.663999999999927,-25.535999999999948,0.4,0.02,-0.98,-2.2120000000000926,2.2,0.4,-0.91,0.0,-0.21200000000011626,-1.2,0.4,-0.91,0.0,-13.199999999999985,-0.5,0.4,-1.0,0.0,5.78799999999982,1.0,0.4,-0.91,0.0
7.665999999999927,-25.633999999999947,0.4,0.02,-0.98,-2.3030000000000928,2.2,0.4,-0.91,0.0,-0.3030000000001163,-1.2,0.4,-0.91,0.0,-13.299999999999985,-0.5,0.4,-1.0,0.0,5.69699999999982,1.0,0.4,-0.91,0.0
7.667999999999926,-25.731999999999946,0.4,0.02,-0.98,-2.394000000000093,2.2,0.4,-0.91,0.0,-0.3940000000001163,-1.2,0.4,-0.91,0.0,-13.399999999999984,-0.5,0.4,-1.0,0.0,5.60599999999982,1.0,0.4,-0.91,0.0
7.669999999999926,-25.829999999999945,0.4,0.02,-0.98,-2.485000000000093,2.2,0.4,-0.91,0.0,-0.48500000000011634,-1.2,0.4,-0.91,0.0,-13.499999999999984,-0.5,0.4,-1.0,0.0,5.514999999999819,1.0,0.4,-0.91,0.0
7.671999999999926,-25.927999999999944,0.4,0.02,-0.98,-2.5760000000000933,2.2,0.4,-0.91,0.0,-0.5760000000001163,-1.2,0.4,-0.91,0.0,-13.599999999999984,-0.5,0.4,-1.0,0.0,5.423999999999819,1.0,0.4,-0.91,0.0
7.673999999999926,-26.025999999999943,0.4,0.02,-0.98,-2.6670000000000935,2.2,0.4,-0.91,0.0,-0.6670000000001163,-1.2,0.4,-0.91,0.0,-13.699999999999983,-0.5,0.4,-1.0,0.0,5.332999999999819,1.0,0.4,-0.91,0.0
7.6759999999999255,-26.123999999999942,0.4,0.02,-0.98,-2.7580000000000937,2.2,0.4,-0.91,0.0,-0.7580000000001162,-1.2,0.4,-0.91,0.0,-13.799999999999983,-0.5,0.4,-1.0,0.0,5.241999999999819,1.0,0.4,-0.91,0.0
7.677999999999925,-26.22199999999994,0.4,0.02,-0.98,-2.849000000000094,2.2,0.4,-0.91,0.0,-0.8490000000001162,-1.2,0.4,-0.91,0.0,-13.899999999999983,-0.5,0.4,-1.0,0.0,5.150999999999819,1.0,0.4,-0.91,0.0
7.679999999999925,-26.31999999999994,0.4,0.02,-0.98,-2.940000000000094,2.2,0.4,-0.91,0.0,-0.9400000000001162,-1.2,0.4,-0.91,0.0,-13.999999999999982,-0.5,0.4,-1.0,0.0,5.059999999999818,1.0,0.4,-0.91,0.0
7.681999999999925,-26.41799999999994,0.4,0.02,-0.98,-3.0310000000000943,2.2,0.4,-0.91,0.0,-1.0310000000001163,-1.2,0.4,-0.91,0.0,-14.099999999999982,-0.5,0.4,-1.0,0.0,4.968999999999818,1.0,0.4,-0.91,0.0
7.683999999999925,-26.515999999999938,0.4,0.02,-0.98,-3.1220000000000945,2.2,0.4,-0.91,0.0,-1.1220000000001162,-1.2,0.4,-0.91,0.0,-14.199999999999982,-0.5,0.4,-1.0,0.0,4.877999999999818,1.0,0.4,-0.91,0.0
7.6859999999999244,-26.613999999999937,0.4,0.02,-0.98,-3.2130000000000947,2.2,0.4,-0.91,0.0,-1.2130000000001162,-1.2,0.4,-0.91,0.0,-14.299999999999981,-0.5,0.4,-1.0,0.0,4.786999999999818,1.0,0.4,-0.91,0.0
7.687999999999924,-26.711999999999936,0.4,0.02,-0.98,-3.304000000000095,2.2,0.4,-0.91,0.0,-1.3040000000001162,-1.2,0.4,-0.91,0.0,-14.39999999999998,-0.5,0.4,-1.0,0.0,4.695999999999818,1.0,0.4,-0.91,0.0
7.689999999999924,-26.809999999999935,0.4,0.02,-0.98,-3.395000000000095,2.2,0.4,-0.91,0.0,-1.3950000000001161,-1.2,0.4,-0.91,0.0,-14.49999999999998,-0.5,0.4,-1.0,0.0,4.6049999999998175,1.0,0.4,-0.91,0.0
7.691999999999924,-26.907999999999934,0.4,0.02,-0.98,-3.4860000000000952,2.2,0.4,-0.91,0.0,-1.4860000000001161,-1.2,0.4,-0.91,0.0,-14.59999999999998,-0.5,0.4,-1.0,0.0,4.513999999999817,1.0,0.4,-0.91,0.0
7.693999999999924,-27.005999999999933,0.4,0.02,-0.98,-3.5770000000000954,2.2,0.4,-0.91,0.0,-1.577000000000116,-1.2,0.4,-0.91,0.0,-14.69999999999998,-0.5,0.4,-1.0,0.0,4.422999999999817,1.0,0.4,-0.91,0.0
7.695999999999923,-27.10399999999993,0.4,0.02,-0.98,-3.6680000000000956,2.2,0.4,-0.91,0.0,-1.668000000000116,-1.2,0.4,-0.91,0.0,-14.79999999999998,-0.5,0.4,-1.0,0.0,4.331999999999817,1.0,0.4,-0.91,0.0
7.697999999999923,-27.20199999999993,0.4,0.02,-0.98,-3.759000000000096,2.2,0.4,-0.91,0.0,-1.759000000000116,-1.2,0.4,-0.91,0.0,-14.899999999999979,-0.5,0.4,-1.0,0.0,4.240999999999817,1.0,0.4,-0.91,0.0
7.699999999999923,-27.29999999999993,0.4,0.02,-0.98,-3.850000000000096,2.2,0.4,-0.91,0.0,-1.850000000000116,-1.2,0.4,-0.91,0.0,-14.999999999999979,-0.5,0.4,-1.0,0.0,4.1499999999998165,1.0,0.4,-0.91,0.0
7.701999999999923,-27.39799999999993,0.4,0.02,-0.98,-3.941000000000096,2.2,0.4,-0.91,0.0,-1.941000000000116,-1.2,0.4,-0.91,0.0,-15.099999999999978,-0.5,0.4,-1.0,0.0,4.058999999999816,1.0,0.4,-0.91,0.0
7.7039999999999225,-27.495999999999928,0.4,0.02,-0.98,-4.032000000000096,2.2,0.4,-0.91,0.0,-2.032000000000116,-1.2,0.4,-0.91,0.0,-15.199999999999978,-0.5,0.4,-1.0,0.0,3.967999999999816,1.0,0.4,-0.91,0.0
7.705999999999922,-27.593999999999927,0.4,0.02,-0.98,-4.123000000000096,2.2,0.4,-0.91,0.0,-2.123000000000116,-1.2,0.4,-0.91,0.0,-15.299999999999978,-0.5,0.4,-1.0,0.0,3.876999999999816,1.0,0.4,-0.91,0.0
7.707999999999922,-27.691999999999926,0.4,0.02,-0.98,-4.214000000000096,2.2,0.4,-0.91,0.0,-2.2140000000001163,-1.2,0.4,-0.91,0.0,-15.399999999999977,-0.5,0.4,-1.0,0.0,3.7859999999998157,1.0,0.4,-0.91,0.0
7.709999999999922,-27.789999999999925,0.4,0.02,-0.98,-4.3050000000000965,2.2,0.4,-0.91,0.0,-2.3050000000001165,-1.2,0.4,-0.91,0.0,-15.499999999999977,-0.5,0.4,-1.0,0.0,3.6949999999998155,1.0,0.4,-0.91,0.0
7.711999999999922,-27.887999999999924,0.4,0.02,-0.98,-4.396000000000097,2.2,0.4,-0.91,0.0,-2.3960000000001167,-1.2,0.4,-0.91,0.0,-15.599999999999977,-0.5,0.4,-1.0,0.0,3.6039999999998154,1.0,0.4,-0.91,0.0
7.713999999999921,-27.985999999999922,0.4,0.02,-0.98,-4.487000000000097,2.2,0.4,-0.91,0.0,-2.487000000000117,-1.2,0.4,-0.91,0.0,-15.699999999999976,-0.5,0.4,-1.0,0.0,3.512999999999815,1.0,0.4,-0.91,0.0
7.715999999999921,-28.08399999999992,0.4,0.02,-0.98,-4.578000000000097,2.2,0.4,-0.91,0.0,-2.578000000000117,-1.2,0.4,-0.91,0.0,-15.799999999999976,-0.5,0.4,-1.0,0.0,3.421999999999815,1.0,0.4,-0.91,0.0
7.717999999999921,-28.18199999999992,0.4,0.02,-0.98,-4.669000000000097,2.2,0.4,-0.91,0.0,-2.6690000000001173,-1.2,0.4,-0.91,0.0,-15.899999999999975,-0.5,0.4,-1.0,0.0,3.3309999999998148,1.0,0.4,-0.91,0.0
7.719999999999921,-28.27999999999992,0.4,0.02,-0.98,-4.7600000000000975,2.2,0.4,-0.91,0.0,-2.7600000000001175,-1.2,0.4,-0.91,0.0,-15.999999999999975,-0.5,0.4,-1.0,0.0,3.2399999999998146,1.0,0.4,-0.91,0.0
7.7219999999999205,-28.37799999999992,0.4,0.02,-0.98,-4.851000000000098,2.2,0.4,-0.91,0.0,-2.8510000000001177,-1.2,0.4,-0.91,0.0,-16.099999999999977,-0.5,0.4,-1.0,0.0,3.1489999999998144,1.0,0.4,-0.91,0.0
7.72399999999992,-28.475999999999917,0.4,0.02,-0.98,-4.942000000000098,2.2,0.4,-0.91,0.0,-2.942000000000118,-1.2,0.4,-0.91,0.0,-16.199999999999978,-0.5,0.4,-1.0,0.0,3.057999999999814,1.0,0.4,-0.91,0.0
7.72599999999992,-28.573999999999916,0.4,0.02,-0.98,-5.033000000000098,2.2,0.4,-0.91,0.0,-3.033000000000118,-1.2,0.4,-0.91,0.0,-16.29999999999998,-0.5,0.4,-1.0,0.0,2.966999999999814,1.0,0.4,-0.91,0.0
7.72799999999992,-28.671999999999915,0.4,0.02,-0.98,-5.124000000000098,2.2,0.4,-0.91,0.0,-3.1240000000001182,-1.2,0.4,-0.91,0.0,-16.39999999999998,-0.5,0.4,-1.0,0.0,2.875999999999814,1.0,0.4,-0.91,0.0
7.72999999999992,-28.769999999999914,0.4,0.02,-0.98,-5.2150000000000984,2.2,0.4,-0.91,0.0,-3.2150000000001184,-1.2,0.4,-0.91,0.0,-16.499999999999982,-0.5,0.4,-1.0,0.0,2.7849999999998136,1.0,0.4,-0.91,0.0
7.731999999999919,-28.867999999999913,0.4,0.02,-0.98,-5.306000000000099,2.2,0.4,-0.91,0.0,-3.3060000000001186,-1.2,0.4,-0.91,0.0,-16.599999999999984,-0.5,0.4,-1.0,0.0,2.6939999999998134,1.0,0.4,-0.91,0.0
7.733999999999919,-28.965999999999912,0.4,0.02,-0.98,-5.397000000000099,2.2,0.4,-0.91,0.0,-3.397000000000119,-1.2,0.4,-0.91,0.0,-16.699999999999985,-0.5,0.4,-1.0,0.0,2.6029999999998132,1.0,0.4,-0.91,0.0
7.735999999999919,-29.06399999999991,0.4,0.02,-0.98,-5.488000000000099,2.2,0.4,-0.91,0.0,-3.488000000000119,-1.2,0.4,-0.91,0.0,-16.799999999999986,-0.5,0.4,-1.0,0.0,2.511999999999813,1.0,0.4,-0.91,0.0
7.737999999999919,-29.16199999999991,0.4,0.02,-0.98,-5.579000000000099,2.2,0.4,-0.91,0.0,-3.579000000000119,-1.2,0.4,-0.91,0.0,-16.899999999999988,-0.5,0.4,-1.0,0.0,2.420999999999813,1.0,0.4,-0.91,0.0
7.7399999999999185,-29.25999999999991,0.4,0.02,-0.98,-5.670000000000099,2.2,0.4,-0.91,0.0,-3.6700000000001194,-1.2,0.4,-0.91,0.0,-16.99999999999999,-0.5,0.4,-1.0,0.0,2.3299999999998127,1.0,0.4,-0.91,0.0
7.741999999999918,-29.357999999999908,0.4,0.02,-0.98,-5.7610000000001,2.2,0.4,-0.91,0.0,-3.7610000000001196,-1.2,0.4,-0.91,0.0,-17.09999999999999,-0.5,0.4,-1.0,0.0,2.2389999999998125,1.0,0.4,-0.91,0.0
7.743999999999918,-29.455999999999907,0.4,0.02,-0.98,-5.8520000000001,2.2,0.4,-0.91,0.0,-3.8520000000001198,-1.2,0.4,-0.91,0.0,-17.199999999999992,-0.5,0.4,-1.0,0.0,2.1479999999998123,1.0,0.4,-0.91,0.0
7.745999999999918,-29.553999999999906,0.4,0.02,-0.98,-5.9430000000001,2.2,0.4,-0.91,0.0,-3.94300000000012,-1.2,0.4,-0.91,0.0,-17.299999999999994,-0.5,0.4,-1.0,0.0,2.056999999999812,1.0,0.4,-0.91,0.0
7.747999999999918,-29.651999999999905,0.4,0.02,-0.98,-6.0340000000001,2.2,0.4,-0.91,0.0,-4.03400000000012,-1.2,0.4,-0.91,0.0,-17.399999999999995,-0.5,0.4,-1.0,0.0,1.9659999999998121,1.0,0.4,-0.91,0.0
7.749999999999917,-29.749999999999904,0.4,0.02,-0.98,-6.1250000000001,2.2,0.4,-0.91,0.0,-4.12500000000012,-1.2,0.4,-0.91,0.0,-17.499999999999996,-0.5,0.4,-1.0,0.0,1.8749999999998122,1.0,0.4,-0.91,0.0
7.751999999999917,-29.847999999999903,0.4,0.02,-0.98,-6.216000000000101,2.2,0.4,-0.91,0.0,-4.21600000000012,-1.2,0.4,-0.91,0.0,-17.599999999999998,-0.5,0.4,-1.0,0.0,1.7839999999998122,1.0,0.4,-0.91,0.0
7.753999999999917,-29.945999999999902,0.4,0.02,-0.98,-6.307000000000101,2.2,0.4,-0.91,0.0,-4.30700000000012,-1.2,0.4,-0.91,0.0,-17.7,-0.5,0.4,-1.0,0.0,1.6929999999998122,1.0,0.4,-0.91,0.0
7.755999999999917,-30.0439999999999,0.4,0.02,-0.98,-6.398000000000101,2.2,0.4,-0.91,0.0,-4.3980000000001205,-1.2,0.4,-0.91,0.0,-17.8,-0.5,0.4,-1.0,0.0,1.6019999999998122,1.0,0.4,-0.91,0.0
7.7579999999999165,-30.1419999999999,0.4,0.02,-0.98,-6.489000000000101,2.2,0.4,-0.91,0.0,-4.489000000000121,-1.2,0.4,-0.91,0.0,-17.900000000000002,-0.5,0.4,-1.0,0.0,1.5109999999998123,1.0,0.4,-0.91,0.0
7.759999999999916,-30.2399999999999,0.4,0.02,-0.98,-6.580000000000101,2.2,0.4,-0.91,0.0,-4.580000000000121,-1.2,0.4,-0.91,0.0,-18.000000000000004,-0.5,0.4,-1.0,0.0,1.4199999999998123,1.0,0.4,-0.91,0.0
7.761999999999916,-30.337999999999898,0.4,0.02,-0.98,-6.6710000000001015,2.2,0.4,-0.91,0.0,-4.671000000000121,-1.2,0.4,-0.91,0.0,-18.100000000000005,-0.5,0.4,-1.0,0.0,1.3289999999998123,1.0,0.4,-0.91,0.0
7.763999999999916,-30.435999999999897,0.4,0.02,-0.98,-6.762000000000102,2.2,0.4,-0.91,0.0,-4.762000000000121,-1.2,0.4,-0.91,0.0,-18.200000000000006,-0.5,0.4,-1.0,0.0,1.2379999999998124,1.0,0.4,-0.91,0.0
7.765999999999916,-30.533999999999896,0.4,0.02,-0.98,-6.853000000000102,2.2,0.4,-0.91,0.0,-4.853000000000121,-1.2,0.4,-0.91,0.0,-18.300000000000008,-0.5,0.4,-1.0,0.0,1.1469999999998124,1.0,0.4,-0.91,0.0
7.767999999999915,-30.631999999999895,0.4,0.02,-0.98,-6.944000000000102,2.2,0.4,-0.91,0.0,-4.944000000000122,-1.2,0.4,-0.91,0.0,-18.40000000000001,-0.5,0.4,-1.0,0.0,1.0559999999998124,1.0,0.4,-0.91,0.0
7.769999999999915,-30.729999999999894,0.4,0.02,-0.98,-7.035000000000102,2.2,0.4,-0.91,0.0,-5.035000000000122,-1.2,0.4,-0.91,0.0,-18.50000000000001,-0.5,0.4,-1.0,0.0,0.9649999999998125,1.0,0.4,-0.91,0.0
7.771999999999915,-30.827999999999893,0.4,0.02,-0.98,-7.1260000000001025,2.2,0.4,-0.91,0.0,-5.126000000000122,-1.2,0.4,-0.91,0.0,-18.600000000000012,-0.5,0.4,-1.0,0.0,0.8739999999998125,1.0,0.4,-0.91,0.0
7.773999999999915,-30.925999999999892,0.4,0.02,-0.98,-7.217000000000103,2.2,0.4,-0.91,0.0,-5.217000000000122,-1.2,0.4,-0.91,0.0,-18.700000000000014,-0.5,0.4,-1.0,0.0,0.7829999999998125,1.0,0.4,-0.91,0.0
7.7759999999999145,-31.02399999999989,0.4,0.02,-0.98,-7.308000000000103,2.2,0.4,-0.91,0.0,-5.308000000000122,-1.2,0.4,-0.91,0.0,-18.800000000000015,-0.5,0.4,-1.0,0.0,0.6919999999998125,1.0,0.4,-0.91,0.0
7.777999999999914,-31.12199999999989,0.4,0.02,-0.98,-7.399000000000103,2.2,0.4,-0.91,0.0,-5.399000000000123,-1.2,0.4,-0.91,0.0,-18.900000000000016,-0.5,0.4,-1.0,0.0,0.6009999999998126,1.0,0.4,-0.91,0.0
7.779999999999914,-31.21999999999989,0.4,0.02,-0.98,-7.490000000000103,2.2,0.4,-0.91,0.0,-5.490000000000123,-1.2,0.4,-0.91,0.0,-19.000000000000018,-0.5,0.4,-1.0,0.0,0.5099999999998126,1.0,0.4,-0.91,0.0
7.781999999999914,-31.317999999999888,0.4,0.02,-0.98,-7.581000000000103,2.2,0.4,-0.91,0.0,-5.581000000000123,-1.2,0.4,-0.91,0.0,-19.10000000000002,-0.5,0.4,-1.0,0.0,0.4189999999998126,1.0,0.4,-0.91,0.0
7.783999999999914,-31.415999999999887,0.4,0.02,-0.98,-7.672000000000104,2.2,0.4,-0.91,0.0,-5.672000000000123,-1.2,0.4,-0.91,0.0,-19.20000000000002,-0.5,0.4,-1.0,0.0,0.32799999999981255,1.0,0.4,-0.91,0.0
7.785999999999913,-31.513999999999886,0.4,0.02,-0.98,-7.763000000000104,2.2,0.4,-0.91,0.0,-5.763000000000123,-1.2,0.4,-0.91,0.0,-19.300000000000022,-0.5,0.4,-1.0,0.0,0.23699999999981253,1.0,0.4,-0.91,0.0
7.787999999999913,-31.611999999999885,0.4,0.02,-0.98,-7.854000000000104,2.2,0.4,-0.91,0.0,-5.8540000000001235,-1.2,0.4,-0.91,0.0,-19.400000000000023,-0.5,0.4,-1.0,0.0,0.1459999999998125,1.0,0.4,-0.91,0.0
7.789999999999913,-31.709999999999884,0.4,0.02,-0.98,-7.945000000000104,2.2,0.4,-0.91,0.0,-5.945000000000124,-1.2,0.4,-0.91,0.0,-19.500000000000025,-0.5,0.4,-1.0,0.0,0.05499999999981249,1.0,0.4,-0.91,0.0
7.791999999999913,-31.807999999999883,0.4,0.02,-0.98,-8.036000000000104,2.2,0.4,-0.91,0.0,-6.036000000000124,-1.2,0.4,-0.91,0.0,-19.600000000000026,-0.5,0.4,-1.0,0.0,-0.03600000000018752,1.0,0.4,-0.91,0.0
7.7939999999999126,-31.90599999999988,0.4,0.02,-0.98,-8.127000000000104,2.2,0.4,-0.91,0.0,-6.127000000000124,-1.2,0.4,-0.91,0.0,-19.700000000000028,-0.5,0.4,-1.0,0.0,-0.12700000000018752,1.0,0.4,-0.91,0.0
7.795999999999912,-32.003999999999884,0.4,0.02,-0.98,-8.218000000000103,2.2,0.4,-0.91,0.0,-6.218000000000124,-1.2,0.4,-0.91,0.0,-19.80000000000003,-0.5,0.4,-1.0,0.0,-0.21800000000018754,1.0,0.4,-0.91,0.0
7.797999999999912,-32.10199999999988,0.4,0.02,-0.98,-8.309000000000102,2.2,0.4,-0.91,0.0,-6.3090000000001245,-1.2,0.4,-0.91,0.0,-19.90000000000003,-0.5,0.4,-1.0,0.0,-0.30900000000018757,1.0,0.4,-0.91,0.0
7.799999999999912,-32.19999999999988,0.4,0.02,-0.98,-8.400000000000102,2.2,0.4,-0.91,0.0,-6.400000000000125,-1.2,0.4,-0.91,0.0,-20.000000000000032,-0.5,0.4,-1.0,0.0,-0.4000000000001876,1.0,0.4,-0.91,0.0
7.801999999999912,-32.29799999999988,0.4,0.02,-0.98,-8.491000000000101,2.2,0.4,-0.91,0.0,-6.491000000000125,-1.2,0.4,-0.91,0.0,-20.100000000000033,-0.5,0.4,-1.0,0.0,-0.4910000000001876,1.0,0.4,-0.91,0.0
7.8039999999999115,-32.39599999999988,0.4,0.02,-0.98,-8.5820000000001,2.2,0.4,-0.91,0.0,-6.582000000000125,-1.2,0.4,-0.91,0.0,-20.200000000000035,-0.5,0.4,-1.0,0.0,-0.5820000000001876,1.0,0.4,-0.91,0.0
7.805999999999911,-32.49399999999988,0.4,0.02,-0.98,-8.6730000000001,2.2,0.4,-0.91,0.0,-6.673000000000125,-1.2,0.4,-0.91,0.0,-20.300000000000036,-0.5,0.4,-1.0,0.0,-0.6730000000001876,1.0,0.4,-0.91,0.0
7.807999999999911,-32.59199999999988,0.4,0.02,-0.98,-8.764000000000099,2.2,0.4,-0.91,0.0,-6.7640000000001255,-1.2,0.4,-0.91,0.0,-20.400000000000038,-0.5,0.4,-1.0,0.0,-0.7640000000001875,1.0,0.4,-0.91,0.0
7.809999999999911,-32.68999999999988,0.4,0.02,-0.98,-8.855000000000098,2.2,0.4,-0.91,0.0,-6.855000000000126,-1.2,0.4,-0.91,0.0,-20.50000000000004,-0.5,0.4,-1.0,0.0,-0.8550000000001875,1.0,0.4,-0.91,0.0
7.811999999999911,-32.787999999999876,0.4,0.02,-0.98,-8.946000000000097,2.2,0.4,-0.91,0.0,-6.946000000000126,-1.2,0.4,-0.91,0.0,-20.60000000000004,-0.5,0.4,-1.0,0.0,-0.9460000000001875,1.0,0.4,-0.91,0.0
7.81399999999991,-32.885999999999875,0.4,0.02,-0.98,-9.037000000000097,2.2,0.4,-0.91,0.0,-7.037000000000126,-1.2,0.4,-0.91,0.0,-20.700000000000042,-0.5,0.4,-1.0,0.0,-1.0370000000001875,1.0,0.4,-0.91,0.0
7.81599999999991,-32.983999999999874,0.4,0.02,-0.98,-9.128000000000096,2.2,0.4,-0.91,0.0,-7.128000000000126,-1.2,0.4,-0.91,0.0,-20.800000000000043,-0.5,0.4,-1.0,0.0,-1.1280000000001875,1.0,0.4,-0.91,0.0
7.81799999999991,-33.08199999999987,0.4,0.02,-0.98,-9.219000000000095,2.2,0.4,-0.91,0.0,-7.219000000000126,-1.2,0.4,-0.91,0.0,-20.900000000000045,-0.5,0.4,-1.0,0.0,-1.2190000000001875,1.0,0.4,-0.91,0.0
7.81999999999991,-33.17999999999987,0.4,0.02,-0.98,-9.310000000000095,2.2,0.4,-0.91,0.0,-7.310000000000127,-1.2,0.4,-0.91,0.0,-21.000000000000046,-0.5,0.4,-1.0,0.0,-1.3100000000001875,1.0,0.4,-0.91,0.0
7.8219999999999095,-33.27799999999987,0.4,0.02,-0.98,-9.401000000000094,2.2,0.4,-0.91,0.0,-7.401000000000127,-1.2,0.4,-0.91,0.0,-21.100000000000048,-0.5,0.4,-1.0,0.0,-1.4010000000001874,1.0,0.4,-0.91,0.0
7.823999999999909,-33.37599999999987,0.4,0.02,-0.98,-9.492000000000093,2.2,0.4,-0.91,0.0,-7.492000000000127,-1.2,0.4,-0.91,0.0,-21.20000000000005,-0.5,0.4,-1.0,0.0,-1.4920000000001874,1.0,0.4,-0.91,0.0
7.825999999999909,-33.47399999999987,0.4,0.02,-0.98,-9.583000000000093,2.2,0.4,-0.91,0.0,-7.583000000000127,-1.2,0.4,-0.91,0.0,-21.30000000000005,-0.5,0.4,-1.0,0.0,-1.5830000000001874,1.0,0.4,-0.91,0.0
7.827999999999909,-33.57199999999987,0.4,0.02,-0.98,-9.674000000000092,2.2,0.4,-0.91,0.0,-7.674000000000127,-1.2,0.4,-0.91,0.0,-21.400000000000052,-0.5,0.4,-1.0,0.0,-1.6740000000001873,1.0,0.4,-0.91,0.0
7.829999999999909,-33.66999999999987,0.4,0.02,-0.98,-9.765000000000091,2.2,0.4,-0.91,0.0,-7.765000000000128,-1.2,0.4,-0.91,0.0,-21.500000000000053,-0.5,0.4,-1.0,0.0,-1.7650000000001873,1.0,0.4,-0.91,0.0
7.831999999999908,-33.767999999999866,0.4,0.02,-0.98,-9.85600000000009,2.2,0.4,-0.91,0.0,-7.856000000000128,-1.2,0.4,-0.91,0.0,-21.600000000000055,-0.5,0.4,-1.0,0.0,-1.8560000000001873,1.0,0.4,-0.91,0.0
7.833999999999908,-33.865999999999865,0.4,0.02,-0.98,-9.94700000000009,2.2,0.4,-0.91,0.0,-7.947000000000128,-1.2,0.4,-0.91,0.0,-21.700000000000056,-0.5,0.4,-1.0,0.0,-1.9470000000001872,1.0,0.4,-0.91,0.0
7.835999999999908,-33.963999999999864,0.4,0.02,-0.98,-10.038000000000089,2.2,0.4,-0.91,0.0,-8.038000000000128,-1.2,0.4,-0.91,0.0,-21.800000000000058,-0.5,0.4,-1.0,0.0,-2.038000000000187,1.0,0.4,-0.91,0.0
7.837999999999908,-34.06199999999986,0.4,0.02,-0.98,-10.129000000000088,2.2,0.4,-0.91,0.0,-8.129000000000127,-1.2,0.4,-0.91,0.0,-21.90000000000006,-0.5,0.4,-1.0,0.0,-2.1290000000001874,1.0,0.4,-0.91,0.0
7.8399999999999075,-34.15999999999986,0.4,0.02,-0.98,-10.220000000000088,2.2,0.4,-0.91,0.0,-8.220000000000127,-1.2,0.4,-0.91,0.0,-22.00000000000006,-0.5,0.4,-1.0,0.0,-2.2200000000001876,1.0,0.4,-0.91,0.0
7.841999999999907,-34.25799999999986,0.4,0.02,-0.98,-10.311000000000087,2.2,0.4,-0.91,0.0,-8.311000000000126,-1.2,0.4,-0.91,0.0,-22.100000000000062,-0.5,0.4,-1.0,0.0,-2.311000000000188,1.0,0.4,-0.91,0.0
7.843999999999907,-34.35599999999986,0.4,0.02,-0.98,-10.402000000000086,2.2,0.4,-0.91,0.0,-8.402000000000125,-1.2,0.4,-0.91,0.0,-22.200000000000063,-0.5,0.4,-1.0,0.0,-2.402000000000188,1.0,0.4,-0.91,0.0
7.845999999999907,-34.45399999999986,0.4,0.02,-0.98,-10.493000000000086,2.2,0.4,-0.91,0.0,-8.493000000000125,-1.2,0.4,-0.91,0.0,-22.300000000000065,-0.5,0.4,-1.0,0.0,-2.493000000000188,1.0,0.4,-0.91,0.0
7.847999999999907,-34.55199999999986,0.4,0.02,-0.98,-10.584000000000085,2.2,0.4,-0.91,0.0,-8.584000000000124,-1.2,0.4,-0.91,0.0,-22.400000000000066,-0.5,0.4,-1.0,0.0,-2.5840000000001884,1.0,0.4,-0.91,0.0
7.849999999999906,-34.64999999999986,0.4,0.02,-0.98,-10.675000000000084,2.2,0.4,-0.91,0.0,-8.675000000000123,-1.2,0.4,-0.91,0.0,-22.500000000000068,-0.5,0.4,-1.0,0.0,-2.6750000000001886,1.0,0.4,-0.91,0.0
7.851999999999906,-34.747999999999855,0.4,0.02,-0.98,-10.766000000000084,2.2,0.4,-0.91,0.0,-8.766000000000123,-1.2,0.4,-0.91,0.0,-22.60000000000007,-0.5,0.4,-1.0,0.0,-2.7660000000001888,1.0,0.4,-0.91,0.0
7.853999999999906,-34.845999999999854,0.4,0.02,-0.98,-10.857000000000083,2.2,0.4,-0.91,0.0,-8.857000000000122,-1.2,0.4,-0.91,0.0,-22.70000000000007,-0.5,0.4,-1.0,0.0,-2.857000000000189,1.0,0.4,-0.91,0.0
7.855999999999906,-34.94399999999985,0.4,0.02,-0.98,-10.948000000000082,2.2,0.4,-0.91,0.0,-8.948000000000121,-1.2,0.4,-0.91,0.0,-22.80000000000007,-0.5,0.4,-1.0,0.0,-2.948000000000189,1.0,0.4,-0.91,0.0
7.8579999999999055,-35.04199999999985,0.4,0.02,-0.98,-11.039000000000081,2.2,0.4,-0.91,0.0,-9.03900000000012,-1.2,0.4,-0.91,0.0,-22.900000000000073,-0.5,0.4,-1.0,0.0,-3.0390000000001893,1.0,0.4,-0.91,0.0
7.859999999999905,-35.13999999999985,0.4,0.02,-0.98,-11.13000000000008,2.2,0.4,-0.91,0.0,-9.13000000000012,-1.2,0.4,-0.91,0.0,-23.000000000000075,-0.5,0.4,-1.0,0.0,-3.1300000000001895,1.0,0.4,-0.91,0.0
7.861999999999905,-35.23799999999985,0.4,0.02,-0.98,-11.22100000000008,2.2,0.4,-0.91,0.0,-9.221000000000119,-1.2,0.4,-0.91,0.0,-23.100000000000076,-0.5,0.4,-1.0,0.0,-3.2210000000001897,1.0,0.4,-0.91,0.0
7.863999999999905,-35.33599999999985,0.4,0.02,-0.98,-11.31200000000008,2.2,0.4,-0.91,0.0,-9.312000000000118,-1.2,0.4,-0.91,0.0,-23.200000000000077,-0.5,0.4,-1.0,0.0,-3.31200000000019,1.0,0.4,-0.91,0.0
7.865999999999905,-35.43399999999985,0.4,0.02,-0.98,-11.403000000000079,2.2,0.4,-0.91,0.0,-9.403000000000118,-1.2,0.4,-0.91,0.0,-23.30000000000008,-0.5,0.4,-1.0,0.0,-3.40300000000019,1.0,0.4,-0.91,0.0
7.867999999999904,-35.53199999999985,0.4,0.02,-0.98,-11.494000000000078,2.2,0.4,-0.91,0.0,-9.494000000000117,-1.2,0.4,-0.91,0.0,-23.40000000000008,-0.5,0.4,-1.0,0.0,-3.4940000000001903,1.0,0.4,-0.91,0.0
7.869999999999904,-35.629999999999846,0.4,0.02,-0.98,-11.585000000000077,2.2,0.4,-0.91,0.0,-9.585000000000116,-1.2,0.4,-0.91,0.0,-23.50000000000008,-0.5,0.4,-1.0,0.0,-3.5850000000001905,1.0,0.4,-0.91,0.0
7.871999999999904,-35.727999999999845,0.4,0.02,-0.98,-11.676000000000077,2.2,0.4,-0.91,0.0,-9.676000000000116,-1.2,0.4,-0.91,0.0,-23.600000000000083,-0.5,0.4,-1.0,0.0,-3.6760000000001907,1.0,0.4,-0.91,0.0
7.873999999999904,-35.825999999999844,0.4,0.02,-0.98,-11.767000000000076,2.2,0.4,-0.91,0.0,-9.767000000000115,-1.2,0.4,-0.91,0.0,-23.700000000000085,-0.5,0.4,-1.0,0.0,-3.767000000000191,1.0,0.4,-0.91,0.0
7.8759999999999035,-35.92399999999984,0.4,0.02,-0.98,-11.858000000000075,2.2,0.4,-0.91,0.0,-9.858000000000114,-1.2,0.4,-0.91,0.0,-23.800000000000086,-0.5,0.4,-1.0,0.0,-3.858000000000191,1.0,0.4,-0.91,0.0
7.877999999999903,-36.02199999999984,0.4,0.02,-0.98,-11.949000000000074,2.2,0.4,-0.91,0.0,-9.949000000000114,-1.2,0.4,-0.91,0.0,-23.900000000000087,-0.5,0.4,-1.0,0.0,-3.9490000000001912,1.0,0.4,-0.91,0.0
7.879999999999903,-36.11999999999984,0.4,0.02,-0.98,-12.040000000000074,2.2,0.4,-0.91,0.0,-10.040000000000113,-1.2,0.4,-0.91,0.0,-24.00000000000009,-0.5,0.4,-1.0,0.0,-4.040000000000191,1.0,0.4,-0.91,0.0
7.881999999999903,-36.21799999999984,0.4,0.02,-0.98,-12.131000000000073,2.2,0.4,-0.91,0.0,-10.131000000000112,-1.2,0.4,-0.91,0.0,-24.10000000000009,-0.5,0.4,-1.0,0.0,-4.131000000000191,1.0,0.4,-0.91,0.0
7.883999999999903,-36.31599999999984,0.4,0.02,-0.98,-12.222000000000072,2.2,0.4,-0.91,0.0,-10.222000000000111,-1.2,0.4,-0.91,0.0,-24.20000000000009,-0.5,0.4,-1.0,0.0,-4.222000000000191,1.0,0.4,-0.91,0.0
7.885999999999902,-36.41399999999984,0.4,0.02,-0.98,-12.313000000000072,2.2,0.4,-0.91,0.0,-10.31300000000011,-1.2,0.4,-0.91,0.0,-24.300000000000093,-0.5,0.4,-1.0,0.0,-4.313000000000192,1.0,0.4,-0.91,0.0
7.887999999999902,-36.51199999999984,0.4,0.02,-0.98,-12.404000000000071,2.2,0.4,-0.91,0.0,-10.40400000000011,-1.2,0.4,-0.91,0.0,-24.400000000000095,-0.5,0.4,-1.0,0.0,-4.404000000000192,1.0,0.4,-0.91,0.0
7.889999999999902,-36.609999999999836,0.4,0.02,-0.98,-12.49500000000007,2.2,0.4,-0.91,0.0,-10.49500000000011,-1.2,0.4,-0.91,0.0,-24.500000000000096,-0.5,0.4,-1.0,0.0,-4.495000000000192,1.0,0.4,-0.91,0.0
7.891999999999902,-36.707999999999835,0.4,0.02,-0.98,-12.58600000000007,2.2,0.4,-0.91,0.0,-10.586000000000109,-1.2,0.4,-0.91,0.0,-24.600000000000097,-0.5,0.4,-1.0,0.0,-4.586000000000192,1.0,0.4,-0.91,0.0
7.8939999999999015,-36.805999999999834,0.4,0.02,-0.98,-12.677000000000069,2.2,0.4,-0.91,0.0,-10.677000000000108,-1.2,0.4,-0.91,0.0,-24.7000000000001,-0.5,0.4,-1.0,0.0,-4.677000000000192,1.0,0.4,-0.91,0.0
7.895999999999901,-36.90399999999983,0.4,0.02,-0.98,-12.768000000000068,2.2,0.4,-0.91,0.0,-10.768000000000107,-1.2,0.4,-0.91,0.0,-24.8000000000001,-0.5,0.4,-1.0,0.0,-4.7680000000001925,1.0,0.4,-0.91,0.0
7.897999999999901,-37.00199999999983,0.4,0.02,-0.98,-12.859000000000067,2.2,0.4,-0.91,0.0,-10.859000000000107,-1.2,0.4,-0.91,0.0,-24.9000000000001,-0.5,0.4,-1.0,0.0,-4.859000000000193,1.0,0.4,-0.91,0.0
7.899999999999901,-37.09999999999983,0.4,0.02,-0.98,-12.950000000000067,2.2,0.4,-0.91,0.0,-10.950000000000106,-1.2,0.4,-0.91,0.0,-25.000000000000103,-0.5,0.4,-1.0,0.0,-4.950000000000193,1.0,0.4,-0.91,0.0
7.901999999999901,-37.19799999999983,0.4,0.02,-0.98,-13.041000000000066,2.2,0.4,-0.91,0.0,-11.041000000000105,-1.2,0.4,-0.91,0.0,-25.100000000000104,-0.5,0.4,-1.0,0.0,-5.041000000000193,1.0,0.4,-0.91,0.0
7.9039999999999,-37.29599999999983,0.4,0.02,-0.98,-13.132000000000065,2.2,0.4,-0.91,0.0,-11.132000000000104,-1.2,0.4,-0.91,0.0,-25.200000000000106,-0.5,0.4,-1.0,0.0,-5.132000000000193,1.0,0.4,-0.91,0.0
7.9059999999999,-37.39399999999983,0.4,0.02,-0.98,-13.223000000000065,2.2,0.4,-0.91,0.0,-11.223000000000104,-1.2,0.4,-0.91,0.0,-25.300000000000107,-0.5,0.4,-1.0,0.0,-5.2230000000001935,1.0,0.4,-0.91,0.0
7.9079999999999,-37.49199999999983,0.4,0.02,-0.98,-13.314000000000064,2.2,0.4,-0.91,0.0,-11.314000000000103,-1.2,0.4,-0.91,0.0,-25.40000000000011,-0.5,0.4,-1.0,0.0,-5.314000000000194,1.0,0.4,-0.91,0.0
7.9099999999999,-37.589999999999826,0.4,0.02,-0.98,-13.405000000000063,2.2,0.4,-0.91,0.0,-11.405000000000102,-1.2,0.4,-0.91,0.0,-25.50000000000011,-0.5,0.4,-1.0,0.0,-5.405000000000194,1.0,0.4,-0.91,0.0
7.9119999999999,-37.687999999999825,0.4,0.02,-0.98,-13.496000000000063,2.2,0.4,-0.91,0.0,-11.496000000000102,-1.2,0.4,-0.91,0.0,-25.60000000000011,-0.5,0.4,-1.0,0.0,-5.496000000000194,1.0,0.4,-0.91,0.0
7.913999999999899,-37.785999999999824,0.4,0.02,-0.98,-13.587000000000062,2.2,0.4,-0.91,0.0,-11.587000000000101,-1.2,0.4,-0.91,0.0,-25.700000000000113,-0.5,0.4,-1.0,0.0,-5.587000000000194,1.0,0.4,-0.91,0.0
7.915999999999899,-37.88399999999982,0.4,0.02,-0.98,-13.678000000000061,2.2,0.4,-0.91,0.0,-11.6780000000001,-1.2,0.4,-0.91,0.0,-25.800000000000114,-0.5,0.4,-1.0,0.0,-5.6780000000001944,1.0,0.4,-0.91,0.0
7.917999999999899,-37.98199999999982,0.4,0.02,-0.98,-13.76900000000006,2.2,0.4,-0.91,0.0,-11.7690000000001,-1.2,0.4,-0.91,0.0,-25.900000000000116,-0.5,0.4,-1.0,0.0,-5.769000000000195,1.0,0.4,-0.91,0.0
7.919999999999899,-38.07999999999982,0.4,0.02,-0.98,-13.86000000000006,2.2,0.4,-0.91,0.0,-11.860000000000099,-1.2,0.4,-0.91,0.0,-26.000000000000117,-0.5,0.4,-1.0,0.0,-5.860000000000195,1.0,0.4,-0.91,0.0
7.9219999999998985,-38.17799999999982,0.4,0.02,-0.98,-13.95100000000006,2.2,0.4,-0.91,0.0,-11.951000000000098,-1.2,0.4,-0.91,0.0,-26.10000000000012,-0.5,0.4,-1.0,0.0,-5.951000000000195,1.0,0.4,-0.91,0.0
7.923999999999898,-38.27599999999982,0.4,0.02,-0.98,-14.042000000000058,2.2,0.4,-0.91,0.0,-12.042000000000098,-1.2,0.4,-0.91,0.0,-26.20000000000012,-0.5,0.4,-1.0,0.0,-6.042000000000195,1.0,0.4,-0.91,0.0
7.925999999999898,-38.37399999999982,0.4,0.02,-0.98,-14.133000000000058,2.2,0.4,-0.91,0.0,-12.133000000000097,-1.2,0.4,-0.91,0.0,-26.30000000000012,-0.5,0.4,-1.0,0.0,-6.133000000000195,1.0,0.4,-0.91,0.0
7.927999999999898,-38.47199999999982,0.4,0.02,-0.98,-14.224000000000057,2.2,0.4,-0.91,0.0,-12.224000000000096,-1.2,0.4,-0.91,0.0,-26.400000000000123,-0.5,0.4,-1.0,0.0,-6.224000000000196,1.0,0.4,-0.91,0.0
7.929999999999898,-38.569999999999816,0.4,0.02,-0.98,-14.315000000000056,2.2,0.4,-0.91,0.0,-12.315000000000095,-1.2,0.4,-0.91,0.0,-26.500000000000124,-0.5,0.4,-1.0,0.0,-6.315000000000196,1.0,0.4,-0.91,0.0
7.931999999999897,-38.667999999999815,0.4,0.02,-0.98,-14.406000000000056,2.2,0.4,-0.91,0.0,-12.406000000000095,-1.2,0.4,-0.91,0.0,-26.600000000000126,-0.5,0.4,-1.0,0.0,-6.406000000000196,1.0,0.4,-0.91,0.0
7.933999999999897,-38.76599999999981,0.4,0.02,-0.98,-14.497000000000055,2.2,0.4,-0.91,0.0,-12.497000000000094,-1.2,0.4,-0.91,0.0,-26.700000000000127,-0.5,0.4,-1.0,0.0,-6.497000000000196,1.0,0.4,-0.91,0.0
7.935999999999897,-38.86399999999981,0.4,0.02,-0.98,-14.588000000000054,2.2,0.4,-0.91,0.0,-12.588000000000093,-1.2,0.4,-0.91,0.0,-26.80000000000013,-0.5,0.4,-1.0,0.0,-6.588000000000196,1.0,0.4,-0.91,0.0
7.937999999999897,-38.96199999999981,0.4,0.02,-0.98,-14.679000000000054,2.2,0.4,-0.91,0.0,-12.679000000000093,-1.2,0.4,-0.91,0.0,-26.90000000000013,-0.5,0.4,-1.0,0.0,-6.679000000000197,1.0,0.4,-0.91,0.0
7.9399999999998965,-39.05999999999981,0.4,0.02,-0.98,-14.770000000000053,2.2,0.4,-0.91,0.0,-12.770000000000092,-1.2,0.4,-0.91,0.0,-27.00000000000013,-0.5,0.4,-1.0,0.0,-6.770000000000197,1.0,0.4,-0.91,0.0
7.941999999999896,-39.15799999999981,0.4,0.02,-0.98,-14.861000000000052,2.2,0.4,-0.91,0.0,-12.861000000000091,-1.2,0.4,-0.91,0.0,-27.100000000000133,-0.5,0.4,-1.0,0.0,-6.861000000000197,1.0,0.4,-0.91,0.0
7.943999999999896,-39.25599999999981,0.4,0.02,-0.98,-14.952000000000051,2.2,0.4,-0.91,0.0,-12.95200000000009,-1.2,0.4,-0.91,0.0,-27.200000000000134,-0.5,0.4,-1.0,0.0,-6.952000000000197,1.0,0.4,-0.91,0.0
7.945999999999896,-39.35399999999981,0.4,0.02,-0.98,-15.04300000000005,2.2,0.4,-0.91,0.0,-13.04300000000009,-1.2,0.4,-0.91,0.0,-27.300000000000136,-0.5,0.4,-1.0,0.0,-7.043000000000197,1.0,0.4,-0.91,0.0
7.947999999999896,-39.451999999999806,0.4,0.02,-0.98,-15.13400000000005,2.2,0.4,-0.91,0.0,-13.13400000000009,-1.2,0.4,-0.91,0.0,-27.400000000000137,-0.5,0.4,-1.0,0.0,-7.1340000000001975,1.0,0.4,-0.91,0.0
7.949999999999895,-39.549999999999805,0.4,0.02,-0.98,-15.22500000000005,2.2,0.4,-0.91,0.0,-13.225000000000088,-1.2,0.4,-0.91,0.0,-27.50000000000014,-0.5,0.4,-1.0,0.0,-7.225000000000198,1.0,0.4,-0.91,0.0
7.951999999999895,-39.647999999999804,0.4,0.02,-0.98,-15.316000000000049,2.2,0.4,-0.91,0.0,-13.316000000000088,-1.2,0.4,-0.91,0.0,-27.60000000000014,-0.5,0.4,-1.0,0.0,-7.316000000000198,1.0,0.4,-0.91,0.0
7.953999999999895,-39.7459999999998,0.4,0.02,-0.98,-15.407000000000048,2.2,0.4,-0.91,0.0,-13.407000000000087,-1.2,0.4,-0.91,0.0,-27.70000000000014,-0.5,0.4,-1.0,0.0,-7.407000000000198,1.0,0.4,-0.91,0.0
7.955999999999895,-39.8439999999998,0.4,0.02,-0.98,-15.498000000000047,2.2,0.4,-0.91,0.0,-13.498000000000086,-1.2,0.4,-0.91,0.0,-27.800000000000143,-0.5,0.4,-1.0,0.0,-7.498000000000198,1.0,0.4,-0.91,0.0
7.9579999999998945,-39.9419999999998,0.4,0.02,-0.98,-15.589000000000047,2.2,0.4,-0.91,0.0,-13.589000000000086,-1.2,0.4,-0.91,0.0,-27.900000000000144,-0.5,0.4,-1.0,0.0,-7.5890000000001985,1.0,0.4,-0.91,0.0
7.959999999999894,-40.0399999999998,0.4,0.02,-0.98,-15.680000000000046,2.2,0.4,-0.91,0.0,-13.680000000000085,-1.2,0.4,-0.91,0.0,-28.000000000000146,-0.5,0.4,-1.0,0.0,-7.680000000000199,1.0,0.4,-0.91,0.0
7.961999999999894,-40.1379999999998,0.4,0.02,-0.98,-15.771000000000045,2.2,0.4,-0.91,0.0,-13.771000000000084,-1.2,0.4,-0.91,0.0,-28.100000000000147,-0.5,0.4,-1.0,0.0,-7.771000000000199,1.0,0.4,-0.91,0.0
7.963999999999894,-40.2359999999998,0.4,0.02,-0.98,-15.862000000000045,2.2,0.4,-0.91,0.0,-13.862000000000084,-1.2,0.4,-0.91,0.0,-28.20000000000015,-0.5,0.4,-1.0,0.0,-7.862000000000199,1.0,0.4,-0.91,0.0
7.965999999999894,-40.3339999999998,0.4,0.02,-0.98,-15.953000000000044,2.2,0.4,-0.91,0.0,-13.953000000000083,-1.2,0.4,-0.91,0.0,-28.30000000000015,-0.5,0.4,-1.0,0.0,-7.953000000000199,1.0,0.4,-0.91,0.0
7.967999999999893,-40.431999999999796,0.4,0.02,-0.98,-16.044000000000043,2.2,0.4,-0.91,0.0,-14.044000000000082,-1.2,0.4,-0.91,0.0,-28.40000000000015,-0.5,0.4,-1.0,0.0,-8.0440000000002,1.0,0.4,-0.91,0.0
7.969999999999893,-40.529999999999795,0.4,0.02,-0.98,-16.135000000000044,2.2,0.4,-0.91,0.0,-14.135000000000081,-1.2,0.4,-0.91,0.0,-28.500000000000153,-0.5,0.4,-1.0,0.0,-8.135000000000199,1.0,0.4,-0.91,0.0
7.971999999999893,-40.627999999999794,0.4,0.02,-0.98,-16.226000000000045,2.2,0.4,-0.91,0.0,-14.22600000000008,-1.2,0.4,-0.91,0.0,-28.600000000000154,-0.5,0.4,-1.0,0.0,-8.226000000000198,1.0,0.4,-0.91,0.0
7.973999999999893,-40.72599999999979,0.4,0.02,-0.98,-16.317000000000046,2.2,0.4,-0.91,0.0,-14.31700000000008,-1.2,0.4,-0.91,0.0,-28.700000000000156,-0.5,0.4,-1.0,0.0,-8.317000000000197,1.0,0.4,-0.91,0.0
7.9759999999998925,-40.82399999999979,0.4,0.02,-0.98,-16.408000000000047,2.2,0.4,-0.91,0.0,-14.40800000000008,-1.2,0.4,-0.91,0.0,-28.800000000000157,-0.5,0.4,-1.0,0.0,-8.408000000000197,1.0,0.4,-0.91,0.0
7.977999999999892,-40.92199999999979,0.4,0.02,-0.98,-16.49900000000005,2.2,0.4,-0.91,0.0,-14.499000000000079,-1.2,0.4,-0.91,0.0,-28.90000000000016,-0.5,0.4,-1.0,0.0,-8.499000000000196,1.0,0.4,-0.91,0.0
7.979999999999892,-41.01999999999979,0.4,0.02,-0.98,-16.59000000000005,2.2,0.4,-0.91,0.0,-14.590000000000078,-1.2,0.4,-0.91,0.0,-29.00000000000016,-0.5,0.4,-1.0,0.0,-8.590000000000195,1.0,0.4,-0.91,0.0
7.981999999999892,-41.11799999999979,0.4,0.02,-0.98,-16.68100000000005,2.2,0.4,-0.91,0.0,-14.681000000000077,-1.2,0.4,-0.91,0.0,-29.10000000000016,-0.5,0.4,-1.0,0.0,-8.681000000000195,1.0,0.4,-0.91,0.0
7.983999999999892,-41.21599999999979,0.4,0.02,-0.98,-16.77200000000005,2.2,0.4,-0.91,0.0,-14.772000000000077,-1.2,0.4,-0.91,0.0,-29.200000000000163,-0.5,0.4,-1.0,0.0,-8.772000000000194,1.0,0.4,-0.91,0.0
7.985999999999891,-41.31399999999979,0.4,0.02,-0.98,-16.863000000000053,2.2,0.4,-0.91,0.0,-14.863000000000076,-1.2,0.4,-0.91,0.0,-29.300000000000164,-0.5,0.4,-1.0,0.0,-8.863000000000193,1.0,0.4,-0.91,0.0
7.987999999999891,-41.411999999999786,0.4,0.02,-0.98,-16.954000000000054,2.2,0.4,-0.91,0.0,-14.954000000000075,-1.2,0.4,-0.91,0.0,-29.400000000000166,-0.5,0.4,-1.0,0.0,-8.954000000000192,1.0,0.4,-0.91,0.0
7.989999999999891,-41.509999999999785,0.4,0.02,-0.98,-17.045000000000055,2.2,0.4,-0.91,0.0,-15.045000000000075,-1.2,0.4,-0.91,0.0,-29.500000000000167,-0.5,0.4,-1.0,0.0,-9.045000000000192,1.0,0.4,-0.91,0.0
7.991999999999891,-41.607999999999784,0.4,0.02,-0.98,-17.136000000000056,2.2,0.4,-0.91,0.0,-15.136000000000074,-1.2,0.4,-0.91,0.0,-29.60000000000017,-0.5,0.4,-1.0,0.0,-9.136000000000191,1.0,0.4,-0.91,0.0
7.9939999999998905,-41.70599999999978,0.4,0.02,-0.98,-17.227000000000057,2.2,0.4,-0.91,0.0,-15.227000000000073,-1.2,0.4,-0.91,0.0,-29.70000000000017,-0.5,0.4,-1.0,0.0,-9.22700000000019,1.0,0.4,-0.91,0.0
7.99599999999989,-41.80399999999978,0.4,0.02,-0.98,-17.31800000000006,2.2,0.4,-0.91,0.0,-15.318000000000072,-1.2,0.4,-0.91,0.0,-29.80000000000017,-0.5,0.4,-1.0,0.0,-9.31800000000019,1.0,0.4,-0.91,0.0
7.99799999999989,-41.90199999999978,0.4,0.02,-0.98,-17.40900000000006,2.2,0.4,-0.91,0.0,-15.409000000000072,-1.2,0.4,-0.91,0.0,-29.900000000000173,-0.5,0.4,-1.0,0.0,-9.409000000000189,1.0,0.4,-0.91,0.0
7.99999999999989,-41.99999999999978,0.4,0.02,-0.98,-17.50000000000006,2.2,0.4,-0.91,0.0,-15.500000000000071,-1.2,0.4,-0.91,0.0,-30.000000000000174,-0.5,0.4,-1.0,0.0,-9.500000000000188,1.0,0.4,-0.91,0.0
