scenario,controller,episode_id,seed,results_path,success,failed,final_distance,steps,arrival_time,path_length,min_obstacle_clearance,mean_terrain_risk,mean_cmd_real_error,mean_residual_norm,control_smoothness,control_jerk,mean_mppi_time_ms,max_mppi_time_ms,scenario_key,scenario_label,controller_key,controller_label,source_dir,final_distance_nominal,steps_nominal,min_obstacle_clearance_nominal,mean_terrain_risk_nominal,control_smoothness_nominal,control_jerk_nominal,mean_mppi_time_ms_nominal,delta_final_distance,delta_steps,delta_min_obstacle_clearance,delta_mean_terrain_risk,delta_control_smoothness,delta_control_jerk,delta_mean_mppi_time_ms
s5_010_id_random_default_g10_50ep,learned,0,123,results/stage5_d/s5_010_parallel/id_random_default_g10_50ep_seed123_cuda/runs/s5_010_id_random_default_g10_50ep_episode_0000_learned,True,False,0.6995024681091309,211,21.1,8.530542373657227,5.436864852905273,0.24092323070902916,0.027348197996616364,0.019124995917081833,0.00131332787025372,0.0007307808388427046,54.0164669543081,410.0332260131836,id_random,ID random,default g1.0,Default learned,results/stage5_d/s5_010_parallel/id_random_default_g10_50ep_seed123_cuda,0.6625387668609619,102,5.438689708709717,0.31715972176053214,0.002668026162388479,0.0019204252285440456,6.822095197789809,0.036963701248168945,109,-0.0018248558044433594,-0.07623649105150299,-0.001354698292134759,-0.001189644389701341,47.194371756518294
s5_010_id_random_default_g10_50ep,learned,1,124,results/stage5_d/s5_010_parallel/id_random_default_g10_50ep_seed123_cuda/runs/s5_010_id_random_default_g10_50ep_episode_0001_learned,True,False,0.6944074630737305,202,20.200000000000003,19.474437713623047,0.21701478958129883,0.37831479415326613,0.034596800804138184,0.01902857795357704,0.0036553721615909143,0.0027080953550853767,52.66183791774334,69.42033767700195,id_random,ID random,default g1.0,Default learned,results/stage5_d/s5_010_parallel/id_random_default_g10_50ep_seed123_cuda,0.6998726725578308,220,0.9626758098602295,0.31722931263603893,0.003095033748341958,0.0033472950895447142,5.759432099082253,-0.005465209484100342,-18,-0.7456610202789307,0.0610854815172272,0.0005603384132489564,-0.0006391997344593375,46.90240581866109
s5_010_id_random_default_g10_50ep,learned,2,125,results/stage5_d/s5_010_parallel/id_random_default_g10_50ep_seed123_cuda/runs/s5_010_id_random_default_g10_50ep_episode_0002_learned,True,False,0.6961030960083008,126,12.600000000000001,10.893619537353516,2.7915501594543457,0.32907670532087135,0.035710409283638,0.02734784036874771,0.002957121439030708,0.002006716584936109,54.66302803584507,83.03499221801758,id_random,ID random,default g1.0,Default learned,results/stage5_d/s5_010_parallel/id_random_default_g10_50ep_seed123_cuda,0.6796021461486816,126,2.5205979347229004,0.3540279353346069,0.003441860666862325,0.0030917553812925508,6.761427909608871,0.01650094985961914,0,0.2709522247314453,-0.02495123001373556,-0.00048473922783161694,-0.0010850387963564417,47.901600126236204
s5_010_id_random_default_g10_50ep,learned,3,126,results/stage5_d/s5_010_parallel/id_random_default_g10_50ep_seed123_cuda/runs/s5_010_id_random_default_g10_50ep_episode_0003_learned,True,False,0.6750353574752808,77,7.7,5.379830837249756,6.027700901031494,0.21854862032364447,0.027185827493667603,0.01258664671331644,0.002438042549258192,0.0008765280777200316,51.50964662626192,70.65582275390625,id_random,ID random,default g1.0,Default learned,results/stage5_d/s5_010_parallel/id_random_default_g10_50ep_seed123_cuda,0.6937746405601501,64,5.81252384185791,0.22769673573839103,0.00304981448171237,0.0015020301236217616,6.5481215715408325,-0.018739283084869385,13,0.21517705917358398,-0.009148115414746555,-0.0006117719324541782,-0.00062550204590173,44.961525054721086
s5_010_id_random_default_g10_50ep,learned,4,127,results/stage5_d/s5_010_parallel/id_random_default_g10_50ep_seed123_cuda/runs/s5_010_id_random_default_g10_50ep_episode_0004_learned,True,False,0.6979771256446838,119,11.9,9.055845260620117,3.945643901824951,0.2771939980255503,0.04416550695896149,0.02964649349451065,0.002361771541376818,0.001868627350979501,53.35478422020664,73.1501579284668,id_random,ID random,default g1.0,Default learned,results/stage5_d/s5_010_parallel/id_random_default_g10_50ep_seed123_cuda,0.6776947379112244,117,4.196021556854248,0.3008790874514061,0.002777886835244663,0.0029316860303328636,6.024996439615886,0.020282387733459473,2,-0.2503776550292969,-0.023685089425855843,-0.0004161152938678453,-0.0010630586793533626,47.329787780590756
s5_010_id_random_default_g10_50ep,learned,5,128,results/stage5_d/s5_010_parallel/id_random_default_g10_50ep_seed123_cuda/runs/s5_010_id_random_default_g10_50ep_episode_0005_learned,True,False,0.6951869130134583,123,12.3,10.965728759765625,4.3785929679870605,0.28384937342662614,0.03671686351299286,0.02459951676428318,0.0030135139325693765,0.00278649321180086,51.996475312767956,60.6534481048584,id_random,ID random,default g1.0,Default learned,results/stage5_d/s5_010_parallel/id_random_default_g10_50ep_seed123_cuda,0.6583350896835327,120,4.384817600250244,0.3008262631333492,0.003324284044726427,0.003122876943604391,5.88525931040446,0.03685182332992554,3,-0.006224632263183594,-0.016976889706723064,-0.0003107701121570503,-0.00033638373180353096,46.1112160023635
s5_010_id_random_default_g10_50ep,learned,6,129,results/stage5_d/s5_010_parallel/id_random_default_g10_50ep_seed123_cuda/runs/s5_010_id_random_default_g10_50ep_episode_0006_learned,True,False,0.6946696043014526,402,40.2,19.651535034179688,0.2086045742034912,0.3028459837046032,0.03761014714837074,0.019972985610365868,0.0034387324590437482,0.004428694556746029,54.582317077105316,81.56585693359375,id_random,ID random,default g1.0,Default learned,results/stage5_d/s5_010_parallel/id_random_default_g10_50ep_seed123_cuda,0.6409841179847717,192,0.23070955276489258,0.32100483286052395,0.0037494809589165502,0.003905641857522447,6.070099771022797,0.05368548631668091,210,-0.022104978561401367,-0.018158849155920753,-0.000310748499872802,0.0005230526992235818,48.51221730608252
s5_010_id_random_default_g10_50ep,learned,7,130,results/stage5_d/s5_010_parallel/id_random_default_g10_50ep_seed123_cuda/runs/s5_010_id_random_default_g10_50ep_episode_0007_learned,True,False,0.6879409551620483,108,10.8,9.189504623413086,5.1395344734191895,0.29761306635567353,0.026921890676021576,0.0195904653519392,0.0028787553941335775,0.0009638004262257163,52.70659040521692,66.20073318481445,id_random,ID random,default g1.0,Default learned,results/stage5_d/s5_010_parallel/id_random_default_g10_50ep_seed123_cuda,0.695236325263977,92,5.1395344734191895,0.31628108325138504,0.003660714367497423,0.0022082307958306963,6.666719913482666,-0.007295370101928711,16,0.0,-0.018668016895711514,-0.0007819589733638454,-0.00124443036960498,46.039870491734256
s5_010_id_random_default_g10_50ep,learned,8,131,results/stage5_d/s5_010_parallel/id_random_default_g10_50ep_seed123_cuda/runs/s5_010_id_random_default_g10_50ep_episode_0008_learned,True,False,0.6952607035636902,152,15.200000000000001,12.761770248413086,5.2077131271362305,0.3480892256212332,0.048232343047857285,0.03573644906282425,0.0024624335571029055,0.0018882104896565692,51.34442919179013,63.87472152709961,id_random,ID random,default g1.0,Default learned,results/stage5_d/s5_010_parallel/id_random_default_g10_50ep_seed123_cuda,0.6852608323097229,160,5.414905071258545,0.3894159640532052,0.0028523926144796716,0.0028056541016784286,5.34365177154541,0.009999871253967285,-8,-0.20719194412231445,-0.04132673843197204,-0.00038995905737676615,-0.0009174436120218594,46.00077742024472
s5_010_id_random_default_g10_50ep,learned,9,132,results/stage5_d/s5_010_parallel/id_random_default_g10_50ep_seed123_cuda/runs/s5_010_id_random_default_g10_50ep_episode_0009_learned,True,False,0.6922687292098999,164,16.400000000000002,15.796527862548828,0.21802031993865967,0.3014910107707071,0.04331096634268761,0.030465038493275642,0.0033393714352623178,0.00294357821817957,54.58951432530473,87.57758140563965,id_random,ID random,default g1.0,Default learned,results/stage5_d/s5_010_parallel/id_random_default_g10_50ep_seed123_cuda,0.6810680627822876,167,0.23419654369354248,0.31889729885674434,0.0036975762794028907,0.003846463574061773,5.5283914783043775,0.011200666427612305,-3,-0.016176223754882812,-0.017406288086037225,-0.00035820484414057297,-0.000902885355882203,49.06112284700035
s5_010_id_random_default_g10_50ep,learned,10,133,results/stage5_d/s5_010_parallel/id_random_default_g10_50ep_seed123_cuda/runs/s5_010_id_random_default_g10_50ep_episode_0010_learned,True,False,0.6919236779212952,119,11.9,9.800189971923828,5.120909690856934,0.33741576205870577,0.040373194962739944,0.024030139669775963,0.002633257977055151,0.0020039390758262035,50.170125079756026,58.211326599121094,id_random,ID random,default g1.0,Default learned,results/stage5_d/s5_010_parallel/id_random_default_g10_50ep_seed123_cuda,0.6686506271362305,107,5.371252536773682,0.35512589660906185,0.003191674961209676,0.0030226699631841166,5.581296492959852,0.023273050785064697,12,-0.25034284591674805,-0.017710134550356083,-0.0005584169841545247,-0.001018730887357913,44.588828586796176
s5_010_id_random_default_g10_50ep,learned,11,134,results/stage5_d/s5_010_parallel/id_random_default_g10_50ep_seed123_cuda/runs/s5_010_id_random_default_g10_50ep_episode_0011_learned,True,False,0.6979130506515503,152,15.200000000000001,13.243341445922852,4.4649176597595215,0.3544845577351321,0.03423040732741356,0.020858369767665863,0.003202338776353838,0.0019529397444454511,52.298577208268014,70.61362266540527,id_random,ID random,default g1.0,Default learned,results/stage5_d/s5_010_parallel/id_random_default_g10_50ep_seed123_cuda,0.6884679198265076,148,4.4649176597595215,0.3559974737697819,0.00338143763050046,0.002726269802632823,6.399085392823091,0.009445130825042725,4,0.0,-0.0015129160346498138,-0.00017909885414662229,-0.0007733300581873718,45.899491815444925
s5_010_id_random_default_g10_50ep,learned,12,135,results/stage5_d/s5_010_parallel/id_random_default_g10_50ep_seed123_cuda/runs/s5_010_id_random_default_g10_50ep_episode_0012_learned,True,False,0.6945343017578125,202,20.200000000000003,18.881175994873047,0.2084181308746338,0.4036051017705537,0.04434395954012871,0.028059741482138634,0.0031651387509928097,0.0023666610455923397,51.0260020152177,68.50147247314453,id_random,ID random,default g1.0,Default learned,results/stage5_d/s5_010_parallel/id_random_default_g10_50ep_seed123_cuda,0.6917493939399719,210,0.09403729438781738,0.42571239314855897,0.003742588216126294,0.0034294395008513602,6.439656303042457,0.002784907817840576,-8,0.1143808364868164,-0.022107291378005267,-0.0005774494651334845,-0.0010627784552590205,44.586345712175245
s5_010_id_random_default_g10_50ep,learned,13,136,results/stage5_d/s5_010_parallel/id_random_default_g10_50ep_seed123_cuda/runs/s5_010_id_random_default_g10_50ep_episode_0013_learned,True,False,0.6937897801399231,96,9.600000000000001,6.53570556640625,6.804360866546631,0.2569702600486077,0.03305746242403984,0.018526092171669006,0.0022039225778187955,0.0008220908973878875,50.993832449118294,69.23651695251465,id_random,ID random,default g1.0,Default learned,results/stage5_d/s5_010_parallel/id_random_default_g10_50ep_seed123_cuda,0.6864275336265564,74,6.804360866546631,0.288513990894579,0.002980010982085938,0.0017579459975785097,4.814106064873773,0.007362246513366699,22,0.0,-0.03154373084597134,-0.0007760884042671426,-0.0009358551001906223,46.17972638424452
s5_010_id_random_default_g10_50ep,learned,14,137,results/stage5_d/s5_010_parallel/id_random_default_g10_50ep_seed123_cuda/runs/s5_010_id_random_default_g10_50ep_episode_0014_learned,True,False,0.6872995495796204,137,13.700000000000001,10.799331665039062,4.556440353393555,0.3122228922939946,0.04387684538960457,0.027785474434494972,0.0025498744782232055,0.0017099140906214705,54.783403438373206,73.74119758605957,id_random,ID random,default g1.0,Default learned,results/stage5_d/s5_010_parallel/id_random_default_g10_50ep_seed123_cuda,0.6618051528930664,130,4.415836811065674,0.3205485868972923,0.002844169048700527,0.0032078671058688936,5.569368142348069,0.025494396686553955,7,0.14060354232788086,-0.00832569460329774,-0.00029429457047732126,-0.0014979530152474231,49.21403529602514
s5_010_id_random_default_g10_50ep,learned,15,138,results/stage5_d/s5_010_parallel/id_random_default_g10_50ep_seed123_cuda/runs/s5_010_id_random_default_g10_50ep_episode_0015_learned,True,False,0.6865299344062805,143,14.3,12.86782455444336,5.885732173919678,0.2815305033445597,0.040645964443683624,0.02397129498422146,0.0030502563839521135,0.0024872805755422217,57.635927533769944,97.31578826904297,id_random,ID random,default g1.0,Default learned,results/stage5_d/s5_010_parallel/id_random_default_g10_50ep_seed123_cuda,0.6984654664993286,145,5.813125133514404,0.2848544639389177,0.0033551808969613265,0.003666505063427406,5.623868416095602,-0.011935532093048096,-2,0.07260704040527344,-0.003323960594358022,-0.00030492451300921306,-0.0011792244878851845,52.01205911767434
s5_010_id_random_default_g10_50ep,learned,16,139,results/stage5_d/s5_010_parallel/id_random_default_g10_50ep_seed123_cuda/runs/s5_010_id_random_default_g10_50ep_episode_0016_learned,True,False,0.6987897157669067,116,11.600000000000001,6.959262847900391,4.461730003356934,0.256703477039038,0.031040504574775696,0.019783075898885727,0.001746920057779865,0.0009899392313814774,55.584424528582346,74.72538948059082,id_random,ID random,default g1.0,Default learned,results/stage5_d/s5_010_parallel/id_random_default_g10_50ep_seed123_cuda,0.684283435344696,84,4.92097282409668,0.2999830722125591,0.002321187822991269,0.0013795663202798897,6.042000793275379,0.014506280422210693,32,-0.4592428207397461,-0.04327959517352109,-0.0005742677652114041,-0.0003896270888984123,49.54242373530697
s5_010_id_random_default_g10_50ep,learned,17,140,results/stage5_d/s5_010_parallel/id_random_default_g10_50ep_seed123_cuda/runs/s5_010_id_random_default_g10_50ep_episode_0017_learned,True,False,0.6949769854545593,190,19.0,15.937264442443848,0.23553025722503662,0.410092813976348,0.051871299743652344,0.04231775552034378,0.002765549597820542,0.0023712781460690524,59.82490087810316,140.53988456726074,id_random,ID random,default g1.0,Default learned,results/stage5_d/s5_010_parallel/id_random_default_g10_50ep_seed123_cuda,0.6911102533340454,207,0.21410131454467773,0.4045570630244351,0.0029610565307121458,0.0030093854784280435,5.432544699037709,0.003866732120513916,-17,0.021428942680358887,0.005535750951912888,-0.00019550693289160362,-0.0006381073323589912,54.39235617906545
s5_010_id_random_default_g10_50ep,learned,18,141,results/stage5_d/s5_010_parallel/id_random_default_g10_50ep_seed123_cuda/runs/s5_010_id_random_default_g10_50ep_episode_0018_learned,True,False,0.6996238231658936,120,12.0,10.728940963745117,4.59269380569458,0.353770828601555,0.0396563895046711,0.03141294792294502,0.003245389665845831,0.0018752184883868324,58.62881739934286,66.43152236938477,id_random,ID random,default g1.0,Default learned,results/stage5_d/s5_010_parallel/id_random_default_g10_50ep_seed123_cuda,0.6799892783164978,129,4.59269380569458,0.3603373848667094,0.003125934715751764,0.0022946944512638474,5.154700242271719,0.019634544849395752,-9,0.0,-0.0065665562651544,0.00011945495009406696,-0.000419475962877015,53.474117157071134
s5_010_id_random_default_g10_50ep,learned,19,142,results/stage5_d/s5_010_parallel/id_random_default_g10_50ep_seed123_cuda/runs/s5_010_id_random_default_g10_50ep_episode_0019_learned,True,False,0.6866439580917358,157,15.700000000000001,14.129324913024902,0.6068376302719116,0.29802237998547193,0.039479516446590424,0.029699206352233887,0.0032219459798740148,0.002491542406495375,59.27696653232453,82.4880599975586,id_random,ID random,default g1.0,Default learned,results/stage5_d/s5_010_parallel/id_random_default_g10_50ep_seed123_cuda,0.6651291847229004,148,0.2151392102241516,0.31182162263001967,0.003509198987498906,0.003374440112026495,7.942523505236651,0.02151477336883545,9,0.39169842004776,-0.013799242644547738,-0.00028725300762489107,-0.0008828977055311202,51.33444302708788
s5_010_id_random_default_g10_50ep,learned,20,143,results/stage5_d/s5_010_parallel/id_random_default_g10_50ep_seed123_cuda/runs/s5_010_id_random_default_g10_50ep_episode_0020_learned,True,False,0.6895055174827576,142,14.200000000000001,12.193429946899414,4.0256242752075195,0.31178190287299,0.04395370930433273,0.03228781744837761,0.0027067355937034996,0.0019440235352017462,64.21651806629879,98.18768501281738,id_random,ID random,default g1.0,Default learned,results/stage5_d/s5_010_parallel/id_random_default_g10_50ep_seed123_cuda,0.6967197060585022,156,4.180720329284668,0.3319642869307688,0.0030984944470059763,0.0027322592617556045,5.319604506859412,-0.007214188575744629,-14,-0.15509605407714844,-0.02018238405777878,-0.0003917588533024767,-0.0007882357265538583,58.896913559439376
s5_010_id_random_default_g10_50ep,learned,21,144,results/stage5_d/s5_010_parallel/id_random_default_g10_50ep_seed123_cuda/runs/s5_010_id_random_default_g10_50ep_episode_0021_learned,True,False,0.6858614087104797,123,12.3,9.145008087158203,4.683677673339844,0.35320632878922376,0.04059400409460068,0.02599162422120571,0.0022184769270890544,0.0016244670032765259,60.475409515504914,99.07817840576172,id_random,ID random,default g1.0,Default learned,results/stage5_d/s5_010_parallel/id_random_default_g10_50ep_seed123_cuda,0.6942082643508911,111,4.747175693511963,0.3786843473644957,0.0025146203197291017,0.002406772850461265,6.549652632292326,-0.008346855640411377,12,-0.06349802017211914,-0.025478018575271932,-0.0002961433926400472,-0.0007823058471847391,53.925756883212586
s5_010_id_random_default_g10_50ep,learned,22,145,results/stage5_d/s5_010_parallel/id_random_default_g10_50ep_seed123_cuda/runs/s5_010_id_random_default_g10_50ep_episode_0022_learned,True,False,0.691405177116394,189,18.900000000000002,18.385663986206055,0.20083904266357422,0.38066364070225045,0.03488987311720848,0.017754055559635162,0.003716788342865728,0.002283290686887107,59.935945682424716,88.21916580200195,id_random,ID random,default g1.0,Default learned,results/stage5_d/s5_010_parallel/id_random_default_g10_50ep_seed123_cuda,0.6935975551605225,184,0.2836439609527588,0.378754114928265,0.003960646179898071,0.0036133459724713574,5.776984536129495,-0.002192378044128418,5,-0.08280491828918457,0.0019095257739854543,-0.00024385783703234328,-0.0013300552855842504,54.15896114629522
s5_010_id_random_default_g10_50ep,learned,23,146,results/stage5_d/s5_010_parallel/id_random_default_g10_50ep_seed123_cuda/runs/s5_010_id_random_default_g10_50ep_episode_0023_learned,True,False,0.6962905526161194,124,12.4,11.371545791625977,2.120800018310547,0.414301354572883,0.036483995616436005,0.02818090096116066,0.0034903174481335534,0.0021652912428706855,58.8251486901314,71.06256484985352,id_random,ID random,default g1.0,Default learned,results/stage5_d/s5_010_parallel/id_random_default_g10_50ep_seed123_cuda,0.6732572913169861,130,1.4161394834518433,0.43552860554880823,0.003492020613580802,0.0030933295577515747,6.393067653362568,0.0230332612991333,-6,0.7046605348587036,-0.02122725097592526,-1.7031654472483837e-06,-0.0009280383148808891,52.432081036768835
s5_010_id_random_default_g10_50ep,learned,24,147,results/stage5_d/s5_010_parallel/id_random_default_g10_50ep_seed123_cuda/runs/s5_010_id_random_default_g10_50ep_episode_0024_learned,True,False,0.6858839392662048,152,15.200000000000001,13.986515045166016,0.6063944101333618,0.35064184585380165,0.03981165587902069,0.026323020458221436,0.003063424658908881,0.002242844078821507,59.80293060603895,80.92880249023438,id_random,ID random,default g1.0,Default learned,results/stage5_d/s5_010_parallel/id_random_default_g10_50ep_seed123_cuda,0.6788231134414673,147,0.22488099336624146,0.34939783246060013,0.0031766353031164605,0.002733321644100801,5.461903656421065,0.007060825824737549,5,0.38151341676712036,0.0012440133932015152,-0.00011321064420757952,-0.0004904775652792939,54.341026949617884
s5_010_id_random_default_g10_50ep,learned,25,148,results/stage5_d/s5_010_parallel/id_random_default_g10_50ep_seed123_cuda/runs/s5_010_id_random_default_g10_50ep_episode_0025_learned,True,False,0.6992213726043701,179,17.900000000000002,16.303699493408203,0.20834779739379883,0.38142491973846804,0.05255357548594475,0.040352147072553635,0.0031067054401488973,0.0018405184012798208,59.88215068199115,95.07036209106445,id_random,ID random,default g1.0,Default learned,results/stage5_d/s5_010_parallel/id_random_default_g10_50ep_seed123_cuda,0.693501889705658,190,0.2093271017074585,0.3839012119451562,0.003180020950063949,0.0033336706163636307,5.022258507577996,0.005719482898712158,-11,-0.000979304313659668,-0.0024762922066881576,-7.33155099150516e-05,-0.00149315221508381,54.859892174413154
s5_010_id_random_default_g10_50ep,learned,26,149,results/stage5_d/s5_010_parallel/id_random_default_g10_50ep_seed123_cuda/runs/s5_010_id_random_default_g10_50ep_episode_0026_learned,True,False,0.6935728192329407,110,11.0,8.272562026977539,5.1634650230407715,0.31664038947211914,0.032222624868154526,0.016484437510371208,0.003123040255316559,0.001866559798009886,57.6450607993386,74.06926155090332,id_random,ID random,default g1.0,Default learned,results/stage5_d/s5_010_parallel/id_random_default_g10_50ep_seed123_cuda,0.6917023062705994,100,5.1634650230407715,0.31293421921110715,0.0032049583170376404,0.002755098841395331,5.495083332061768,0.0018705129623413086,10,0.0,0.0037061702610119984,-8.191806172108164e-05,-0.000888539043385445,52.149977467276834
s5_010_id_random_default_g10_50ep,learned,27,150,results/stage5_d/s5_010_parallel/id_random_default_g10_50ep_seed123_cuda/runs/s5_010_id_random_default_g10_50ep_episode_0027_learned,True,False,0.6921878457069397,180,18.0,17.137693405151367,1.6069544553756714,0.32557263828175365,0.040786467492580414,0.025485064834356308,0.0030561352528364265,0.0031271096329322785,59.90864038467407,82.85212516784668,id_random,ID random,default g1.0,Default learned,results/stage5_d/s5_010_parallel/id_random_default_g10_50ep_seed123_cuda,0.6650334000587463,182,0.8748805522918701,0.35080559397092154,0.003476183211003675,0.0031687199629493765,5.903564966641939,0.02715444564819336,-2,0.7320739030838013,-0.02523295568916789,-0.00042004795816724845,-4.1610330017097935e-05,54.005075418032135
s5_010_id_random_default_g10_50ep,learned,28,151,results/stage5_d/s5_010_parallel/id_random_default_g10_50ep_seed123_cuda/runs/s5_010_id_random_default_g10_50ep_episode_0028_learned,True,False,0.6745076775550842,175,17.5,15.782665252685547,0.4794762134552002,0.39384972635450377,0.03989990055561066,0.021447231993079185,0.0031378656828145567,0.002602385603925126,58.312817982264924,69.25129890441895,id_random,ID random,default g1.0,Default learned,results/stage5_d/s5_010_parallel/id_random_default_g10_50ep_seed123_cuda,0.6925909519195557,160,0.2041912078857422,0.4028226863350028,0.003374917596465098,0.003572427489700992,7.1052223443984985,-0.018083274364471436,15,0.275285005569458,-0.008972959980499018,-0.00023705191365054135,-0.0009700418857758659,51.207595637866426
s5_010_id_random_default_g10_50ep,learned,29,152,results/stage5_d/s5_010_parallel/id_random_default_g10_50ep_seed123_cuda/runs/s5_010_id_random_default_g10_50ep_episode_0029_learned,True,False,0.6741451621055603,70,7.0,5.1192851066589355,4.465327739715576,0.1911336972189331,0.02452617697417736,0.011876928620040417,0.002720718423982358,0.0010327102459831783,63.13816138676235,79.95033264160156,id_random,ID random,default g1.0,Default learned,results/stage5_d/s5_010_parallel/id_random_default_g10_50ep_seed123_cuda,0.6864922046661377,63,4.825278282165527,0.19443656208104734,0.0030088305913281627,0.0012587637045163018,6.0071566748240635,-0.012347042560577393,7,-0.35995054244995117,-0.00330286486211423,-0.00028811216734580484,-0.0002260534585331235,57.13100471193829
s5_010_id_random_default_g10_50ep,learned,30,153,results/stage5_d/s5_010_parallel/id_random_default_g10_50ep_seed123_cuda/runs/s5_010_id_random_default_g10_50ep_episode_0030_learned,True,False,0.6878407597541809,93,9.3,6.526801109313965,5.944199085235596,0.3427431406580855,0.02976437471807003,0.016223156824707985,0.0026683934355244275,0.0010456267057623923,59.394862062187606,65.0632381439209,id_random,ID random,default g1.0,Default learned,results/stage5_d/s5_010_parallel/id_random_default_g10_50ep_seed123_cuda,0.6833585500717163,82,5.944199085235596,0.35807458750922067,0.0026433291291361976,0.001480987712651946,5.464661412122773,0.0044822096824646,11,0.0,-0.015331446851135189,2.506430638822988e-05,-0.0004353610068895536,53.93020065006483
s5_010_id_random_default_g10_50ep,learned,31,154,results/stage5_d/s5_010_parallel/id_random_default_g10_50ep_seed123_cuda/runs/s5_010_id_random_default_g10_50ep_episode_0031_learned,True,False,0.699615478515625,361,36.1,9.156177520751953,4.575923442840576,0.19003976727391342,0.018045391887426376,0.011936139315366745,0.0009816880510623478,0.000878282520901689,60.90502989919562,81.69412612915039,id_random,ID random,default g1.0,Default learned,results/stage5_d/s5_010_parallel/id_random_default_g10_50ep_seed123_cuda,0.6492008566856384,87,5.511199951171875,0.33497555781075206,0.003512219209449661,0.002302828977181437,6.239164834735037,0.05041462182998657,274,-0.9352765083312988,-0.14493579053683864,-0.0025305311583873136,-0.0014245464562797482,54.66586506446058
s5_010_id_random_default_g10_50ep,learned,32,155,results/stage5_d/s5_010_parallel/id_random_default_g10_50ep_seed123_cuda/runs/s5_010_id_random_default_g10_50ep_episode_0032_learned,True,False,0.6929391622543335,125,12.5,10.31936264038086,4.576240539550781,0.332748074899544,0.03870203718543053,0.03047453984618187,0.0029897448494928176,0.001257663285109191,59.36566925048828,76.27391815185547,id_random,ID random,default g1.0,Default learned,results/stage5_d/s5_010_parallel/id_random_default_g10_50ep_seed123_cuda,0.6639490127563477,124,4.799050807952881,0.3536119257534607,0.002986253445158401,0.0020950108333002027,6.680242476924773,0.02899014949798584,1,-0.2228102684020996,-0.020863850853916677,3.4914043344166402e-06,-0.0008373475481910117,52.685426773563506
s5_010_id_random_default_g10_50ep,learned,33,156,results/stage5_d/s5_010_parallel/id_random_default_g10_50ep_seed123_cuda/runs/s5_010_id_random_default_g10_50ep_episode_0033_learned,True,False,0.694202184677124,83,8.3,5.9998393058776855,8.218615531921387,0.2609721435802703,0.025399653241038322,0.016176486387848854,0.002811031244281407,0.001100636576506088,58.99403755923352,64.52178955078125,id_random,ID random,default g1.0,Default learned,results/stage5_d/s5_010_parallel/id_random_default_g10_50ep_seed123_cuda,0.6814977526664734,65,8.218615531921387,0.27929730320838503,0.0035972382634028056,0.0015270619697611838,7.282590866088867,0.012704432010650635,18,0.0,-0.018325159628114707,-0.0007862070191213986,-0.00042642539325509583,51.71144669314465
s5_010_id_random_default_g10_50ep,learned,34,157,results/stage5_d/s5_010_parallel/id_random_default_g10_50ep_seed123_cuda/runs/s5_010_id_random_default_g10_50ep_episode_0034_learned,True,False,0.6988052129745483,304,30.400000000000002,11.809491157531738,3.235198974609375,0.20695959245318638,0.018803322687745094,0.015462583862245083,0.001460428261577109,0.0010047175082671638,60.64179539680481,97.21207618713379,id_random,ID random,default g1.0,Default learned,results/stage5_d/s5_010_parallel/id_random_default_g10_50ep_seed123_cuda,0.6830971837043762,126,2.7951741218566895,0.3617935591097396,0.003428672541202189,0.0027789693123132417,6.053001161605593,0.01570802927017212,178,0.44002485275268555,-0.15483396665655322,-0.00196824427962508,-0.0017742518040460779,54.58879423519922
s5_010_id_random_default_g10_50ep,learned,35,158,results/stage5_d/s5_010_parallel/id_random_default_g10_50ep_seed123_cuda/runs/s5_010_id_random_default_g10_50ep_episode_0035_learned,True,False,0.6824654936790466,148,14.8,13.377124786376953,5.01958703994751,0.36584051446029536,0.038748592138290405,0.0272357277572155,0.0028845590220640534,0.0024137879954656384,61.435317670976794,80.74426651000977,id_random,ID random,default g1.0,Default learned,results/stage5_d/s5_010_parallel/id_random_default_g10_50ep_seed123_cuda,0.6816152334213257,151,5.01958703994751,0.3589905919029921,0.0031340794231423997,0.00346348145804854,6.697111571861418,0.0008502602577209473,-3,0.0,0.006849922557303267,-0.00024952040107834635,-0.0010496934625829017,54.738206099115374
s5_010_id_random_default_g10_50ep,learned,36,159,results/stage5_d/s5_010_parallel/id_random_default_g10_50ep_seed123_cuda/runs/s5_010_id_random_default_g10_50ep_episode_0036_learned,True,False,0.6795758605003357,122,12.200000000000001,10.405023574829102,5.032822132110596,0.32606457017162216,0.034591250121593475,0.018514622002840042,0.002998400196990978,0.001442371546311397,63.881385521810564,83.84966850280762,id_random,ID random,default g1.0,Default learned,results/stage5_d/s5_010_parallel/id_random_default_g10_50ep_seed123_cuda,0.6779212355613708,97,5.106518268585205,0.3403462333413287,0.003075903593669367,0.0019965352860787456,6.647262376608308,0.0016546249389648438,25,-0.07369613647460938,-0.014281663169706527,-7.750339667838939e-05,-0.0005541637397673486,57.234123145202254
s5_010_id_random_default_g10_50ep,learned,37,160,results/stage5_d/s5_010_parallel/id_random_default_g10_50ep_seed123_cuda/runs/s5_010_id_random_default_g10_50ep_episode_0037_learned,True,False,0.6857240796089172,125,12.5,10.168939590454102,3.447197914123535,0.3074989346829243,0.034713972359895706,0.02706800401210785,0.0028074194292487978,0.0019810148979167927,66.05155181884766,71.98143005371094,id_random,ID random,default g1.0,Default learned,results/stage5_d/s5_010_parallel/id_random_default_g10_50ep_seed123_cuda,0.6872981786727905,124,3.0317907333374023,0.32957488500624393,0.003213155159140473,0.0028321761164839614,8.393977918932515,-0.001574099063873291,1,0.4154071807861328,-0.02207595032331966,-0.00040573572989167526,-0.0008511612185671687,57.65757389991514
s5_010_id_random_default_g10_50ep,learned,38,161,results/stage5_d/s5_010_parallel/id_random_default_g10_50ep_seed123_cuda/runs/s5_010_id_random_default_g10_50ep_episode_0038_learned,True,False,0.6988809108734131,234,23.400000000000002,9.078573226928711,4.577672481536865,0.23802930268202316,0.02361643686890602,0.01460446696728468,0.001405692223174374,0.0010384363480411695,61.90930370591644,80.86681365966797,id_random,ID random,default g1.0,Default learned,results/stage5_d/s5_010_parallel/id_random_default_g10_50ep_seed123_cuda,0.698621392250061,103,5.010401725769043,0.3341867123436334,0.0028093924809004123,0.0017182460434120713,7.831031836352302,0.0002595186233520508,131,-0.43272924423217773,-0.09615740966161024,-0.0014037002577260383,-0.0006798096953709019,54.07827186956414
s5_010_id_random_default_g10_50ep,learned,39,162,results/stage5_d/s5_010_parallel/id_random_default_g10_50ep_seed123_cuda/runs/s5_010_id_random_default_g10_50ep_episode_0039_learned,True,False,0.6913579702377319,171,17.1,14.536067008972168,1.846209168434143,0.35211563402848467,0.04904795065522194,0.0350080169737339,0.0028114893783824663,0.002771649679452871,59.34895130625942,69.8390007019043,id_random,ID random,default g1.0,Default learned,results/stage5_d/s5_010_parallel/id_random_default_g10_50ep_seed123_cuda,0.6972640156745911,187,1.514816164970398,0.3583507223840794,0.0029926244186416805,0.002972616663626874,7.990728725086559,-0.005906045436859131,-16,0.3313930034637451,-0.00623508835559472,-0.00018113504025921417,-0.00020096698417400305,51.35822258117287
s5_010_id_random_default_g10_50ep,learned,40,163,results/stage5_d/s5_010_parallel/id_random_default_g10_50ep_seed123_cuda/runs/s5_010_id_random_default_g10_50ep_episode_0040_learned,True,False,0.6999524235725403,110,11.0,10.005782127380371,2.625339984893799,0.3160702159531435,0.034836649894714355,0.02360469475388527,0.0032821390519166306,0.002134093530319817,59.238899837840684,71.33054733276367,id_random,ID random,default g1.0,Default learned,results/stage5_d/s5_010_parallel/id_random_default_g10_50ep_seed123_cuda,0.6937786936759949,114,2.2873783111572266,0.3291942781816225,0.0032958360325643175,0.002515412691629786,8.790827634041769,0.00617372989654541,-4,0.33796167373657227,-0.013124062228479005,-1.369698064768686e-05,-0.00038131916130996904,50.448072203798915
s5_010_id_random_default_g10_50ep,learned,41,164,results/stage5_d/s5_010_parallel/id_random_default_g10_50ep_seed123_cuda/runs/s5_010_id_random_default_g10_50ep_episode_0041_learned,True,False,0.6948346495628357,129,12.9,9.949764251708984,4.931642532348633,0.390787635654637,0.052216365933418274,0.04017583653330803,0.002169389073954156,0.0016026071454800044,61.34368652521178,72.58176803588867,id_random,ID random,default g1.0,Default learned,results/stage5_d/s5_010_parallel/id_random_default_g10_50ep_seed123_cuda,0.6779672503471375,130,4.79803466796875,0.4129914585223574,0.002617762556480894,0.002431550937678515,8.290344018202562,0.016867399215698242,-1,0.1336078643798828,-0.022203822867720435,-0.0004483734825267379,-0.0008289437921985105,53.05334250700922
s5_010_id_random_default_g10_50ep,learned,42,165,results/stage5_d/s5_010_parallel/id_random_default_g10_50ep_seed123_cuda/runs/s5_010_id_random_default_g10_50ep_episode_0042_learned,True,False,0.6709917187690735,170,17.0,16.1926212310791,0.1931106448173523,0.3256768335114911,0.042120255529880524,0.025484954938292503,0.003542787245981763,0.0023369973102934567,58.37703732883229,68.9239501953125,id_random,ID random,default g1.0,Default learned,results/stage5_d/s5_010_parallel/id_random_default_g10_50ep_seed123_cuda,0.6530922055244446,167,0.24921578168869019,0.3285702807855448,0.0035642990229126127,0.0030396457646719795,6.380820702649876,0.017899513244628906,3,-0.05610513687133789,-0.002893447274053662,-2.1511776930849616e-05,-0.0007026484543785228,51.99621662618241
s5_010_id_random_default_g10_50ep,learned,43,166,results/stage5_d/s5_010_parallel/id_random_default_g10_50ep_seed123_cuda/runs/s5_010_id_random_default_g10_50ep_episode_0043_learned,True,False,0.6965577006340027,187,18.7,15.987405776977539,3.0170865058898926,0.3692784814567839,0.033109426498413086,0.01790422759950161,0.0032219955812071745,0.0025336088570427347,56.98917766305852,70.40929794311523,id_random,ID random,default g1.0,Default learned,results/stage5_d/s5_010_parallel/id_random_default_g10_50ep_seed123_cuda,0.6845577359199524,142,2.700967311859131,0.4059674135218686,0.0037330228369797294,0.003402937526104891,5.77901282780607,0.011999964714050293,45,0.3161191940307617,-0.03668893206508472,-0.0005110272557725549,-0.0008693286690621563,51.21016483525245
s5_010_id_random_default_g10_50ep,learned,44,167,results/stage5_d/s5_010_parallel/id_random_default_g10_50ep_seed123_cuda/runs/s5_010_id_random_default_g10_50ep_episode_0044_learned,True,False,0.6965138912200928,149,14.9,13.437328338623047,4.090715408325195,0.3487882021536829,0.035937272012233734,0.02221885696053505,0.0029959859223924,0.0018336380427462864,60.23352578182349,89.2786979675293,id_random,ID random,default g1.0,Default learned,results/stage5_d/s5_010_parallel/id_random_default_g10_50ep_seed123_cuda,0.6872423887252808,141,3.7277002334594727,0.34190496724404,0.003242569176726095,0.002572994862170875,6.4938152935488,0.009271502494812012,8,0.36301517486572266,0.006883234909642877,-0.00024658325433369504,-0.0007393568194245886,53.73971048827469
s5_010_id_random_default_g10_50ep,learned,45,168,results/stage5_d/s5_010_parallel/id_random_default_g10_50ep_seed123_cuda/runs/s5_010_id_random_default_g10_50ep_episode_0045_learned,True,False,0.6935662031173706,85,8.5,5.793380260467529,4.563673496246338,0.22587841930936145,0.032143689692020416,0.017130060121417046,0.0021570687574570743,0.001393313140473914,60.320489546831915,66.74838066101074,id_random,ID random,default g1.0,Default learned,results/stage5_d/s5_010_parallel/id_random_default_g10_50ep_seed123_cuda,0.6767841577529907,69,4.797844886779785,0.2365714113916392,0.0024297748511895195,0.0015194998395742143,7.1285012839497,0.016782045364379883,16,-0.23417139053344727,-0.010692992082277752,-0.00027270609373244515,-0.00012618669910030036,53.19198826288221
s5_010_id_random_default_g10_50ep,learned,46,169,results/stage5_d/s5_010_parallel/id_random_default_g10_50ep_seed123_cuda/runs/s5_010_id_random_default_g10_50ep_episode_0046_learned,True,False,0.6803067326545715,126,12.600000000000001,11.81197738647461,1.0479172468185425,0.36891939873561824,0.037320248782634735,0.018679112195968628,0.0032624425160553026,0.0014787555767419558,58.11067233009944,107.40208625793457,id_random,ID random,default g1.0,Default learned,results/stage5_d/s5_010_parallel/id_random_default_g10_50ep_seed123_cuda,0.6647288203239441,118,0.8968573808670044,0.3571966108023999,0.003333629236031682,0.0027335922196020713,8.346357588040627,0.015577912330627441,8,0.15105986595153809,0.011722787933218348,-7.118671997637929e-05,-0.0012548366428601155,49.764314742058815
s5_010_id_random_default_g10_50ep,learned,47,170,results/stage5_d/s5_010_parallel/id_random_default_g10_50ep_seed123_cuda/runs/s5_010_id_random_default_g10_50ep_episode_0047_learned,True,False,0.6888888478279114,195,19.5,17.320764541625977,2.675873279571533,0.34593690781397385,0.04403156787157059,0.029579591006040573,0.0028272671912358124,0.002650624437406707,57.11719072782076,75.97184181213379,id_random,ID random,default g1.0,Default learned,results/stage5_d/s5_010_parallel/id_random_default_g10_50ep_seed123_cuda,0.6656339764595032,192,3.304126739501953,0.35913600722166544,0.0030733623114962243,0.0036852062290275724,7.125217467546463,0.023254871368408203,3,-0.6282534599304199,-0.013199099407691595,-0.00024609512026041187,-0.0010345817916208653,49.9919732602743
s5_010_id_random_default_g10_50ep,learned,48,171,results/stage5_d/s5_010_parallel/id_random_default_g10_50ep_seed123_cuda/runs/s5_010_id_random_default_g10_50ep_episode_0048_learned,True,False,0.6981250047683716,150,15.0,13.660892486572266,5.055644989013672,0.3863583271034683,0.03492105007171631,0.020544134080410004,0.003425026959425625,0.0023801594483770163,58.531859715779625,79.34784889221191,id_random,ID random,default g1.0,Default learned,results/stage5_d/s5_010_parallel/id_random_default_g10_50ep_seed123_cuda,0.6984661221504211,136,5.047653675079346,0.41103870407900744,0.003540307662936162,0.0037699463482508766,8.023155086180743,-0.00034111738204956055,14,0.007991313934326172,-0.024680376975539153,-0.00011528070351053687,-0.0013897868998738604,50.50870462959888
s5_010_id_random_default_g10_50ep,learned,49,172,results/stage5_d/s5_010_parallel/id_random_default_g10_50ep_seed123_cuda/runs/s5_010_id_random_default_g10_50ep_episode_0049_learned,True,False,0.6665897965431213,124,12.4,10.783564567565918,5.618738651275635,0.32557944858760285,0.03393956646323204,0.0204854067414999,0.003072147845310162,0.001676973884064229,58.589285419833274,84.73610877990723,id_random,ID random,default g1.0,Default learned,results/stage5_d/s5_010_parallel/id_random_default_g10_50ep_seed123_cuda,0.6754865646362305,115,5.839956760406494,0.3369861372303137,0.003153140191819872,0.0026799214190825573,6.337934991587764,-0.00889676809310913,9,-0.22121810913085938,-0.011406688642710827,-8.099234650971003e-05,-0.0010029475350183284,52.25135042824551
s5_010_id_random_current_efficiency_g05_goal35_smooth10_50ep,learned,0,123,results/stage5_d/s5_010_parallel/id_random_current_efficiency_g05_goal35_smooth10_50ep_seed123_cuda/runs/s5_010_id_random_current_efficiency_g05_goal35_smooth10_50ep_episode_0000_learned,True,False,0.6805590391159058,100,10.0,8.305685043334961,5.438689708709717,0.32394881442375484,0.04301253333687782,0.02617143839597702,0.002861446808551959,0.002243994523357947,57.21224069595337,381.20102882385254,id_random,ID random,current 0.5/3.5/1.0,Efficiency,results/stage5_d/s5_010_parallel/id_random_current_efficiency_g05_goal35_smooth10_50ep_seed123_cuda,0.6625387668609619,102,5.438689708709717,0.31715972176053214,0.002668026162388479,0.0019204252285440456,6.822095197789809,0.018020272254943848,-2,0.0,0.0067890926632226956,0.00019342064616348006,0.00032356929481390127,50.39014549816356
s5_010_id_random_current_efficiency_g05_goal35_smooth10_50ep,learned,1,124,results/stage5_d/s5_010_parallel/id_random_current_efficiency_g05_goal35_smooth10_50ep_seed123_cuda/runs/s5_010_id_random_current_efficiency_g05_goal35_smooth10_50ep_episode_0001_learned,True,False,0.6963213682174683,179,17.900000000000002,19.52736473083496,0.562288761138916,0.3845744670529453,0.036932721734046936,0.019461633637547493,0.004154489893437773,0.003806647039082836,51.0217917032082,57.35349655151367,id_random,ID random,current 0.5/3.5/1.0,Efficiency,results/stage5_d/s5_010_parallel/id_random_current_efficiency_g05_goal35_smooth10_50ep_seed123_cuda,0.6998726725578308,220,0.9626758098602295,0.31722931263603893,0.003095033748341958,0.0033472950895447142,5.759432099082253,-0.003551304340362549,-41,-0.4003870487213135,0.06734515441690636,0.0010594561450958154,0.00045935194953812195,45.26235960412595
s5_010_id_random_current_efficiency_g05_goal35_smooth10_50ep,learned,2,125,results/stage5_d/s5_010_parallel/id_random_current_efficiency_g05_goal35_smooth10_50ep_seed123_cuda/runs/s5_010_id_random_current_efficiency_g05_goal35_smooth10_50ep_episode_0002_learned,True,False,0.6657928824424744,116,11.600000000000001,10.688879013061523,2.846465587615967,0.3418157344258487,0.04043792933225632,0.028171567246317863,0.0036826427659236516,0.002707892656461508,53.6740257822234,74.81932640075684,id_random,ID random,current 0.5/3.5/1.0,Efficiency,results/stage5_d/s5_010_parallel/id_random_current_efficiency_g05_goal35_smooth10_50ep_seed123_cuda,0.6796021461486816,126,2.5205979347229004,0.3540279353346069,0.003441860666862325,0.0030917553812925508,6.761427909608871,-0.013809263706207275,-10,0.3258676528930664,-0.012212200908758186,0.00024078209906132656,-0.00038386272483104285,46.91259787261453
s5_010_id_random_current_efficiency_g05_goal35_smooth10_50ep,learned,3,126,results/stage5_d/s5_010_parallel/id_random_current_efficiency_g05_goal35_smooth10_50ep_seed123_cuda/runs/s5_010_id_random_current_efficiency_g05_goal35_smooth10_50ep_episode_0003_learned,True,False,0.6785606741905212,69,6.9,5.339479923248291,5.972742080688477,0.22536594126916804,0.030530331656336784,0.012785124592483044,0.003156673324760716,0.0021171648764671384,50.62220062034717,56.12802505493164,id_random,ID random,current 0.5/3.5/1.0,Efficiency,results/stage5_d/s5_010_parallel/id_random_current_efficiency_g05_goal35_smooth10_50ep_seed123_cuda,0.6937746405601501,64,5.81252384185791,0.22769673573839103,0.00304981448171237,0.0015020301236217616,6.5481215715408325,-0.015213966369628906,5,0.1602182388305664,-0.002330794469222991,0.00010685884304834602,0.0006151347528453768,44.07407904880634
s5_010_id_random_current_efficiency_g05_goal35_smooth10_50ep,learned,4,127,results/stage5_d/s5_010_parallel/id_random_current_efficiency_g05_goal35_smooth10_50ep_seed123_cuda/runs/s5_010_id_random_current_efficiency_g05_goal35_smooth10_50ep_episode_0004_learned,True,False,0.6659415364265442,110,11.0,8.962833404541016,4.194942951202393,0.2988759563162404,0.047656938433647156,0.031486671417951584,0.0031687187317661313,0.002934749403065473,51.1270132931796,71.64883613586426,id_random,ID random,current 0.5/3.5/1.0,Efficiency,results/stage5_d/s5_010_parallel/id_random_current_efficiency_g05_goal35_smooth10_50ep_seed123_cuda,0.6776947379112244,117,4.196021556854248,0.3008790874514061,0.002777886835244663,0.0029316860303328636,6.024996439615886,-0.011753201484680176,-7,-0.0010786056518554688,-0.0020031311351657033,0.0003908318965214681,3.063372732609298e-06,45.10201685356372
s5_010_id_random_current_efficiency_g05_goal35_smooth10_50ep,learned,5,128,results/stage5_d/s5_010_parallel/id_random_current_efficiency_g05_goal35_smooth10_50ep_seed123_cuda/runs/s5_010_id_random_current_efficiency_g05_goal35_smooth10_50ep_episode_0005_learned,True,False,0.6961383819580078,117,11.700000000000001,10.957121849060059,4.4967498779296875,0.2976764045596773,0.03934290632605553,0.02546750009059906,0.0034731260652729684,0.002960171241313215,54.576466226170204,103.20734977722168,id_random,ID random,current 0.5/3.5/1.0,Efficiency,results/stage5_d/s5_010_parallel/id_random_current_efficiency_g05_goal35_smooth10_50ep_seed123_cuda,0.6583350896835327,120,4.384817600250244,0.3008262631333492,0.003324284044726427,0.003122876943604391,5.88525931040446,0.0378032922744751,-3,0.11193227767944336,-0.003149858573671893,0.00014884202054654162,-0.00016270570229117614,48.69120691576575
s5_010_id_random_current_efficiency_g05_goal35_smooth10_50ep,learned,6,129,results/stage5_d/s5_010_parallel/id_random_current_efficiency_g05_goal35_smooth10_50ep_seed123_cuda/runs/s5_010_id_random_current_efficiency_g05_goal35_smooth10_50ep_episode_0006_learned,True,False,0.6805834770202637,200,20.0,19.301319122314453,0.21767115592956543,0.3122863967165495,0.04371564835309982,0.029845980927348137,0.0038521803833906076,0.00347973584698001,53.05930733680725,70.93501091003418,id_random,ID random,current 0.5/3.5/1.0,Efficiency,results/stage5_d/s5_010_parallel/id_random_current_efficiency_g05_goal35_smooth10_50ep_seed123_cuda,0.6409841179847717,192,0.23070955276489258,0.32100483286052395,0.0037494809589165502,0.003905641857522447,6.070099771022797,0.03959935903549194,8,-0.013038396835327148,-0.00871843614397444,0.0001026994244740574,-0.00042590601054243735,46.989207565784454
s5_010_id_random_current_efficiency_g05_goal35_smooth10_50ep,learned,7,130,results/stage5_d/s5_010_parallel/id_random_current_efficiency_g05_goal35_smooth10_50ep_seed123_cuda/runs/s5_010_id_random_current_efficiency_g05_goal35_smooth10_50ep_episode_0007_learned,True,False,0.6870665550231934,94,9.4,9.10206127166748,5.1395344734191895,0.31356368874722323,0.029899047687649727,0.021100400015711784,0.003629191219466488,0.0022331799194816454,58.25353683309352,81.63166046142578,id_random,ID random,current 0.5/3.5/1.0,Efficiency,results/stage5_d/s5_010_parallel/id_random_current_efficiency_g05_goal35_smooth10_50ep_seed123_cuda,0.695236325263977,92,5.1395344734191895,0.31628108325138504,0.003660714367497423,0.0022082307958306963,6.666719913482666,-0.008169770240783691,2,0.0,-0.0027173945041618075,-3.152314803093505e-05,2.4949123650949093e-05,51.586816919610854
s5_010_id_random_current_efficiency_g05_goal35_smooth10_50ep,learned,8,131,results/stage5_d/s5_010_parallel/id_random_current_efficiency_g05_goal35_smooth10_50ep_seed123_cuda/runs/s5_010_id_random_current_efficiency_g05_goal35_smooth10_50ep_episode_0008_learned,True,False,0.687178909778595,143,14.3,12.692327499389648,5.283452987670898,0.362748626191344,0.051032599061727524,0.03604818135499954,0.003087184507346037,0.0027380610312682198,51.201000080242025,72.38054275512695,id_random,ID random,current 0.5/3.5/1.0,Efficiency,results/stage5_d/s5_010_parallel/id_random_current_efficiency_g05_goal35_smooth10_50ep_seed123_cuda,0.6852608323097229,160,5.414905071258545,0.3894159640532052,0.0028523926144796716,0.0028056541016784286,5.34365177154541,0.0019180774688720703,-17,-0.13145208358764648,-0.026667337861861207,0.0002347918928663653,-6.759307041020882e-05,45.857348308696615
s5_010_id_random_current_efficiency_g05_goal35_smooth10_50ep,learned,9,132,results/stage5_d/s5_010_parallel/id_random_current_efficiency_g05_goal35_smooth10_50ep_seed123_cuda/runs/s5_010_id_random_current_efficiency_g05_goal35_smooth10_50ep_episode_0009_learned,True,False,0.6507920622825623,163,16.3,15.848581314086914,0.2183927297592163,0.31952832143345244,0.044665589928627014,0.031495630741119385,0.0035255019406548738,0.0029406448984503363,56.42601756230454,86.07292175292969,id_random,ID random,current 0.5/3.5/1.0,Efficiency,results/stage5_d/s5_010_parallel/id_random_current_efficiency_g05_goal35_smooth10_50ep_seed123_cuda,0.6810680627822876,167,0.23419654369354248,0.31889729885674434,0.0036975762794028907,0.003846463574061773,5.5283914783043775,-0.030276000499725342,-4,-0.015803813934326172,0.0006310225767081068,-0.00017207433874801698,-0.0009058186756114367,50.89762608400016
s5_010_id_random_current_efficiency_g05_goal35_smooth10_50ep,learned,10,133,results/stage5_d/s5_010_parallel/id_random_current_efficiency_g05_goal35_smooth10_50ep_seed123_cuda/runs/s5_010_id_random_current_efficiency_g05_goal35_smooth10_50ep_episode_0010_learned,True,False,0.698303759098053,109,10.9,9.745548248291016,5.264541149139404,0.34831301493254074,0.04154200106859207,0.024873055517673492,0.00286279614214416,0.002254800411558312,54.76612344794317,72.69406318664551,id_random,ID random,current 0.5/3.5/1.0,Efficiency,results/stage5_d/s5_010_parallel/id_random_current_efficiency_g05_goal35_smooth10_50ep_seed123_cuda,0.6686506271362305,107,5.371252536773682,0.35512589660906185,0.003191674961209676,0.0030226699631841166,5.581296492959852,0.02965313196182251,2,-0.10671138763427734,-0.00681288167652111,-0.00032887881906551583,-0.0007678695516258045,49.18482695498332
s5_010_id_random_current_efficiency_g05_goal35_smooth10_50ep,learned,11,134,results/stage5_d/s5_010_parallel/id_random_current_efficiency_g05_goal35_smooth10_50ep_seed123_cuda/runs/s5_010_id_random_current_efficiency_g05_goal35_smooth10_50ep_episode_0011_learned,True,False,0.6712216138839722,140,14.0,13.327144622802734,4.4649176597595215,0.3641214629087166,0.040546733886003494,0.02686821110546589,0.003765734304926471,0.0035096970736442595,54.59688220705305,65.43111801147461,id_random,ID random,current 0.5/3.5/1.0,Efficiency,results/stage5_d/s5_010_parallel/id_random_current_efficiency_g05_goal35_smooth10_50ep_seed123_cuda,0.6884679198265076,148,4.4649176597595215,0.3559974737697819,0.00338143763050046,0.002726269802632823,6.399085392823091,-0.0172463059425354,-8,0.0,0.008123989138934695,0.0003842966744260108,0.0007834272710114366,48.19779681422996
s5_010_id_random_current_efficiency_g05_goal35_smooth10_50ep,learned,12,135,results/stage5_d/s5_010_parallel/id_random_current_efficiency_g05_goal35_smooth10_50ep_seed123_cuda/runs/s5_010_id_random_current_efficiency_g05_goal35_smooth10_50ep_episode_0012_learned,True,False,0.6528961658477783,187,18.7,18.829864501953125,0.1907639503479004,0.37725523413658696,0.04608612135052681,0.03029916062951088,0.003493348559467461,0.0034341272492392906,57.36756707257766,137.88199424743652,id_random,ID random,current 0.5/3.5/1.0,Efficiency,results/stage5_d/s5_010_parallel/id_random_current_efficiency_g05_goal35_smooth10_50ep_seed123_cuda,0.6917493939399719,210,0.09403729438781738,0.42571239314855897,0.003742588216126294,0.0034294395008513602,6.439656303042457,-0.038853228092193604,-23,0.09672665596008301,-0.048457159011972006,-0.00024923965665883327,4.687748387930367e-06,50.9279107695352
s5_010_id_random_current_efficiency_g05_goal35_smooth10_50ep,learned,13,136,results/stage5_d/s5_010_parallel/id_random_current_efficiency_g05_goal35_smooth10_50ep_seed123_cuda/runs/s5_010_id_random_current_efficiency_g05_goal35_smooth10_50ep_episode_0013_learned,True,False,0.6916388273239136,70,7.0,6.3658037185668945,6.799366474151611,0.2973797473604957,0.03836004063487053,0.02032577618956566,0.003248197001275736,0.001640143925106118,57.18657629830496,93.42408180236816,id_random,ID random,current 0.5/3.5/1.0,Efficiency,results/stage5_d/s5_010_parallel/id_random_current_efficiency_g05_goal35_smooth10_50ep_seed123_cuda,0.6864275336265564,74,6.804360866546631,0.288513990894579,0.002980010982085938,0.0017579459975785097,4.814106064873773,0.005211293697357178,-4,-0.004994392395019531,0.008865756465916697,0.0002681860191897979,-0.00011780207247239177,52.37247023343119
s5_010_id_random_current_efficiency_g05_goal35_smooth10_50ep,learned,14,137,results/stage5_d/s5_010_parallel/id_random_current_efficiency_g05_goal35_smooth10_50ep_seed123_cuda/runs/s5_010_id_random_current_efficiency_g05_goal35_smooth10_50ep_episode_0014_learned,True,False,0.6689327359199524,126,12.600000000000001,10.82911491394043,4.556143760681152,0.3242374996681483,0.04696574807167053,0.02932060696184635,0.003002084397731733,0.002798667274057984,54.72922892797561,75.18935203552246,id_random,ID random,current 0.5/3.5/1.0,Efficiency,results/stage5_d/s5_010_parallel/id_random_current_efficiency_g05_goal35_smooth10_50ep_seed123_cuda,0.6618051528930664,130,4.415836811065674,0.3205485868972923,0.002844169048700527,0.0032078671058688936,5.569368142348069,0.007127583026885986,-4,0.14030694961547852,0.003688912770855979,0.00015791534903120607,-0.0004091998318109095,49.159860785627544
s5_010_id_random_current_efficiency_g05_goal35_smooth10_50ep,learned,15,138,results/stage5_d/s5_010_parallel/id_random_current_efficiency_g05_goal35_smooth10_50ep_seed123_cuda/runs/s5_010_id_random_current_efficiency_g05_goal35_smooth10_50ep_episode_0015_learned,True,False,0.6842058897018433,137,13.700000000000001,12.79727554321289,5.734825611114502,0.28086621302743375,0.042149391025304794,0.02441420592367649,0.0035366499043620455,0.0032192848478452894,53.087124859329556,77.05879211425781,id_random,ID random,current 0.5/3.5/1.0,Efficiency,results/stage5_d/s5_010_parallel/id_random_current_efficiency_g05_goal35_smooth10_50ep_seed123_cuda,0.6984654664993286,145,5.813125133514404,0.2848544639389177,0.0033551808969613265,0.003666505063427406,5.623868416095602,-0.014259576797485352,-8,-0.07829952239990234,-0.00398825091148397,0.000181469007400719,-0.00044722021558211674,47.46325644323395
s5_010_id_random_current_efficiency_g05_goal35_smooth10_50ep,learned,16,139,results/stage5_d/s5_010_parallel/id_random_current_efficiency_g05_goal35_smooth10_50ep_seed123_cuda/runs/s5_010_id_random_current_efficiency_g05_goal35_smooth10_50ep_episode_0016_learned,True,False,0.6566359400749207,80,8.0,6.534308433532715,4.9172539710998535,0.3088434974243137,0.042224686592817307,0.024222495034337044,0.0030326569478890263,0.0022192470395878713,51.98047161102295,57.06906318664551,id_random,ID random,current 0.5/3.5/1.0,Efficiency,results/stage5_d/s5_010_parallel/id_random_current_efficiency_g05_goal35_smooth10_50ep_seed123_cuda,0.684283435344696,84,4.92097282409668,0.2999830722125591,0.002321187822991269,0.0013795663202798897,6.042000793275379,-0.02764749526977539,-4,-0.003718852996826172,0.008860425211754619,0.0007114691248977572,0.0008396807193079817,45.93847081774757
s5_010_id_random_current_efficiency_g05_goal35_smooth10_50ep,learned,17,140,results/stage5_d/s5_010_parallel/id_random_current_efficiency_g05_goal35_smooth10_50ep_seed123_cuda/runs/s5_010_id_random_current_efficiency_g05_goal35_smooth10_50ep_episode_0017_learned,True,False,0.6636724472045898,186,18.6,15.370889663696289,0.24145042896270752,0.4204488435146926,0.05342109128832817,0.042763128876686096,0.0032369163976164205,0.003398375357355135,52.6288055604504,69.61655616760254,id_random,ID random,current 0.5/3.5/1.0,Efficiency,results/stage5_d/s5_010_parallel/id_random_current_efficiency_g05_goal35_smooth10_50ep_seed123_cuda,0.6911102533340454,207,0.21410131454467773,0.4045570630244351,0.0029610565307121458,0.0030093854784280435,5.432544699037709,-0.027437806129455566,-21,0.027349114418029785,0.015891780490257468,0.00027585986690427475,0.00038898987892709144,47.196260861412696
s5_010_id_random_current_efficiency_g05_goal35_smooth10_50ep,learned,18,141,results/stage5_d/s5_010_parallel/id_random_current_efficiency_g05_goal35_smooth10_50ep_seed123_cuda/runs/s5_010_id_random_current_efficiency_g05_goal35_smooth10_50ep_episode_0018_learned,True,False,0.6841766834259033,120,12.0,10.864089965820312,4.59269380569458,0.3577434956397822,0.042418912053108215,0.03316012769937515,0.0034625601295219313,0.0029626541536408742,56.981889406840004,71.18773460388184,id_random,ID random,current 0.5/3.5/1.0,Efficiency,results/stage5_d/s5_010_parallel/id_random_current_efficiency_g05_goal35_smooth10_50ep_seed123_cuda,0.6799892783164978,129,4.59269380569458,0.3603373848667094,0.003125934715751764,0.0022946944512638474,5.154700242271719,0.004187405109405518,-9,0.0,-0.002593889226927215,0.0003366254137701671,0.0006679597023770269,51.82718916456828
s5_010_id_random_current_efficiency_g05_goal35_smooth10_50ep,learned,19,142,results/stage5_d/s5_010_parallel/id_random_current_efficiency_g05_goal35_smooth10_50ep_seed123_cuda/runs/s5_010_id_random_current_efficiency_g05_goal35_smooth10_50ep_episode_0019_learned,True,False,0.670970618724823,151,15.100000000000001,14.09831428527832,0.36724239587783813,0.3051086719616558,0.041752006858587265,0.030207380652427673,0.0037906218066449714,0.003635003745994293,55.65401734105799,99.14231300354004,id_random,ID random,current 0.5/3.5/1.0,Efficiency,results/stage5_d/s5_010_parallel/id_random_current_efficiency_g05_goal35_smooth10_50ep_seed123_cuda,0.6651291847229004,148,0.2151392102241516,0.31182162263001967,0.003509198987498906,0.003374440112026495,7.942523505236651,0.005841434001922607,3,0.15210318565368652,-0.0067129506683638596,0.00028142281914606557,0.0002605636339677981,47.71149383582134
s5_010_id_random_current_efficiency_g05_goal35_smooth10_50ep,learned,20,143,results/stage5_d/s5_010_parallel/id_random_current_efficiency_g05_goal35_smooth10_50ep_seed123_cuda/runs/s5_010_id_random_current_efficiency_g05_goal35_smooth10_50ep_episode_0020_learned,True,False,0.6901571750640869,138,13.8,12.110419273376465,4.128796577453613,0.334895082470831,0.04612838476896286,0.032478976994752884,0.0032315398260716996,0.0033117047572062777,64.03699992359549,146.85559272766113,id_random,ID random,current 0.5/3.5/1.0,Efficiency,results/stage5_d/s5_010_parallel/id_random_current_efficiency_g05_goal35_smooth10_50ep_seed123_cuda,0.6967197060585022,156,4.180720329284668,0.3319642869307688,0.0030984944470059763,0.0027322592617556045,5.319604506859412,-0.006562530994415283,-18,-0.05192375183105469,0.0029307955400622032,0.0001330453790657233,0.0005794454954506732,58.717395416736075
s5_010_id_random_current_efficiency_g05_goal35_smooth10_50ep,learned,21,144,results/stage5_d/s5_010_parallel/id_random_current_efficiency_g05_goal35_smooth10_50ep_seed123_cuda/runs/s5_010_id_random_current_efficiency_g05_goal35_smooth10_50ep_episode_0021_learned,True,False,0.6984671354293823,105,10.5,8.98791790008545,4.793997764587402,0.38540930024072406,0.0439193956553936,0.028764663264155388,0.0026758511490574837,0.0025992464339869023,59.762938817342125,65.35911560058594,id_random,ID random,current 0.5/3.5/1.0,Efficiency,results/stage5_d/s5_010_parallel/id_random_current_efficiency_g05_goal35_smooth10_50ep_seed123_cuda,0.6942082643508911,111,4.747175693511963,0.3786843473644957,0.0025146203197291017,0.002406772850461265,6.549652632292326,0.004258871078491211,-6,0.04682207107543945,0.006724952876228374,0.00016123082932838206,0.0001924735835256374,53.213286185049796
s5_010_id_random_current_efficiency_g05_goal35_smooth10_50ep,learned,22,145,results/stage5_d/s5_010_parallel/id_random_current_efficiency_g05_goal35_smooth10_50ep_seed123_cuda/runs/s5_010_id_random_current_efficiency_g05_goal35_smooth10_50ep_episode_0022_learned,True,False,0.6947581768035889,164,16.400000000000002,18.376373291015625,0.2302548885345459,0.3880446337539847,0.0345861054956913,0.017428962513804436,0.003808633674582644,0.0033590150546679225,61.89671812987909,79.55789566040039,id_random,ID random,current 0.5/3.5/1.0,Efficiency,results/stage5_d/s5_010_parallel/id_random_current_efficiency_g05_goal35_smooth10_50ep_seed123_cuda,0.6935975551605225,184,0.2836439609527588,0.378754114928265,0.003960646179898071,0.0036133459724713574,5.776984536129495,0.0011606216430664062,-20,-0.05338907241821289,0.009290518825719685,-0.00015201250531542707,-0.0002543309178034349,56.119733593749594
s5_010_id_random_current_efficiency_g05_goal35_smooth10_50ep,learned,23,146,results/stage5_d/s5_010_parallel/id_random_current_efficiency_g05_goal35_smooth10_50ep_seed123_cuda/runs/s5_010_id_random_current_efficiency_g05_goal35_smooth10_50ep_episode_0023_learned,True,False,0.6831228733062744,111,11.100000000000001,11.291028022766113,1.7193225622177124,0.4376795169592181,0.03916892781853676,0.03171588107943535,0.003705252006799417,0.0036235989196139497,63.033265036505625,82.11398124694824,id_random,ID random,current 0.5/3.5/1.0,Efficiency,results/stage5_d/s5_010_parallel/id_random_current_efficiency_g05_goal35_smooth10_50ep_seed123_cuda,0.6732572913169861,130,1.4161394834518433,0.43552860554880823,0.003492020613580802,0.0030933295577515747,6.393067653362568,0.00986558198928833,-19,0.30318307876586914,0.0021509114104098503,0.00021323139321861515,0.000530269361862375,56.64019738314306
s5_010_id_random_current_efficiency_g05_goal35_smooth10_50ep,learned,24,147,results/stage5_d/s5_010_parallel/id_random_current_efficiency_g05_goal35_smooth10_50ep_seed123_cuda/runs/s5_010_id_random_current_efficiency_g05_goal35_smooth10_50ep_episode_0024_learned,True,False,0.6908324360847473,144,14.4,13.866527557373047,0.4338444471359253,0.35785018565452953,0.04016967862844467,0.026607701554894447,0.0033619129333116358,0.002924302095094764,62.12332513597276,80.76882362365723,id_random,ID random,current 0.5/3.5/1.0,Efficiency,results/stage5_d/s5_010_parallel/id_random_current_efficiency_g05_goal35_smooth10_50ep_seed123_cuda,0.6788231134414673,147,0.22488099336624146,0.34939783246060013,0.0031766353031164605,0.002733321644100801,5.461903656421065,0.01200932264328003,-3,0.20896345376968384,0.008452353193929396,0.0001852776301951753,0.00019098045099396298,56.6614214795517
s5_010_id_random_current_efficiency_g05_goal35_smooth10_50ep,learned,25,148,results/stage5_d/s5_010_parallel/id_random_current_efficiency_g05_goal35_smooth10_50ep_seed123_cuda/runs/s5_010_id_random_current_efficiency_g05_goal35_smooth10_50ep_episode_0025_learned,True,False,0.6928785443305969,179,17.900000000000002,15.886029243469238,0.21653985977172852,0.38838170362603647,0.05098152533173561,0.037885185331106186,0.0033169882328974586,0.0034313465084505218,66.71139781035525,72.0682144165039,id_random,ID random,current 0.5/3.5/1.0,Efficiency,results/stage5_d/s5_010_parallel/id_random_current_efficiency_g05_goal35_smooth10_50ep_seed123_cuda,0.693501889705658,190,0.2093271017074585,0.3839012119451562,0.003180020950063949,0.0033336706163636307,5.022258507577996,-0.0006233453750610352,-11,0.0072127580642700195,0.004480491680880272,0.00013696728283350964,9.76758920868911e-05,61.68913930277726
s5_010_id_random_current_efficiency_g05_goal35_smooth10_50ep,learned,26,149,results/stage5_d/s5_010_parallel/id_random_current_efficiency_g05_goal35_smooth10_50ep_seed123_cuda/runs/s5_010_id_random_current_efficiency_g05_goal35_smooth10_50ep_episode_0026_learned,True,False,0.6656616926193237,92,9.200000000000001,8.206375122070312,5.1634650230407715,0.3336445566628675,0.03533787652850151,0.01732781156897545,0.003649125994453289,0.0020540759232763293,65.9189794374549,69.99444961547852,id_random,ID random,current 0.5/3.5/1.0,Efficiency,results/stage5_d/s5_010_parallel/id_random_current_efficiency_g05_goal35_smooth10_50ep_seed123_cuda,0.6917023062705994,100,5.1634650230407715,0.31293421921110715,0.0032049583170376404,0.002755098841395331,5.495083332061768,-0.026040613651275635,-8,0.0,0.020710337451760374,0.0004441676774156484,-0.0007010229181190018,60.423896105393126
s5_010_id_random_current_efficiency_g05_goal35_smooth10_50ep,learned,27,150,results/stage5_d/s5_010_parallel/id_random_current_efficiency_g05_goal35_smooth10_50ep_seed123_cuda/runs/s5_010_id_random_current_efficiency_g05_goal35_smooth10_50ep_episode_0027_learned,True,False,0.6609951257705688,173,17.3,16.945873260498047,1.5402854681015015,0.3423595442787732,0.04387418180704117,0.026942608878016472,0.0036442863319678994,0.00371441150759041,67.90724241664644,86.3800048828125,id_random,ID random,current 0.5/3.5/1.0,Efficiency,results/stage5_d/s5_010_parallel/id_random_current_efficiency_g05_goal35_smooth10_50ep_seed123_cuda,0.6650334000587463,182,0.8748805522918701,0.35080559397092154,0.003476183211003675,0.0031687199629493765,5.903564966641939,-0.00403827428817749,-9,0.6654049158096313,-0.00844604969214835,0.0001681031209642245,0.0005456915446410337,62.0036774500045
s5_010_id_random_current_efficiency_g05_goal35_smooth10_50ep,learned,28,151,results/stage5_d/s5_010_parallel/id_random_current_efficiency_g05_goal35_smooth10_50ep_seed123_cuda/runs/s5_010_id_random_current_efficiency_g05_goal35_smooth10_50ep_episode_0028_learned,True,False,0.6928010582923889,157,15.700000000000001,15.399965286254883,0.22888422012329102,0.4155108910077464,0.04272087290883064,0.025012684985995293,0.003512286585265797,0.003961533587741991,66.90017281064561,72.74508476257324,id_random,ID random,current 0.5/3.5/1.0,Efficiency,results/stage5_d/s5_010_parallel/id_random_current_efficiency_g05_goal35_smooth10_50ep_seed123_cuda,0.6925909519195557,160,0.2041912078857422,0.4028226863350028,0.003374917596465098,0.003572427489700992,7.1052223443984985,0.00021010637283325195,-3,0.024693012237548828,0.01268820467274362,0.000137368988800699,0.0003891060980409991,59.794950466247116
s5_010_id_random_current_efficiency_g05_goal35_smooth10_50ep,learned,29,152,results/stage5_d/s5_010_parallel/id_random_current_efficiency_g05_goal35_smooth10_50ep_seed123_cuda/runs/s5_010_id_random_current_efficiency_g05_goal35_smooth10_50ep_episode_0029_learned,True,False,0.6905572414398193,60,6.0,5.086576461791992,4.699823379516602,0.1979160619622659,0.028414689004421234,0.012162208557128906,0.003542907230357546,0.0014170628166204299,65.90690612792969,67.66033172607422,id_random,ID random,current 0.5/3.5/1.0,Efficiency,results/stage5_d/s5_010_parallel/id_random_current_efficiency_g05_goal35_smooth10_50ep_seed123_cuda,0.6864922046661377,63,4.825278282165527,0.19443656208104734,0.0030088305913281627,0.0012587637045163018,6.0071566748240635,0.004065036773681641,-3,-0.12545490264892578,0.0034794998812185673,0.0005340766390293833,0.00015829911210412805,59.89974945310563
s5_010_id_random_current_efficiency_g05_goal35_smooth10_50ep,learned,30,153,results/stage5_d/s5_010_parallel/id_random_current_efficiency_g05_goal35_smooth10_50ep_seed123_cuda/runs/s5_010_id_random_current_efficiency_g05_goal35_smooth10_50ep_episode_0030_learned,True,False,0.6753363013267517,77,7.7,6.400609016418457,5.9422078132629395,0.3768422946580512,0.033938124775886536,0.017372915521264076,0.0031542777028780358,0.0017882832447250966,69.80634974194811,77.18491554260254,id_random,ID random,current 0.5/3.5/1.0,Efficiency,results/stage5_d/s5_010_parallel/id_random_current_efficiency_g05_goal35_smooth10_50ep_seed123_cuda,0.6833585500717163,82,5.944199085235596,0.35807458750922067,0.0026433291291361976,0.001480987712651946,5.464661412122773,-0.0080222487449646,-5,-0.00199127197265625,0.018767707148830526,0.0005109485737418381,0.0003072955320731507,64.34168832982533
s5_010_id_random_current_efficiency_g05_goal35_smooth10_50ep,learned,31,154,results/stage5_d/s5_010_parallel/id_random_current_efficiency_g05_goal35_smooth10_50ep_seed123_cuda/runs/s5_010_id_random_current_efficiency_g05_goal35_smooth10_50ep_episode_0031_learned,True,False,0.6896235346794128,97,9.700000000000001,8.166083335876465,4.967629432678223,0.3255869358005098,0.037020131945610046,0.01648157276213169,0.0032040916603846507,0.0021620311077676937,73.3083621742799,79.68258857727051,id_random,ID random,current 0.5/3.5/1.0,Efficiency,results/stage5_d/s5_010_parallel/id_random_current_efficiency_g05_goal35_smooth10_50ep_seed123_cuda,0.6492008566856384,87,5.511199951171875,0.33497555781075206,0.003512219209449661,0.002302828977181437,6.239164834735037,0.040422677993774414,10,-0.5435705184936523,-0.009388622010242265,-0.0003081275490650105,-0.0001407978694137435,67.06919733954487
s5_010_id_random_current_efficiency_g05_goal35_smooth10_50ep,learned,32,155,results/stage5_d/s5_010_parallel/id_random_current_efficiency_g05_goal35_smooth10_50ep_seed123_cuda/runs/s5_010_id_random_current_efficiency_g05_goal35_smooth10_50ep_episode_0032_learned,True,False,0.6772278547286987,116,11.600000000000001,10.379986763000488,4.730284214019775,0.36015940067731644,0.04564496874809265,0.03497065231204033,0.003548332016259485,0.0030705344701754227,66.14769738295982,71.26188278198242,id_random,ID random,current 0.5/3.5/1.0,Efficiency,results/stage5_d/s5_010_parallel/id_random_current_efficiency_g05_goal35_smooth10_50ep_seed123_cuda,0.6639490127563477,124,4.799050807952881,0.3536119257534607,0.002986253445158401,0.0020950108333002027,6.680242476924773,0.013278841972351074,-8,-0.06876659393310547,0.006547474923855767,0.0005620785711010841,0.0009755236368752199,59.467454906035044
s5_010_id_random_current_efficiency_g05_goal35_smooth10_50ep,learned,33,156,results/stage5_d/s5_010_parallel/id_random_current_efficiency_g05_goal35_smooth10_50ep_seed123_cuda/runs/s5_010_id_random_current_efficiency_g05_goal35_smooth10_50ep_episode_0033_learned,True,False,0.6989026069641113,64,6.4,5.817888259887695,8.218615531921387,0.2747704450276359,0.029102791100740433,0.016880428418517113,0.0036634153068508556,0.0012978290346607054,65.41873887181282,67.89636611938477,id_random,ID random,current 0.5/3.5/1.0,Efficiency,results/stage5_d/s5_010_parallel/id_random_current_efficiency_g05_goal35_smooth10_50ep_seed123_cuda,0.6814977526664734,65,8.218615531921387,0.27929730320838503,0.0035972382634028056,0.0015270619697611838,7.282590866088867,0.01740485429763794,-1,0.0,-0.004526858180749105,6.617704344805001e-05,-0.0002292329351004784,58.13614800572395
s5_010_id_random_current_efficiency_g05_goal35_smooth10_50ep,learned,34,157,results/stage5_d/s5_010_parallel/id_random_current_efficiency_g05_goal35_smooth10_50ep_seed123_cuda/runs/s5_010_id_random_current_efficiency_g05_goal35_smooth10_50ep_episode_0034_learned,True,False,0.6924456357955933,122,12.200000000000001,11.195878028869629,2.954805850982666,0.3658949057412473,0.037082698196172714,0.02870425023138523,0.0036016611360671696,0.002825721910732779,68.60768990438493,78.88078689575195,id_random,ID random,current 0.5/3.5/1.0,Efficiency,results/stage5_d/s5_010_parallel/id_random_current_efficiency_g05_goal35_smooth10_50ep_seed123_cuda,0.6830971837043762,126,2.7951741218566895,0.3617935591097396,0.003428672541202189,0.0027789693123132417,6.053001161605593,0.009348452091217041,-4,0.15963172912597656,0.004101346631507685,0.0001729885948649804,4.675259841953718e-05,62.554688742779334
s5_010_id_random_current_efficiency_g05_goal35_smooth10_50ep,learned,35,158,results/stage5_d/s5_010_parallel/id_random_current_efficiency_g05_goal35_smooth10_50ep_seed123_cuda/runs/s5_010_id_random_current_efficiency_g05_goal35_smooth10_50ep_episode_0035_learned,True,False,0.6724698543548584,136,13.600000000000001,13.331499099731445,5.01958703994751,0.3749019963433966,0.04222343862056732,0.028890175744891167,0.0034519050858976713,0.0028541329786720563,71.31194191820481,79.23698425292969,id_random,ID random,current 0.5/3.5/1.0,Efficiency,results/stage5_d/s5_010_parallel/id_random_current_efficiency_g05_goal35_smooth10_50ep_seed123_cuda,0.6816152334213257,151,5.01958703994751,0.3589905919029921,0.0031340794231423997,0.00346348145804854,6.697111571861418,-0.009145379066467285,-15,0.0,0.01591140444040451,0.00031782566275527155,-0.0006093484793764838,64.6148303463434
s5_010_id_random_current_efficiency_g05_goal35_smooth10_50ep,learned,36,159,results/stage5_d/s5_010_parallel/id_random_current_efficiency_g05_goal35_smooth10_50ep_seed123_cuda/runs/s5_010_id_random_current_efficiency_g05_goal35_smooth10_50ep_episode_0036_learned,True,False,0.695097029209137,106,10.600000000000001,10.138980865478516,5.308460235595703,0.3361696466751932,0.03695955127477646,0.01895271986722946,0.003474440999648228,0.0020425573128253476,68.78047394302656,77.57902145385742,id_random,ID random,current 0.5/3.5/1.0,Efficiency,results/stage5_d/s5_010_parallel/id_random_current_efficiency_g05_goal35_smooth10_50ep_seed123_cuda,0.6779212355613708,97,5.106518268585205,0.3403462333413287,0.003075903593669367,0.0019965352860787456,6.647262376608308,0.017175793647766113,9,0.20194196701049805,-0.004176586666135462,0.0003985374059788608,4.602202674660206e-05,62.133211566418254
s5_010_id_random_current_efficiency_g05_goal35_smooth10_50ep,learned,37,160,results/stage5_d/s5_010_parallel/id_random_current_efficiency_g05_goal35_smooth10_50ep_seed123_cuda/runs/s5_010_id_random_current_efficiency_g05_goal35_smooth10_50ep_episode_0037_learned,True,False,0.6679429411888123,111,11.100000000000001,10.012563705444336,3.19913911819458,0.32792647343116077,0.040366970002651215,0.030515087768435478,0.0033853501998565368,0.0023855310491943927,65.47611468547099,66.67566299438477,id_random,ID random,current 0.5/3.5/1.0,Efficiency,results/stage5_d/s5_010_parallel/id_random_current_efficiency_g05_goal35_smooth10_50ep_seed123_cuda,0.6872981786727905,124,3.0317907333374023,0.32957488500624393,0.003213155159140473,0.0028321761164839614,8.393977918932515,-0.01935523748397827,-13,0.16734838485717773,-0.001648411575083164,0.00017219504071606375,-0.00044664506728956874,57.082136766538476
s5_010_id_random_current_efficiency_g05_goal35_smooth10_50ep,learned,38,161,results/stage5_d/s5_010_parallel/id_random_current_efficiency_g05_goal35_smooth10_50ep_seed123_cuda/runs/s5_010_id_random_current_efficiency_g05_goal35_smooth10_50ep_episode_0038_learned,True,False,0.6769081950187683,99,9.9,8.465028762817383,4.984915733337402,0.34590172865232544,0.03723517432808876,0.01815895177423954,0.0031357332982624104,0.002454280763319977,65.55542319712012,69.19693946838379,id_random,ID random,current 0.5/3.5/1.0,Efficiency,results/stage5_d/s5_010_parallel/id_random_current_efficiency_g05_goal35_smooth10_50ep_seed123_cuda,0.698621392250061,103,5.010401725769043,0.3341867123436334,0.0028093924809004123,0.0017182460434120713,7.831031836352302,-0.021713197231292725,-4,-0.025485992431640625,0.011715016308692039,0.000326340817361998,0.0007360347199079059,57.72439136076782
s5_010_id_random_current_efficiency_g05_goal35_smooth10_50ep,learned,39,162,results/stage5_d/s5_010_parallel/id_random_current_efficiency_g05_goal35_smooth10_50ep_seed123_cuda/runs/s5_010_id_random_current_efficiency_g05_goal35_smooth10_50ep_episode_0039_learned,True,False,0.6608675718307495,166,16.6,14.410929679870605,1.4165419340133667,0.3595407451109376,0.05192440748214722,0.03820977732539177,0.00296290640662225,0.003237506262350925,67.92056560516357,79.22625541687012,id_random,ID random,current 0.5/3.5/1.0,Efficiency,results/stage5_d/s5_010_parallel/id_random_current_efficiency_g05_goal35_smooth10_50ep_seed123_cuda,0.6972640156745911,187,1.514816164970398,0.3583507223840794,0.0029926244186416805,0.002972616663626874,7.990728725086559,-0.03639644384384155,-21,-0.09827423095703125,0.0011900227268581975,-2.9718012019430348e-05,0.00026488959872405116,59.92983688007702
s5_010_id_random_current_efficiency_g05_goal35_smooth10_50ep,learned,40,163,results/stage5_d/s5_010_parallel/id_random_current_efficiency_g05_goal35_smooth10_50ep_seed123_cuda/runs/s5_010_id_random_current_efficiency_g05_goal35_smooth10_50ep_episode_0040_learned,True,False,0.6818235516548157,103,10.3,10.00119686126709,2.639716148376465,0.32001307261938194,0.037187378853559494,0.024253034964203835,0.003623269824342966,0.002713809554969479,66.15501931570108,71.19035720825195,id_random,ID random,current 0.5/3.5/1.0,Efficiency,results/stage5_d/s5_010_parallel/id_random_current_efficiency_g05_goal35_smooth10_50ep_seed123_cuda,0.6937786936759949,114,2.2873783111572266,0.3291942781816225,0.0032958360325643175,0.002515412691629786,8.790827634041769,-0.0119551420211792,-11,0.3523378372192383,-0.009181205562240558,0.0003274337917786485,0.00019839686333969313,57.364191681659314
s5_010_id_random_current_efficiency_g05_goal35_smooth10_50ep,learned,41,164,results/stage5_d/s5_010_parallel/id_random_current_efficiency_g05_goal35_smooth10_50ep_seed123_cuda/runs/s5_010_id_random_current_efficiency_g05_goal35_smooth10_50ep_episode_0041_learned,True,False,0.6705818176269531,123,12.3,9.931713104248047,5.0143208503723145,0.4044552010346329,0.054562218487262726,0.04195752739906311,0.0023736548848737396,0.002017688409276821,70.34220152754125,77.32439041137695,id_random,ID random,current 0.5/3.5/1.0,Efficiency,results/stage5_d/s5_010_parallel/id_random_current_efficiency_g05_goal35_smooth10_50ep_seed123_cuda,0.6779672503471375,130,4.79803466796875,0.4129914585223574,0.002617762556480894,0.002431550937678515,8.290344018202562,-0.007385432720184326,-7,0.21628618240356445,-0.008536257487724519,-0.00024410767160715436,-0.000413862528401694,62.05185750933869
s5_010_id_random_current_efficiency_g05_goal35_smooth10_50ep,learned,42,165,results/stage5_d/s5_010_parallel/id_random_current_efficiency_g05_goal35_smooth10_50ep_seed123_cuda/runs/s5_010_id_random_current_efficiency_g05_goal35_smooth10_50ep_episode_0042_learned,True,False,0.664891242980957,162,16.2,16.338756561279297,0.23619967699050903,0.32969700901463334,0.04170313850045204,0.026560625061392784,0.0036557258340679083,0.0038556874104149555,70.02490832481855,78.54628562927246,id_random,ID random,current 0.5/3.5/1.0,Efficiency,results/stage5_d/s5_010_parallel/id_random_current_efficiency_g05_goal35_smooth10_50ep_seed123_cuda,0.6530922055244446,167,0.24921578168869019,0.3285702807855448,0.0035642990229126127,0.0030396457646719795,6.380820702649876,0.011799037456512451,-5,-0.013016104698181152,0.0011267282290885472,9.142681115529563e-05,0.000816041645742976,63.644087622168676
s5_010_id_random_current_efficiency_g05_goal35_smooth10_50ep,learned,43,166,results/stage5_d/s5_010_parallel/id_random_current_efficiency_g05_goal35_smooth10_50ep_seed123_cuda/runs/s5_010_id_random_current_efficiency_g05_goal35_smooth10_50ep_episode_0043_learned,True,False,0.671034038066864,152,15.200000000000001,16.189533233642578,2.741213798522949,0.3980914512847544,0.03574775159358978,0.019145676866173744,0.0036824141827776643,0.0041435279499485965,59.517378869809605,65.74726104736328,id_random,ID random,current 0.5/3.5/1.0,Efficiency,results/stage5_d/s5_010_parallel/id_random_current_efficiency_g05_goal35_smooth10_50ep_seed123_cuda,0.6845577359199524,142,2.700967311859131,0.4059674135218686,0.0037330228369797294,0.003402937526104891,5.77901282780607,-0.013523697853088379,10,0.04024648666381836,-0.007875962237114176,-5.060865420206508e-05,0.0007405904238437055,53.738366042003534
s5_010_id_random_current_efficiency_g05_goal35_smooth10_50ep,learned,44,167,results/stage5_d/s5_010_parallel/id_random_current_efficiency_g05_goal35_smooth10_50ep_seed123_cuda/runs/s5_010_id_random_current_efficiency_g05_goal35_smooth10_50ep_episode_0044_learned,True,False,0.6943742632865906,139,13.9,13.380102157592773,3.8499207496643066,0.3516828812158369,0.03833302482962608,0.02285933680832386,0.0036348480914913262,0.0029770794286911977,64.07329161390126,78.32956314086914,id_random,ID random,current 0.5/3.5/1.0,Efficiency,results/stage5_d/s5_010_parallel/id_random_current_efficiency_g05_goal35_smooth10_50ep_seed123_cuda,0.6872423887252808,141,3.7277002334594727,0.34190496724404,0.003242569176726095,0.002572994862170875,6.4938152935488,0.0071318745613098145,-2,0.12222051620483398,0.009777913971796892,0.00039227891476523126,0.0004040845665203227,57.57947632035246
s5_010_id_random_current_efficiency_g05_goal35_smooth10_50ep,learned,45,168,results/stage5_d/s5_010_parallel/id_random_current_efficiency_g05_goal35_smooth10_50ep_seed123_cuda/runs/s5_010_id_random_current_efficiency_g05_goal35_smooth10_50ep_episode_0045_learned,True,False,0.6309571862220764,62,6.2,5.773798942565918,4.797844886779785,0.2447189747374655,0.038113899528980255,0.019637580960989,0.0029043625316225274,0.0019416050131987603,61.261200135754,70.06573677062988,id_random,ID random,current 0.5/3.5/1.0,Efficiency,results/stage5_d/s5_010_parallel/id_random_current_efficiency_g05_goal35_smooth10_50ep_seed123_cuda,0.6767841577529907,69,4.797844886779785,0.2365714113916392,0.0024297748511895195,0.0015194998395742143,7.1285012839497,-0.04582697153091431,-7,0.0,0.008147563345826309,0.00047458768043300795,0.00042210517362454604,54.1326988518043
s5_010_id_random_current_efficiency_g05_goal35_smooth10_50ep,learned,46,169,results/stage5_d/s5_010_parallel/id_random_current_efficiency_g05_goal35_smooth10_50ep_seed123_cuda/runs/s5_010_id_random_current_efficiency_g05_goal35_smooth10_50ep_episode_0046_learned,True,False,0.6852693557739258,114,11.4,11.75272274017334,1.0342379808425903,0.368344473134353,0.03872247040271759,0.019620558246970177,0.0034137139875621714,0.0026478349735359003,60.22005123004579,73.29177856445312,id_random,ID random,current 0.5/3.5/1.0,Efficiency,results/stage5_d/s5_010_parallel/id_random_current_efficiency_g05_goal35_smooth10_50ep_seed123_cuda,0.6647288203239441,118,0.8968573808670044,0.3571966108023999,0.003333629236031682,0.0027335922196020713,8.346357588040627,0.02054053544998169,-4,0.13738059997558594,0.011147862331953085,8.008475153048955e-05,-8.575724606617102e-05,51.873693642005165
s5_010_id_random_current_efficiency_g05_goal35_smooth10_50ep,learned,47,170,results/stage5_d/s5_010_parallel/id_random_current_efficiency_g05_goal35_smooth10_50ep_seed123_cuda/runs/s5_010_id_random_current_efficiency_g05_goal35_smooth10_50ep_episode_0047_learned,True,False,0.6495952010154724,176,17.6,17.286468505859375,3.3268308639526367,0.3580402074339376,0.04800525680184364,0.031164366751909256,0.003540234882043057,0.003529891579298879,61.32265519012105,70.59645652770996,id_random,ID random,current 0.5/3.5/1.0,Efficiency,results/stage5_d/s5_010_parallel/id_random_current_efficiency_g05_goal35_smooth10_50ep_seed123_cuda,0.6656339764595032,192,3.304126739501953,0.35913600722166544,0.0030733623114962243,0.0036852062290275724,7.125217467546463,-0.01603877544403076,-16,0.022704124450683594,-0.0010957997877278358,0.00046687257054683256,-0.0001553146497286933,54.197437722574584
s5_010_id_random_current_efficiency_g05_goal35_smooth10_50ep,learned,48,171,results/stage5_d/s5_010_parallel/id_random_current_efficiency_g05_goal35_smooth10_50ep_seed123_cuda/runs/s5_010_id_random_current_efficiency_g05_goal35_smooth10_50ep_episode_0048_learned,True,False,0.6952159404754639,132,13.200000000000001,13.957874298095703,5.054959297180176,0.41811689608095387,0.03795422986149788,0.021854594349861145,0.003921692639392038,0.003809602575093007,62.59081399802005,70.58143615722656,id_random,ID random,current 0.5/3.5/1.0,Efficiency,results/stage5_d/s5_010_parallel/id_random_current_efficiency_g05_goal35_smooth10_50ep_seed123_cuda,0.6984661221504211,136,5.047653675079346,0.41103870407900744,0.003540307662936162,0.0037699463482508766,8.023155086180743,-0.0032501816749572754,-4,0.007305622100830078,0.007078192001946426,0.0003813849764558756,3.9656226842130476e-05,54.56765891183931
s5_010_id_random_current_efficiency_g05_goal35_smooth10_50ep,learned,49,172,results/stage5_d/s5_010_parallel/id_random_current_efficiency_g05_goal35_smooth10_50ep_seed123_cuda/runs/s5_010_id_random_current_efficiency_g05_goal35_smooth10_50ep_episode_0049_learned,True,False,0.6832488775253296,114,11.4,10.786395072937012,5.6938958168029785,0.3351746599035036,0.03535367175936699,0.020882248878479004,0.0034400721539927827,0.003339757934791048,61.14951560371801,76.19190216064453,id_random,ID random,current 0.5/3.5/1.0,Efficiency,results/stage5_d/s5_010_parallel/id_random_current_efficiency_g05_goal35_smooth10_50ep_seed123_cuda,0.6754865646362305,115,5.839956760406494,0.3369861372303137,0.003153140191819872,0.0026799214190825573,6.337934991587764,0.007762312889099121,-1,-0.14606094360351562,-0.0018114773268100848,0.0002869319621729106,0.0006598365157084907,54.81158061213024
s5_010_id_random_balanced_g05_goal30_smooth075_50ep,learned,0,123,results/stage5_d/s5_010_parallel/id_random_balanced_g05_goal30_smooth075_50ep_seed123_cuda/runs/s5_010_id_random_balanced_g05_goal30_smooth075_50ep_episode_0000_learned,True,False,0.6693618297576904,99,9.9,8.194661140441895,5.438689708709717,0.32641333888738766,0.0454423651099205,0.027371898293495178,0.0030462246103286844,0.002142281675719088,66.17780887719357,265.86270332336426,id_random,ID random,balanced 0.5/3.0/0.75,Balanced,results/stage5_d/s5_010_parallel/id_random_balanced_g05_goal30_smooth075_50ep_seed123_cuda,0.6625387668609619,102,5.438689708709717,0.31715972176053214,0.002668026162388479,0.0019204252285440456,6.822095197789809,0.006823062896728516,-3,0.0,0.009253617126855518,0.0003781984479402055,0.00022185644717504253,59.35571367940376
s5_010_id_random_balanced_g05_goal30_smooth075_50ep,learned,1,124,results/stage5_d/s5_010_parallel/id_random_balanced_g05_goal30_smooth075_50ep_seed123_cuda/runs/s5_010_id_random_balanced_g05_goal30_smooth075_50ep_episode_0001_learned,True,False,0.6647678017616272,179,17.900000000000002,19.480499267578125,0.21928071975708008,0.3856092771719872,0.03568786382675171,0.01945631019771099,0.003811674649144954,0.0037971060530984243,64.48799138628571,87.89396286010742,id_random,ID random,balanced 0.5/3.0/0.75,Balanced,results/stage5_d/s5_010_parallel/id_random_balanced_g05_goal30_smooth075_50ep_seed123_cuda,0.6998726725578308,220,0.9626758098602295,0.31722931263603893,0.003095033748341958,0.0033472950895447142,5.759432099082253,-0.03510487079620361,-41,-0.7433950901031494,0.06837996453594825,0.0007166409008029962,0.00044981096355371005,58.72855928720346
s5_010_id_random_balanced_g05_goal30_smooth075_50ep,learned,2,125,results/stage5_d/s5_010_parallel/id_random_balanced_g05_goal30_smooth075_50ep_seed123_cuda/runs/s5_010_id_random_balanced_g05_goal30_smooth075_50ep_episode_0002_learned,True,False,0.6945843696594238,124,12.4,10.721796035766602,2.833003044128418,0.3377890373646346,0.03875425085425377,0.027212366461753845,0.00349678291298848,0.0030873616683888467,61.22120926457067,69.66900825500488,id_random,ID random,balanced 0.5/3.0/0.75,Balanced,results/stage5_d/s5_010_parallel/id_random_balanced_g05_goal30_smooth075_50ep_seed123_cuda,0.6796021461486816,126,2.5205979347229004,0.3540279353346069,0.003441860666862325,0.0030917553812925508,6.761427909608871,0.014982223510742188,-2,0.3124051094055176,-0.0162388979699723,5.492224612615483e-05,-4.393712903704057e-06,54.4597813549618
s5_010_id_random_balanced_g05_goal30_smooth075_50ep,learned,3,126,results/stage5_d/s5_010_parallel/id_random_balanced_g05_goal30_smooth075_50ep_seed123_cuda/runs/s5_010_id_random_balanced_g05_goal30_smooth075_50ep_episode_0003_learned,True,False,0.6779714822769165,70,7.0,5.346217155456543,6.007087230682373,0.2230918196151366,0.028718113899230957,0.012770124711096287,0.002754542137999457,0.001505104892649316,66.21191501617432,99.79724884033203,id_random,ID random,balanced 0.5/3.0/0.75,Balanced,results/stage5_d/s5_010_parallel/id_random_balanced_g05_goal30_smooth075_50ep_seed123_cuda,0.6937746405601501,64,5.81252384185791,0.22769673573839103,0.00304981448171237,0.0015020301236217616,6.5481215715408325,-0.015803158283233643,6,0.1945633888244629,-0.004604916123254421,-0.00029527234371291324,3.074769027554356e-06,59.663793444633484
s5_010_id_random_balanced_g05_goal30_smooth075_50ep,learned,4,127,results/stage5_d/s5_010_parallel/id_random_balanced_g05_goal30_smooth075_50ep_seed123_cuda/runs/s5_010_id_random_balanced_g05_goal30_smooth075_50ep_episode_0004_learned,True,False,0.677756667137146,109,10.9,8.95274829864502,3.938406467437744,0.2960392635495086,0.046875305473804474,0.03147582709789276,0.00275997265182505,0.002574213625197641,60.30793146255913,68.60065460205078,id_random,ID random,balanced 0.5/3.0/0.75,Balanced,results/stage5_d/s5_010_parallel/id_random_balanced_g05_goal30_smooth075_50ep_seed123_cuda,0.6776947379112244,117,4.196021556854248,0.3008790874514061,0.002777886835244663,0.0029316860303328636,6.024996439615886,6.192922592163086e-05,-8,-0.2576150894165039,-0.004839823901897522,-1.7914183419613216e-05,-0.0003574724051352224,54.28293502294325
s5_010_id_random_balanced_g05_goal30_smooth075_50ep,learned,5,128,results/stage5_d/s5_010_parallel/id_random_balanced_g05_goal30_smooth075_50ep_seed123_cuda/runs/s5_010_id_random_balanced_g05_goal30_smooth075_50ep_episode_0005_learned,True,False,0.6635997891426086,124,12.4,10.99344253540039,4.572226047515869,0.29264057080323963,0.03780534863471985,0.02477818727493286,0.0033154896965593697,0.002751468523824861,65.40115610245735,76.95674896240234,id_random,ID random,balanced 0.5/3.0/0.75,Balanced,results/stage5_d/s5_010_parallel/id_random_balanced_g05_goal30_smooth075_50ep_seed123_cuda,0.6583350896835327,120,4.384817600250244,0.3008262631333492,0.003324284044726427,0.003122876943604391,5.88525931040446,0.005264699459075928,4,0.187408447265625,-0.008185692330109573,-8.794348167057153e-06,-0.00037140841977952987,59.51589679205289
s5_010_id_random_balanced_g05_goal30_smooth075_50ep,learned,6,129,results/stage5_d/s5_010_parallel/id_random_balanced_g05_goal30_smooth075_50ep_seed123_cuda/runs/s5_010_id_random_balanced_g05_goal30_smooth075_50ep_episode_0006_learned,True,False,0.6755380630493164,221,22.1,19.28372573852539,0.19212007522583008,0.30790184831103323,0.042213112115859985,0.027568800374865532,0.003716664632723508,0.0035306114184577887,61.34745330292715,82.05628395080566,id_random,ID random,balanced 0.5/3.0/0.75,Balanced,results/stage5_d/s5_010_parallel/id_random_balanced_g05_goal30_smooth075_50ep_seed123_cuda,0.6409841179847717,192,0.23070955276489258,0.32100483286052395,0.0037494809589165502,0.003905641857522447,6.070099771022797,0.03455394506454468,29,-0.0385894775390625,-0.013102984549490715,-3.281632619304238e-05,-0.0003750304390646585,55.27735353190435
s5_010_id_random_balanced_g05_goal30_smooth075_50ep,learned,7,130,results/stage5_d/s5_010_parallel/id_random_balanced_g05_goal30_smooth075_50ep_seed123_cuda/runs/s5_010_id_random_balanced_g05_goal30_smooth075_50ep_episode_0007_learned,True,False,0.6768007278442383,98,9.8,9.122477531433105,5.1395344734191895,0.3101865489961228,0.029283642768859863,0.02112588658928871,0.003490277657808938,0.0030490676342765297,63.04060439674222,80.59430122375488,id_random,ID random,balanced 0.5/3.0/0.75,Balanced,results/stage5_d/s5_010_parallel/id_random_balanced_g05_goal30_smooth075_50ep_seed123_cuda,0.695236325263977,92,5.1395344734191895,0.31628108325138504,0.003660714367497423,0.0022082307958306963,6.666719913482666,-0.01843559741973877,6,0.0,-0.006094534255262241,-0.000170436709688485,0.0008408368384458333,56.37388448325955
s5_010_id_random_balanced_g05_goal30_smooth075_50ep,learned,8,131,results/stage5_d/s5_010_parallel/id_random_balanced_g05_goal30_smooth075_50ep_seed123_cuda/runs/s5_010_id_random_balanced_g05_goal30_smooth075_50ep_episode_0008_learned,True,False,0.6669555306434631,139,13.9,12.71442985534668,5.204545021057129,0.3650854202376074,0.05091175064444542,0.03610615059733391,0.002971488943088439,0.002845776050043572,62.578249320709446,71.2423324584961,id_random,ID random,balanced 0.5/3.0/0.75,Balanced,results/stage5_d/s5_010_parallel/id_random_balanced_g05_goal30_smooth075_50ep_seed123_cuda,0.6852608323097229,160,5.414905071258545,0.3894159640532052,0.0028523926144796716,0.0028056541016784286,5.34365177154541,-0.018305301666259766,-21,-0.21036005020141602,-0.024330543815597794,0.00011909632860876733,4.012194836514353e-05,57.234597549164036
s5_010_id_random_balanced_g05_goal30_smooth075_50ep,learned,9,132,results/stage5_d/s5_010_parallel/id_random_balanced_g05_goal30_smooth075_50ep_seed123_cuda/runs/s5_010_id_random_balanced_g05_goal30_smooth075_50ep_episode_0009_learned,True,False,0.6728554964065552,163,16.3,15.85552978515625,0.2196747064590454,0.31758342519178606,0.04592495784163475,0.03141595795750618,0.003706729531463804,0.003471332758754368,61.21393361705944,70.76597213745117,id_random,ID random,balanced 0.5/3.0/0.75,Balanced,results/stage5_d/s5_010_parallel/id_random_balanced_g05_goal30_smooth075_50ep_seed123_cuda,0.6810680627822876,167,0.23419654369354248,0.31889729885674434,0.0036975762794028907,0.003846463574061773,5.5283914783043775,-0.008212566375732422,-4,-0.01452183723449707,-0.001313873664958276,9.1532520609134e-06,-0.0003751308153074049,55.68554213875506
s5_010_id_random_balanced_g05_goal30_smooth075_50ep,learned,10,133,results/stage5_d/s5_010_parallel/id_random_balanced_g05_goal30_smooth075_50ep_seed123_cuda/runs/s5_010_id_random_balanced_g05_goal30_smooth075_50ep_episode_0010_learned,True,False,0.6916840672492981,114,11.4,9.741288185119629,5.33703088760376,0.3468928025914928,0.04066883772611618,0.024375680834054947,0.002744050316555283,0.0020425831380093138,59.804073551244905,66.87235832214355,id_random,ID random,balanced 0.5/3.0/0.75,Balanced,results/stage5_d/s5_010_parallel/id_random_balanced_g05_goal30_smooth075_50ep_seed123_cuda,0.6686506271362305,107,5.371252536773682,0.35512589660906185,0.003191674961209676,0.0030226699631841166,5.581296492959852,0.023033440113067627,7,-0.034221649169921875,-0.008233094017569054,-0.000447624644654393,-0.0009800868251748029,54.222777058285054
s5_010_id_random_balanced_g05_goal30_smooth075_50ep,learned,11,134,results/stage5_d/s5_010_parallel/id_random_balanced_g05_goal30_smooth075_50ep_seed123_cuda/runs/s5_010_id_random_balanced_g05_goal30_smooth075_50ep_episode_0011_learned,True,False,0.6939141154289246,146,14.600000000000001,13.275406837463379,4.4649176597595215,0.36435757465951407,0.038309402763843536,0.024158429354429245,0.003695698082939469,0.0027586430149219823,63.605795167896844,74.31411743164062,id_random,ID random,balanced 0.5/3.0/0.75,Balanced,results/stage5_d/s5_010_parallel/id_random_balanced_g05_goal30_smooth075_50ep_seed123_cuda,0.6884679198265076,148,4.4649176597595215,0.3559974737697819,0.00338143763050046,0.002726269802632823,6.399085392823091,0.005446195602416992,-2,0.0,0.008360100889732158,0.0003142604524390088,3.237321228915938e-05,57.206709775073755
s5_010_id_random_balanced_g05_goal30_smooth075_50ep,learned,12,135,results/stage5_d/s5_010_parallel/id_random_balanced_g05_goal30_smooth075_50ep_seed123_cuda/runs/s5_010_id_random_balanced_g05_goal30_smooth075_50ep_episode_0012_learned,True,False,0.6783068180084229,201,20.1,19.08355140686035,0.19498944282531738,0.3762760184167126,0.046370066702365875,0.02946377359330654,0.0035371496689069765,0.00339748006145171,63.81008992740764,80.60932159423828,id_random,ID random,balanced 0.5/3.0/0.75,Balanced,results/stage5_d/s5_010_parallel/id_random_balanced_g05_goal30_smooth075_50ep_seed123_cuda,0.6917493939399719,210,0.09403729438781738,0.42571239314855897,0.003742588216126294,0.0034294395008513602,6.439656303042457,-0.013442575931549072,-9,0.1009521484375,-0.049436374731846366,-0.00020543854721931766,-3.195943939965015e-05,57.370433624365184
s5_010_id_random_balanced_g05_goal30_smooth075_50ep,learned,13,136,results/stage5_d/s5_010_parallel/id_random_balanced_g05_goal30_smooth075_50ep_seed123_cuda/runs/s5_010_id_random_balanced_g05_goal30_smooth075_50ep_episode_0013_learned,True,False,0.6832079887390137,70,7.0,6.335252285003662,6.8010077476501465,0.2944771223221531,0.038711514323949814,0.020008066669106483,0.003389966947182063,0.0013904050020857655,57.81087875366211,64.93616104125977,id_random,ID random,balanced 0.5/3.0/0.75,Balanced,results/stage5_d/s5_010_parallel/id_random_balanced_g05_goal30_smooth075_50ep_seed123_cuda,0.6864275336265564,74,6.804360866546631,0.288513990894579,0.002980010982085938,0.0017579459975785097,4.814106064873773,-0.0032195448875427246,-4,-0.003353118896484375,0.005963131427574098,0.000409955965096125,-0.0003675409954927442,52.99677268878834
s5_010_id_random_balanced_g05_goal30_smooth075_50ep,learned,14,137,results/stage5_d/s5_010_parallel/id_random_balanced_g05_goal30_smooth075_50ep_seed123_cuda/runs/s5_010_id_random_balanced_g05_goal30_smooth075_50ep_episode_0014_learned,True,False,0.6899697780609131,129,12.9,10.826678276062012,4.556410312652588,0.32240481925776315,0.04529380798339844,0.028836194425821304,0.0028033789581518483,0.0029580298812009968,64.57883812660394,78.43422889709473,id_random,ID random,balanced 0.5/3.0/0.75,Balanced,results/stage5_d/s5_010_parallel/id_random_balanced_g05_goal30_smooth075_50ep_seed123_cuda,0.6618051528930664,130,4.415836811065674,0.3205485868972923,0.002844169048700527,0.0032078671058688936,5.569368142348069,0.02816462516784668,-1,0.14057350158691406,0.001856232360470833,-4.079009054867855e-05,-0.00024983722466789685,59.00946998425587
s5_010_id_random_balanced_g05_goal30_smooth075_50ep,learned,15,138,results/stage5_d/s5_010_parallel/id_random_balanced_g05_goal30_smooth075_50ep_seed123_cuda/runs/s5_010_id_random_balanced_g05_goal30_smooth075_50ep_episode_0015_learned,True,False,0.6847242712974548,141,14.100000000000001,12.785514831542969,5.665990352630615,0.28126726322305023,0.0416298508644104,0.02405216358602047,0.003330967289356175,0.0030476215566824774,59.58246170206273,71.46072387695312,id_random,ID random,balanced 0.5/3.0/0.75,Balanced,results/stage5_d/s5_010_parallel/id_random_balanced_g05_goal30_smooth075_50ep_seed123_cuda,0.6984654664993286,145,5.813125133514404,0.2848544639389177,0.0033551808969613265,0.003666505063427406,5.623868416095602,-0.01374119520187378,-4,-0.14713478088378906,-0.003587200715867489,-2.4213607605151448e-05,-0.0006188835067449288,53.958593285967126
s5_010_id_random_balanced_g05_goal30_smooth075_50ep,learned,16,139,results/stage5_d/s5_010_parallel/id_random_balanced_g05_goal30_smooth075_50ep_seed123_cuda/runs/s5_010_id_random_balanced_g05_goal30_smooth075_50ep_episode_0016_learned,True,False,0.6848604679107666,79,7.9,6.588691711425781,4.716029644012451,0.30669650918254454,0.04009241238236427,0.02435995824635029,0.002557207889426647,0.0018665708778447367,62.599188164819644,71.08759880065918,id_random,ID random,balanced 0.5/3.0/0.75,Balanced,results/stage5_d/s5_010_parallel/id_random_balanced_g05_goal30_smooth075_50ep_seed123_cuda,0.684283435344696,84,4.92097282409668,0.2999830722125591,0.002321187822991269,0.0013795663202798897,6.042000793275379,0.0005770325660705566,-5,-0.20494318008422852,0.006713436969985442,0.000236020066435378,0.000487004557564847,56.557187371544266
s5_010_id_random_balanced_g05_goal30_smooth075_50ep,learned,17,140,results/stage5_d/s5_010_parallel/id_random_balanced_g05_goal30_smooth075_50ep_seed123_cuda/runs/s5_010_id_random_balanced_g05_goal30_smooth075_50ep_episode_0017_learned,True,False,0.674554169178009,187,18.7,15.526396751403809,0.22072553634643555,0.41444355200207766,0.05225681513547897,0.04218747466802597,0.0030001993812936345,0.0036582708951702937,62.614117076690185,76.39694213867188,id_random,ID random,balanced 0.5/3.0/0.75,Balanced,results/stage5_d/s5_010_parallel/id_random_balanced_g05_goal30_smooth075_50ep_seed123_cuda,0.6911102533340454,207,0.21410131454467773,0.4045570630244351,0.0029610565307121458,0.0030093854784280435,5.432544699037709,-0.016556084156036377,-20,0.0066242218017578125,0.009886488977642549,3.9142850581488746e-05,0.0006488854167422502,57.18157237765248
s5_010_id_random_balanced_g05_goal30_smooth075_50ep,learned,18,141,results/stage5_d/s5_010_parallel/id_random_balanced_g05_goal30_smooth075_50ep_seed123_cuda/runs/s5_010_id_random_balanced_g05_goal30_smooth075_50ep_episode_0018_learned,True,False,0.6801563501358032,119,11.9,10.684616088867188,4.59269380569458,0.3533402956603487,0.04090876504778862,0.03130826726555824,0.003415712487676724,0.0030452872757275305,62.466445089388294,73.35567474365234,id_random,ID random,balanced 0.5/3.0/0.75,Balanced,results/stage5_d/s5_010_parallel/id_random_balanced_g05_goal30_smooth075_50ep_seed123_cuda,0.6799892783164978,129,4.59269380569458,0.3603373848667094,0.003125934715751764,0.0022946944512638474,5.154700242271719,0.00016707181930541992,-10,0.0,-0.006997089206360718,0.0002897777719249599,0.0007505928244636831,57.31174484711657
s5_010_id_random_balanced_g05_goal30_smooth075_50ep,learned,19,142,results/stage5_d/s5_010_parallel/id_random_balanced_g05_goal30_smooth075_50ep_seed123_cuda/runs/s5_010_id_random_balanced_g05_goal30_smooth075_50ep_episode_0019_learned,True,False,0.6492137312889099,146,14.600000000000001,14.142827987670898,0.49876487255096436,0.3086861985595508,0.04238460958003998,0.03092539869248867,0.0037464270323018883,0.0033389197482097187,68.0625422360146,77.08287239074707,id_random,ID random,balanced 0.5/3.0/0.75,Balanced,results/stage5_d/s5_010_parallel/id_random_balanced_g05_goal30_smooth075_50ep_seed123_cuda,0.6651291847229004,148,0.2151392102241516,0.31182162263001967,0.003509198987498906,0.003374440112026495,7.942523505236651,-0.01591545343399048,-2,0.28362566232681274,-0.0031354240704688507,0.00023722804480298242,-3.552036381677644e-05,60.12001873077794
s5_010_id_random_balanced_g05_goal30_smooth075_50ep,learned,20,143,results/stage5_d/s5_010_parallel/id_random_balanced_g05_goal30_smooth075_50ep_seed123_cuda/runs/s5_010_id_random_balanced_g05_goal30_smooth075_50ep_episode_0020_learned,True,False,0.6649599075317383,144,14.4,12.1221284866333,4.295317649841309,0.3224367826798092,0.0450078509747982,0.03119860775768757,0.0031392967986528437,0.0030749841007460055,68.18588409158919,76.75313949584961,id_random,ID random,balanced 0.5/3.0/0.75,Balanced,results/stage5_d/s5_010_parallel/id_random_balanced_g05_goal30_smooth075_50ep_seed123_cuda,0.6967197060585022,156,4.180720329284668,0.3319642869307688,0.0030984944470059763,0.0027322592617556045,5.319604506859412,-0.031759798526763916,-12,0.11459732055664062,-0.009527504250959606,4.080235164686738e-05,0.000342724838990401,62.866279584729774
s5_010_id_random_balanced_g05_goal30_smooth075_50ep,learned,21,144,results/stage5_d/s5_010_parallel/id_random_balanced_g05_goal30_smooth075_50ep_seed123_cuda/runs/s5_010_id_random_balanced_g05_goal30_smooth075_50ep_episode_0021_learned,True,False,0.6771235466003418,114,11.4,9.025704383850098,4.692576885223389,0.38697076364090516,0.043501656502485275,0.0277803186327219,0.0028592177825550987,0.0025210989178255394,68.22963137375682,126.78956985473633,id_random,ID random,balanced 0.5/3.0/0.75,Balanced,results/stage5_d/s5_010_parallel/id_random_balanced_g05_goal30_smooth075_50ep_seed123_cuda,0.6942082643508911,111,4.747175693511963,0.3786843473644957,0.0025146203197291017,0.002406772850461265,6.549652632292326,-0.017084717750549316,3,-0.05459880828857422,0.00828641627640947,0.000344597462825997,0.00011432606736427441,61.67997874146449
s5_010_id_random_balanced_g05_goal30_smooth075_50ep,learned,22,145,results/stage5_d/s5_010_parallel/id_random_balanced_g05_goal30_smooth075_50ep_seed123_cuda/runs/s5_010_id_random_balanced_g05_goal30_smooth075_50ep_episode_0022_learned,True,False,0.6919180750846863,167,16.7,18.18852996826172,0.22624993324279785,0.3946998083846355,0.03578895702958107,0.01785629242658615,0.003920630983446582,0.0034082385011834624,58.63230242700634,69.51570510864258,id_random,ID random,balanced 0.5/3.0/0.75,Balanced,results/stage5_d/s5_010_parallel/id_random_balanced_g05_goal30_smooth075_50ep_seed123_cuda,0.6935975551605225,184,0.2836439609527588,0.378754114928265,0.003960646179898071,0.0036133459724713574,5.776984536129495,-0.0016794800758361816,-17,-0.05739402770996094,0.01594569345637048,-4.001519645148964e-05,-0.00020510747128789494,52.85531789087684
s5_010_id_random_balanced_g05_goal30_smooth075_50ep,learned,23,146,results/stage5_d/s5_010_parallel/id_random_balanced_g05_goal30_smooth075_50ep_seed123_cuda/runs/s5_010_id_random_balanced_g05_goal30_smooth075_50ep_episode_0023_learned,True,False,0.6837434768676758,123,12.3,11.238852500915527,1.885151743888855,0.423018149368851,0.0372869111597538,0.029136624187231064,0.0036554674970394737,0.003292376755254468,62.157159898339245,96.13370895385742,id_random,ID random,balanced 0.5/3.0/0.75,Balanced,results/stage5_d/s5_010_parallel/id_random_balanced_g05_goal30_smooth075_50ep_seed123_cuda,0.6732572913169861,130,1.4161394834518433,0.43552860554880823,0.003492020613580802,0.0030933295577515747,6.393067653362568,0.010486185550689697,-7,0.4690122604370117,-0.012510456179957219,0.00016344688345867192,0.00019904719750289332,55.76409224497668
s5_010_id_random_balanced_g05_goal30_smooth075_50ep,learned,24,147,results/stage5_d/s5_010_parallel/id_random_balanced_g05_goal30_smooth075_50ep_seed123_cuda/runs/s5_010_id_random_balanced_g05_goal30_smooth075_50ep_episode_0024_learned,True,False,0.698090136051178,147,14.700000000000001,13.866069793701172,0.4710890054702759,0.3547806553518856,0.04078556224703789,0.026405518874526024,0.003378475620037256,0.0033509539772803463,60.43814477466402,81.02917671203613,id_random,ID random,balanced 0.5/3.0/0.75,Balanced,results/stage5_d/s5_010_parallel/id_random_balanced_g05_goal30_smooth075_50ep_seed123_cuda,0.6788231134414673,147,0.22488099336624146,0.34939783246060013,0.0031766353031164605,0.002733321644100801,5.461903656421065,0.019267022609710693,0,0.24620801210403442,0.005382822891285444,0.0002018403169207956,0.0006176323331795455,54.97624111824295
s5_010_id_random_balanced_g05_goal30_smooth075_50ep,learned,25,148,results/stage5_d/s5_010_parallel/id_random_balanced_g05_goal30_smooth075_50ep_seed123_cuda/runs/s5_010_id_random_balanced_g05_goal30_smooth075_50ep_episode_0025_learned,True,False,0.6962230205535889,180,18.0,15.816329002380371,0.19745326042175293,0.386275656022228,0.05002336576581001,0.03684468939900398,0.003439518470017969,0.0031616891136530675,64.71953524483575,84.1059684753418,id_random,ID random,balanced 0.5/3.0/0.75,Balanced,results/stage5_d/s5_010_parallel/id_random_balanced_g05_goal30_smooth075_50ep_seed123_cuda,0.693501889705658,190,0.2093271017074585,0.3839012119451562,0.003180020950063949,0.0033336706163636307,5.022258507577996,0.002721130847930908,-10,-0.011873841285705566,0.0023744440770718245,0.00025949751995401997,-0.00017198150271056315,59.69727673725776
s5_010_id_random_balanced_g05_goal30_smooth075_50ep,learned,26,149,results/stage5_d/s5_010_parallel/id_random_balanced_g05_goal30_smooth075_50ep_seed123_cuda/runs/s5_010_id_random_balanced_g05_goal30_smooth075_50ep_episode_0026_learned,True,False,0.6932222247123718,95,9.5,8.22619915008545,5.1634650230407715,0.32748392138666915,0.03551469370722771,0.017238419502973557,0.0036883269510699953,0.0032437801829062387,56.10839442202919,123.93879890441895,id_random,ID random,balanced 0.5/3.0/0.75,Balanced,results/stage5_d/s5_010_parallel/id_random_balanced_g05_goal30_smooth075_50ep_seed123_cuda,0.6917023062705994,100,5.1634650230407715,0.31293421921110715,0.0032049583170376404,0.002755098841395331,5.495083332061768,0.001519918441772461,-5,0.0,0.014549702175562007,0.0004833686340323549,0.0004886813415109076,50.613311089967425
s5_010_id_random_balanced_g05_goal30_smooth075_50ep,learned,27,150,results/stage5_d/s5_010_parallel/id_random_balanced_g05_goal30_smooth075_50ep_seed123_cuda/runs/s5_010_id_random_balanced_g05_goal30_smooth075_50ep_episode_0027_learned,True,False,0.6650760173797607,172,17.2,16.959400177001953,1.4982722997665405,0.35063078457208385,0.044383540749549866,0.0277250986546278,0.0036300951185171556,0.004082025473125717,55.28714490491291,80.3225040435791,id_random,ID random,balanced 0.5/3.0/0.75,Balanced,results/stage5_d/s5_010_parallel/id_random_balanced_g05_goal30_smooth075_50ep_seed123_cuda,0.6650334000587463,182,0.8748805522918701,0.35080559397092154,0.003476183211003675,0.0031687199629493765,5.903564966641939,4.26173210144043e-05,-10,0.6233917474746704,-0.0001748093988376831,0.00015391190751348066,0.0009133055101763405,49.38357993827097
s5_010_id_random_balanced_g05_goal30_smooth075_50ep,learned,28,151,results/stage5_d/s5_010_parallel/id_random_balanced_g05_goal30_smooth075_50ep_seed123_cuda/runs/s5_010_id_random_balanced_g05_goal30_smooth075_50ep_episode_0028_learned,True,False,0.6875176429748535,153,15.3,15.563192367553711,0.2408357858657837,0.4192355308661563,0.043201614171266556,0.02500089257955551,0.003586206837908062,0.0037210608566792852,53.74981219472449,72.27563858032227,id_random,ID random,balanced 0.5/3.0/0.75,Balanced,results/stage5_d/s5_010_parallel/id_random_balanced_g05_goal30_smooth075_50ep_seed123_cuda,0.6925909519195557,160,0.2041912078857422,0.4028226863350028,0.003374917596465098,0.003572427489700992,7.1052223443984985,-0.0050733089447021484,-7,0.036644577980041504,0.016412844531153492,0.00021128924144296407,0.00014863336697829325,46.64458985032599
s5_010_id_random_balanced_g05_goal30_smooth075_50ep,learned,29,152,results/stage5_d/s5_010_parallel/id_random_balanced_g05_goal30_smooth075_50ep_seed123_cuda/runs/s5_010_id_random_balanced_g05_goal30_smooth075_50ep_episode_0029_learned,True,False,0.6932170391082764,62,6.2,5.076037883758545,4.626678943634033,0.19649942492884998,0.02619788609445095,0.012065024115145206,0.003226512805187822,0.001658665107523632,54.755506976958245,60.0275993347168,id_random,ID random,balanced 0.5/3.0/0.75,Balanced,results/stage5_d/s5_010_parallel/id_random_balanced_g05_goal30_smooth075_50ep_seed123_cuda,0.6864922046661377,63,4.825278282165527,0.19443656208104734,0.0030088305913281627,0.0012587637045163018,6.0071566748240635,0.006724834442138672,-1,-0.19859933853149414,0.0020628628478026323,0.00021768221385965944,0.00039990140300733023,48.748350302134185
s5_010_id_random_balanced_g05_goal30_smooth075_50ep,learned,30,153,results/stage5_d/s5_010_parallel/id_random_balanced_g05_goal30_smooth075_50ep_seed123_cuda/runs/s5_010_id_random_balanced_g05_goal30_smooth075_50ep_episode_0030_learned,True,False,0.6787844896316528,76,7.6000000000000005,6.3191447257995605,5.942528247833252,0.3661822955800935,0.0318191833794117,0.01705213263630867,0.0028095095875949935,0.001201625879366431,53.596575009195426,65.60158729553223,id_random,ID random,balanced 0.5/3.0/0.75,Balanced,results/stage5_d/s5_010_parallel/id_random_balanced_g05_goal30_smooth075_50ep_seed123_cuda,0.6833585500717163,82,5.944199085235596,0.35807458750922067,0.0026433291291361976,0.001480987712651946,5.464661412122773,-0.0045740604400634766,-6,-0.00167083740234375,0.008107708070872854,0.0001661804584587958,-0.0002793618332855149,48.13191359707265
s5_010_id_random_balanced_g05_goal30_smooth075_50ep,learned,31,154,results/stage5_d/s5_010_parallel/id_random_balanced_g05_goal30_smooth075_50ep_seed123_cuda/runs/s5_010_id_random_balanced_g05_goal30_smooth075_50ep_episode_0031_learned,True,False,0.6928107142448425,96,9.600000000000001,8.11262321472168,4.979163646697998,0.3150462689810562,0.03615398705005646,0.01617543399333954,0.002910109989632263,0.0022865281490818527,52.64638612667719,57.245492935180664,id_random,ID random,balanced 0.5/3.0/0.75,Balanced,results/stage5_d/s5_010_parallel/id_random_balanced_g05_goal30_smooth075_50ep_seed123_cuda,0.6492008566856384,87,5.511199951171875,0.33497555781075206,0.003512219209449661,0.002302828977181437,6.239164834735037,0.0436098575592041,9,-0.532036304473877,-0.019929288829695857,-0.0006021092198173982,-1.6300828099584472e-05,46.40722129194216
s5_010_id_random_balanced_g05_goal30_smooth075_50ep,learned,32,155,results/stage5_d/s5_010_parallel/id_random_balanced_g05_goal30_smooth075_50ep_seed123_cuda/runs/s5_010_id_random_balanced_g05_goal30_smooth075_50ep_episode_0032_learned,True,False,0.6914712190628052,125,12.5,10.392411231994629,4.781961917877197,0.36196661344114694,0.042881373316049576,0.03390905633568764,0.0031919461069804065,0.0024510553278836583,53.621795654296875,78.25374603271484,id_random,ID random,balanced 0.5/3.0/0.75,Balanced,results/stage5_d/s5_010_parallel/id_random_balanced_g05_goal30_smooth075_50ep_seed123_cuda,0.6639490127563477,124,4.799050807952881,0.3536119257534607,0.002986253445158401,0.0020950108333002027,6.680242476924773,0.02752220630645752,1,-0.017088890075683594,0.008354687687686269,0.00020569266182200556,0.0003560444945834556,46.9415531773721
s5_010_id_random_balanced_g05_goal30_smooth075_50ep,learned,33,156,results/stage5_d/s5_010_parallel/id_random_balanced_g05_goal30_smooth075_50ep_seed123_cuda/runs/s5_010_id_random_balanced_g05_goal30_smooth075_50ep_episode_0033_learned,True,False,0.6923184990882874,67,6.7,5.849189281463623,8.218615531921387,0.273143968569226,0.028493089601397514,0.016864748671650887,0.003555959952217419,0.0013330602503186099,50.541614418599146,53.61509323120117,id_random,ID random,balanced 0.5/3.0/0.75,Balanced,results/stage5_d/s5_010_parallel/id_random_balanced_g05_goal30_smooth075_50ep_seed123_cuda,0.6814977526664734,65,8.218615531921387,0.27929730320838503,0.0035972382634028056,0.0015270619697611838,7.282590866088867,0.010820746421813965,2,0.0,-0.006153334639159014,-4.127831118538655e-05,-0.00019400171944257394,43.25902355251028
s5_010_id_random_balanced_g05_goal30_smooth075_50ep,learned,34,157,results/stage5_d/s5_010_parallel/id_random_balanced_g05_goal30_smooth075_50ep_seed123_cuda/runs/s5_010_id_random_balanced_g05_goal30_smooth075_50ep_episode_0034_learned,True,False,0.6853749752044678,131,13.100000000000001,11.204034805297852,3.307318687438965,0.3550855600440225,0.034888654947280884,0.025318585336208344,0.003385546738905774,0.002725136232125742,50.795092837501116,53.77817153930664,id_random,ID random,balanced 0.5/3.0/0.75,Balanced,results/stage5_d/s5_010_parallel/id_random_balanced_g05_goal30_smooth075_50ep_seed123_cuda,0.6830971837043762,126,2.7951741218566895,0.3617935591097396,0.003428672541202189,0.0027789693123132417,6.053001161605593,0.0022777915000915527,5,0.5121445655822754,-0.0067079990657171185,-4.312580229641526e-05,-5.383308018749953e-05,44.74209167589552
s5_010_id_random_balanced_g05_goal30_smooth075_50ep,learned,35,158,results/stage5_d/s5_010_parallel/id_random_balanced_g05_goal30_smooth075_50ep_seed123_cuda/runs/s5_010_id_random_balanced_g05_goal30_smooth075_50ep_episode_0035_learned,True,False,0.6953312754631042,143,14.3,13.330669403076172,5.01958703994751,0.3690990947294407,0.040580131113529205,0.028260158374905586,0.0033294979172907237,0.002461618119789384,53.353784801243066,71.23947143554688,id_random,ID random,balanced 0.5/3.0/0.75,Balanced,results/stage5_d/s5_010_parallel/id_random_balanced_g05_goal30_smooth075_50ep_seed123_cuda,0.6816152334213257,151,5.01958703994751,0.3589905919029921,0.0031340794231423997,0.00346348145804854,6.697111571861418,0.013716042041778564,-8,0.0,0.010108502826448595,0.00019541849414832398,-0.001001863338259156,46.656673229381646
s5_010_id_random_balanced_g05_goal30_smooth075_50ep,learned,36,159,results/stage5_d/s5_010_parallel/id_random_balanced_g05_goal30_smooth075_50ep_seed123_cuda/runs/s5_010_id_random_balanced_g05_goal30_smooth075_50ep_episode_0036_learned,True,False,0.6617475152015686,106,10.600000000000001,10.316117286682129,5.106943607330322,0.34042793927691706,0.03698204457759857,0.01913144253194332,0.003519690479784105,0.0024975584485869146,51.20532692603345,69.2131519317627,id_random,ID random,balanced 0.5/3.0/0.75,Balanced,results/stage5_d/s5_010_parallel/id_random_balanced_g05_goal30_smooth075_50ep_seed123_cuda,0.6779212355613708,97,5.106518268585205,0.3403462333413287,0.003075903593669367,0.0019965352860787456,6.647262376608308,-0.016173720359802246,9,0.0004253387451171875,8.170593558837203e-05,0.00044378688611473784,0.000501023162508169,44.55806454942514
s5_010_id_random_balanced_g05_goal30_smooth075_50ep,learned,37,160,results/stage5_d/s5_010_parallel/id_random_balanced_g05_goal30_smooth075_50ep_seed123_cuda/runs/s5_010_id_random_balanced_g05_goal30_smooth075_50ep_episode_0037_learned,True,False,0.6767315864562988,114,11.4,9.97474479675293,3.4412460327148438,0.32373527027875915,0.037322960793972015,0.02898354083299637,0.003163117429082223,0.002372681110019935,50.562224890056406,54.45218086242676,id_random,ID random,balanced 0.5/3.0/0.75,Balanced,results/stage5_d/s5_010_parallel/id_random_balanced_g05_goal30_smooth075_50ep_seed123_cuda,0.6872981786727905,124,3.0317907333374023,0.32957488500624393,0.003213155159140473,0.0028321761164839614,8.393977918932515,-0.0105665922164917,-10,0.4094552993774414,-0.005839614727484788,-5.0037730058250136e-05,-0.00045949500646402623,42.16824697112389
s5_010_id_random_balanced_g05_goal30_smooth075_50ep,learned,38,161,results/stage5_d/s5_010_parallel/id_random_balanced_g05_goal30_smooth075_50ep_seed123_cuda/runs/s5_010_id_random_balanced_g05_goal30_smooth075_50ep_episode_0038_learned,True,False,0.6904944181442261,106,10.600000000000001,8.444252967834473,4.894191265106201,0.3369234280333468,0.03593525290489197,0.017401186749339104,0.0030363226677285367,0.002385554441830556,55.249646024883916,77.70514488220215,id_random,ID random,balanced 0.5/3.0/0.75,Balanced,results/stage5_d/s5_010_parallel/id_random_balanced_g05_goal30_smooth075_50ep_seed123_cuda,0.698621392250061,103,5.010401725769043,0.3341867123436334,0.0028093924809004123,0.0017182460434120713,7.831031836352302,-0.008126974105834961,3,-0.1162104606628418,0.002736715689713398,0.00022693018682812434,0.0006673083984184845,47.41861418853161
s5_010_id_random_balanced_g05_goal30_smooth075_50ep,learned,39,162,results/stage5_d/s5_010_parallel/id_random_balanced_g05_goal30_smooth075_50ep_seed123_cuda/runs/s5_010_id_random_balanced_g05_goal30_smooth075_50ep_episode_0039_learned,True,False,0.670124351978302,173,17.3,14.393085479736328,1.4700335264205933,0.36281833522254936,0.05102620646357536,0.03718357905745506,0.00305658756918838,0.0036205935034733707,54.13619493473472,75.73699951171875,id_random,ID random,balanced 0.5/3.0/0.75,Balanced,results/stage5_d/s5_010_parallel/id_random_balanced_g05_goal30_smooth075_50ep_seed123_cuda,0.6972640156745911,187,1.514816164970398,0.3583507223840794,0.0029926244186416805,0.002972616663626874,7.990728725086559,-0.027139663696289062,-14,-0.04478263854980469,0.00446761283846997,6.396315054669945e-05,0.0006479768398464968,46.14546620964816
s5_010_id_random_balanced_g05_goal30_smooth075_50ep,learned,40,163,results/stage5_d/s5_010_parallel/id_random_balanced_g05_goal30_smooth075_50ep_seed123_cuda/runs/s5_010_id_random_balanced_g05_goal30_smooth075_50ep_episode_0040_learned,True,False,0.6597539186477661,111,11.100000000000001,10.018997192382812,2.684114456176758,0.3210312761286136,0.035162102431058884,0.02335483953356743,0.0033637456079308116,0.002672946397759475,58.58386529458536,102.96845436096191,id_random,ID random,balanced 0.5/3.0/0.75,Balanced,results/stage5_d/s5_010_parallel/id_random_balanced_g05_goal30_smooth075_50ep_seed123_cuda,0.6937786936759949,114,2.2873783111572266,0.3291942781816225,0.0032958360325643175,0.002515412691629786,8.790827634041769,-0.03402477502822876,-3,0.39673614501953125,-0.008163002053008905,6.790957536649414e-05,0.00015753370612968907,49.79303766054359
s5_010_id_random_balanced_g05_goal30_smooth075_50ep,learned,41,164,results/stage5_d/s5_010_parallel/id_random_balanced_g05_goal30_smooth075_50ep_seed123_cuda/runs/s5_010_id_random_balanced_g05_goal30_smooth075_50ep_episode_0041_learned,True,False,0.6790708303451538,129,12.9,9.952030181884766,4.857850551605225,0.4042402678083578,0.05286717787384987,0.0408438965678215,0.002452662594043505,0.002154780457586065,53.14626250156137,70.03021240234375,id_random,ID random,balanced 0.5/3.0/0.75,Balanced,results/stage5_d/s5_010_parallel/id_random_balanced_g05_goal30_smooth075_50ep_seed123_cuda,0.6779672503471375,130,4.79803466796875,0.4129914585223574,0.002617762556480894,0.002431550937678515,8.290344018202562,0.0011035799980163574,-1,0.05981588363647461,-0.008751190713999601,-0.00016509996243738905,-0.0002767704800924497,44.855918483358806
s5_010_id_random_balanced_g05_goal30_smooth075_50ep,learned,42,165,results/stage5_d/s5_010_parallel/id_random_balanced_g05_goal30_smooth075_50ep_seed123_cuda/runs/s5_010_id_random_balanced_g05_goal30_smooth075_50ep_episode_0042_learned,True,False,0.6940204501152039,165,16.5,16.111209869384766,0.2497120499610901,0.3299762510535992,0.041475094854831696,0.025754649192094803,0.0037806514351155012,0.003219756960865107,52.52583677118475,70.09458541870117,id_random,ID random,balanced 0.5/3.0/0.75,Balanced,results/stage5_d/s5_010_parallel/id_random_balanced_g05_goal30_smooth075_50ep_seed123_cuda,0.6530922055244446,167,0.24921578168869019,0.3285702807855448,0.0035642990229126127,0.0030396457646719795,6.380820702649876,0.04092824459075928,-2,0.0004962682723999023,0.0014059702680543906,0.00021635241220288853,0.00018011119619312744,46.14501606853487
s5_010_id_random_balanced_g05_goal30_smooth075_50ep,learned,43,166,results/stage5_d/s5_010_parallel/id_random_balanced_g05_goal30_smooth075_50ep_seed123_cuda/runs/s5_010_id_random_balanced_g05_goal30_smooth075_50ep_episode_0043_learned,True,False,0.6697977781295776,153,15.3,16.33578109741211,2.8188676834106445,0.4027165720966688,0.03726108372211456,0.019262392073869705,0.004092275430565982,0.0040451439436820615,52.50363100587932,76.28870010375977,id_random,ID random,balanced 0.5/3.0/0.75,Balanced,results/stage5_d/s5_010_parallel/id_random_balanced_g05_goal30_smooth075_50ep_seed123_cuda,0.6845577359199524,142,2.700967311859131,0.4059674135218686,0.0037330228369797294,0.003402937526104891,5.77901282780607,-0.014759957790374756,11,0.11790037155151367,-0.003250841425199824,0.0003592525935862531,0.0006422064175771705,46.72461817807325
s5_010_id_random_balanced_g05_goal30_smooth075_50ep,learned,44,167,results/stage5_d/s5_010_parallel/id_random_balanced_g05_goal30_smooth075_50ep_seed123_cuda/runs/s5_010_id_random_balanced_g05_goal30_smooth075_50ep_episode_0044_learned,True,False,0.6765871644020081,148,14.8,13.425732612609863,4.0053815841674805,0.34711957708967855,0.03675719350576401,0.021984314545989037,0.003316378616928633,0.002792070300116703,53.06134352812896,72.12948799133301,id_random,ID random,balanced 0.5/3.0/0.75,Balanced,results/stage5_d/s5_010_parallel/id_random_balanced_g05_goal30_smooth075_50ep_seed123_cuda,0.6872423887252808,141,3.7277002334594727,0.34190496724404,0.003242569176726095,0.002572994862170875,6.4938152935488,-0.010655224323272705,7,0.2776813507080078,0.00521460984563854,7.380944020253825e-05,0.00021907543794582804,46.56752823458016
s5_010_id_random_balanced_g05_goal30_smooth075_50ep,learned,45,168,results/stage5_d/s5_010_parallel/id_random_balanced_g05_goal30_smooth075_50ep_seed123_cuda/runs/s5_010_id_random_balanced_g05_goal30_smooth075_50ep_episode_0045_learned,True,False,0.6621251702308655,69,6.9,5.751502990722656,4.7699875831604,0.23680916849483288,0.038571130484342575,0.018578538671135902,0.003050214115394153,0.0021845390712375494,54.959711821182914,76.80892944335938,id_random,ID random,balanced 0.5/3.0/0.75,Balanced,results/stage5_d/s5_010_parallel/id_random_balanced_g05_goal30_smooth075_50ep_seed123_cuda,0.6767841577529907,69,4.797844886779785,0.2365714113916392,0.0024297748511895195,0.0015194998395742143,7.1285012839497,-0.014658987522125244,0,-0.027857303619384766,0.00023775710319368093,0.0006204392642046334,0.0006650392316633351,47.83121053723321
s5_010_id_random_balanced_g05_goal30_smooth075_50ep,learned,46,169,results/stage5_d/s5_010_parallel/id_random_balanced_g05_goal30_smooth075_50ep_seed123_cuda/runs/s5_010_id_random_balanced_g05_goal30_smooth075_50ep_episode_0046_learned,True,False,0.6958063244819641,121,12.100000000000001,11.726603507995605,1.0292524099349976,0.3577488931090602,0.03815656155347824,0.019226575270295143,0.003157548815793441,0.0025584256230180022,52.041014363943056,69.02837753295898,id_random,ID random,balanced 0.5/3.0/0.75,Balanced,results/stage5_d/s5_010_parallel/id_random_balanced_g05_goal30_smooth075_50ep_seed123_cuda,0.6647288203239441,118,0.8968573808670044,0.3571966108023999,0.003333629236031682,0.0027335922196020713,8.346357588040627,0.03107750415802002,3,0.13239502906799316,0.0005522823066603233,-0.0001760804202382408,-0.00017516659658406908,43.69465677590243
s5_010_id_random_balanced_g05_goal30_smooth075_50ep,learned,47,170,results/stage5_d/s5_010_parallel/id_random_balanced_g05_goal30_smooth075_50ep_seed123_cuda/runs/s5_010_id_random_balanced_g05_goal30_smooth075_50ep_episode_0047_learned,True,False,0.6802598834037781,190,19.0,17.239788055419922,2.907857894897461,0.3632368877825426,0.04667171090841293,0.030463507398962975,0.003582775060953454,0.004144885340366462,55.188648324263724,76.30658149719238,id_random,ID random,balanced 0.5/3.0/0.75,Balanced,results/stage5_d/s5_010_parallel/id_random_balanced_g05_goal30_smooth075_50ep_seed123_cuda,0.6656339764595032,192,3.304126739501953,0.35913600722166544,0.0030733623114962243,0.0036852062290275724,7.125217467546463,0.014625906944274902,-2,-0.3962688446044922,0.0041008805608771515,0.0005094127494572297,0.0004596791113388892,48.06343085671726
s5_010_id_random_balanced_g05_goal30_smooth075_50ep,learned,48,171,results/stage5_d/s5_010_parallel/id_random_balanced_g05_goal30_smooth075_50ep_seed123_cuda/runs/s5_010_id_random_balanced_g05_goal30_smooth075_50ep_episode_0048_learned,True,False,0.6589101552963257,130,13.0,13.844524383544922,5.005854606628418,0.42539707014390915,0.03770328685641289,0.02211865596473217,0.003917248791621668,0.0037711550852699087,53.82149402911846,79.803466796875,id_random,ID random,balanced 0.5/3.0/0.75,Balanced,results/stage5_d/s5_010_parallel/id_random_balanced_g05_goal30_smooth075_50ep_seed123_cuda,0.6984661221504211,136,5.047653675079346,0.41103870407900744,0.003540307662936162,0.0037699463482508766,8.023155086180743,-0.03955596685409546,-6,-0.041799068450927734,0.014358366064901706,0.00037694112868550626,1.208737019032114e-06,45.79833894293772
s5_010_id_random_balanced_g05_goal30_smooth075_50ep,learned,49,172,results/stage5_d/s5_010_parallel/id_random_balanced_g05_goal30_smooth075_50ep_seed123_cuda/runs/s5_010_id_random_balanced_g05_goal30_smooth075_50ep_episode_0049_learned,True,False,0.6797686219215393,113,11.3,10.774620056152344,5.78704309463501,0.33005572114325493,0.03448880836367607,0.020776480436325073,0.003336313196154092,0.003239714568681504,55.21560559230568,89.96415138244629,id_random,ID random,balanced 0.5/3.0/0.75,Balanced,results/stage5_d/s5_010_parallel/id_random_balanced_g05_goal30_smooth075_50ep_seed123_cuda,0.6754865646362305,115,5.839956760406494,0.3369861372303137,0.003153140191819872,0.0026799214190825573,6.337934991587764,0.004282057285308838,-2,-0.052913665771484375,-0.006930416087058744,0.00018317300433422007,0.0005597931495989468,48.87767060071791
s5_010_ood_obstacle_default_g10_50ep,learned,0,123,results/stage5_d/s5_010_parallel/ood_obstacle_default_g10_50ep_seed123_cuda/runs/s5_010_ood_obstacle_default_g10_50ep_episode_0000_learned,True,False,0.6995024681091309,211,21.1,8.530542373657227,5.379533290863037,0.24092323070902916,0.027348197996616364,0.019124995917081833,0.00131332787025372,0.0007307808388427046,55.70126822774444,249.70197677612305,ood_obstacle,OOD obstacle,default g1.0,Default learned,results/stage5_d/s5_010_parallel/ood_obstacle_default_g10_50ep_seed123_cuda,0.6625387668609619,102,5.380869388580322,0.31715972176053214,0.002668026162388479,0.0019204252285440456,8.93847381367403,0.036963701248168945,109,-0.0013360977172851562,-0.07623649105150299,-0.001354698292134759,-0.001189644389701341,46.76279441407041
s5_010_ood_obstacle_default_g10_50ep,learned,1,124,results/stage5_d/s5_010_parallel/ood_obstacle_default_g10_50ep_seed123_cuda/runs/s5_010_ood_obstacle_default_g10_50ep_episode_0001_learned,True,False,0.6750410795211792,415,41.5,20.904029846191406,0.17945373058319092,0.4367642701358194,0.037129856646060944,0.023525355383753777,0.003397236727375775,0.0038526583441825155,54.19436477753053,79.78057861328125,ood_obstacle,OOD obstacle,default g1.0,Default learned,results/stage5_d/s5_010_parallel/ood_obstacle_default_g10_50ep_seed123_cuda,0.699011504650116,277,0.20859920978546143,0.27269444359278994,0.0029877770093638895,0.002996833815775771,7.68673807274994,-0.023970425128936768,138,-0.029145479202270508,0.16406982654302948,0.00040945971801188566,0.0008558245284067444,46.50762670478059
s5_010_ood_obstacle_default_g10_50ep,learned,2,125,results/stage5_d/s5_010_parallel/ood_obstacle_default_g10_50ep_seed123_cuda/runs/s5_010_ood_obstacle_default_g10_50ep_episode_0002_learned,True,False,0.6961030960083008,126,12.600000000000001,10.893619537353516,4.432183742523193,0.32907670532087135,0.035710409283638,0.02734784036874771,0.002957121439030708,0.002006716584936109,55.07139175657242,80.18350601196289,ood_obstacle,OOD obstacle,default g1.0,Default learned,results/stage5_d/s5_010_parallel/ood_obstacle_default_g10_50ep_seed123_cuda,0.6796021461486816,126,3.964747905731201,0.3540279353346069,0.003441860666862325,0.0030917553812925508,8.033232083396307,0.01650094985961914,0,0.4674358367919922,-0.02495123001373556,-0.00048473922783161694,-0.0010850387963564417,47.03815967317611
s5_010_ood_obstacle_default_g10_50ep,learned,3,126,results/stage5_d/s5_010_parallel/ood_obstacle_default_g10_50ep_seed123_cuda/runs/s5_010_ood_obstacle_default_g10_50ep_episode_0003_learned,True,False,0.6750353574752808,77,7.7,5.379830837249756,4.936960220336914,0.21854862032364447,0.027185827493667603,0.01258664671331644,0.002438042549258192,0.0008765280777200316,54.58811041596648,76.0183334350586,ood_obstacle,OOD obstacle,default g1.0,Default learned,results/stage5_d/s5_010_parallel/ood_obstacle_default_g10_50ep_seed123_cuda,0.6937746405601501,64,4.5739288330078125,0.22769673573839103,0.00304981448171237,0.0015020301236217616,6.29192590713501,-0.018739283084869385,13,0.36303138732910156,-0.009148115414746555,-0.0006117719324541782,-0.00062550204590173,48.29618450883147
s5_010_ood_obstacle_default_g10_50ep,learned,4,127,results/stage5_d/s5_010_parallel/ood_obstacle_default_g10_50ep_seed123_cuda/runs/s5_010_ood_obstacle_default_g10_50ep_episode_0004_learned,True,False,0.6979771256446838,119,11.9,9.055845260620117,4.803463935852051,0.2771939980255503,0.04416550695896149,0.02964649349451065,0.002361771541376818,0.001868627350979501,53.82390783614471,72.79133796691895,ood_obstacle,OOD obstacle,default g1.0,Default learned,results/stage5_d/s5_010_parallel/ood_obstacle_default_g10_50ep_seed123_cuda,0.6776947379112244,117,5.0470290184021,0.3008790874514061,0.002777886835244663,0.0029316860303328636,6.447135892688719,0.020282387733459473,2,-0.24356508255004883,-0.023685089425855843,-0.0004161152938678453,-0.0010630586793533626,47.37677194345599
s5_010_ood_obstacle_default_g10_50ep,learned,5,128,results/stage5_d/s5_010_parallel/ood_obstacle_default_g10_50ep_seed123_cuda/runs/s5_010_ood_obstacle_default_g10_50ep_episode_0005_learned,True,False,0.6951869130134583,123,12.3,10.965728759765625,4.340320110321045,0.28384937342662614,0.03671686351299286,0.02459951676428318,0.0030135139325693765,0.00278649321180086,53.55319550366906,66.83874130249023,ood_obstacle,OOD obstacle,default g1.0,Default learned,results/stage5_d/s5_010_parallel/ood_obstacle_default_g10_50ep_seed123_cuda,0.6583350896835327,120,4.379554271697998,0.3008262631333492,0.003324284044726427,0.003122876943604391,6.406017144521077,0.03685182332992554,3,-0.039234161376953125,-0.016976889706723064,-0.0003107701121570503,-0.00033638373180353096,47.14717835914798
s5_010_ood_obstacle_default_g10_50ep,learned,6,129,results/stage5_d/s5_010_parallel/ood_obstacle_default_g10_50ep_seed123_cuda/runs/s5_010_ood_obstacle_default_g10_50ep_episode_0006_learned,True,False,0.6644641160964966,182,18.2,18.184587478637695,0.21762359142303467,0.32943077550053307,0.04213755950331688,0.028554005548357964,0.00323514425674207,0.0028431301560633607,55.61501901228349,80.53016662597656,ood_obstacle,OOD obstacle,default g1.0,Default learned,results/stage5_d/s5_010_parallel/ood_obstacle_default_g10_50ep_seed123_cuda,0.6733921766281128,191,0.19780504703521729,0.3520158707007738,0.0037803027731177197,0.0036168479807530264,6.181890427754188,-0.008928060531616211,-9,0.019818544387817383,-0.022585095200240712,-0.0005451585163756497,-0.0007737178246896657,49.4331285845293
s5_010_ood_obstacle_default_g10_50ep,learned,7,130,results/stage5_d/s5_010_parallel/ood_obstacle_default_g10_50ep_seed123_cuda/runs/s5_010_ood_obstacle_default_g10_50ep_episode_0007_learned,True,False,0.6879409551620483,108,10.8,9.189504623413086,2.6199593544006348,0.29761306635567353,0.026921890676021576,0.0195904653519392,0.0028787553941335775,0.0009638004262257163,57.17283045804059,80.98340034484863,ood_obstacle,OOD obstacle,default g1.0,Default learned,results/stage5_d/s5_010_parallel/ood_obstacle_default_g10_50ep_seed123_cuda,0.695236325263977,92,2.545252799987793,0.31628108325138504,0.003660714367497423,0.0022082307958306963,7.438755553701649,-0.007295370101928711,16,0.0747065544128418,-0.018668016895711514,-0.0007819589733638454,-0.00124443036960498,49.73407490433895
s5_010_ood_obstacle_default_g10_50ep,learned,8,131,results/stage5_d/s5_010_parallel/ood_obstacle_default_g10_50ep_seed123_cuda/runs/s5_010_ood_obstacle_default_g10_50ep_episode_0008_learned,True,False,0.6952607035636902,152,15.200000000000001,12.761770248413086,2.1514883041381836,0.3480892256212332,0.048232343047857285,0.03573644906282425,0.0024624335571029055,0.0018882104896565692,55.34411731519197,78.92966270446777,ood_obstacle,OOD obstacle,default g1.0,Default learned,results/stage5_d/s5_010_parallel/ood_obstacle_default_g10_50ep_seed123_cuda,0.6852608323097229,160,2.1507534980773926,0.3894159640532052,0.0028523926144796716,0.0028056541016784286,6.608127057552338,0.009999871253967285,-8,0.0007348060607910156,-0.04132673843197204,-0.00038995905737676615,-0.0009174436120218594,48.735990257639635
s5_010_ood_obstacle_default_g10_50ep,learned,9,132,results/stage5_d/s5_010_parallel/ood_obstacle_default_g10_50ep_seed123_cuda/runs/s5_010_ood_obstacle_default_g10_50ep_episode_0009_learned,True,False,0.6756605505943298,162,16.2,15.708183288574219,0.8719379901885986,0.316457756285708,0.043100494891405106,0.030170444399118423,0.0032166046155781627,0.002803103131223772,55.88397861998758,125.16069412231445,ood_obstacle,OOD obstacle,default g1.0,Default learned,results/stage5_d/s5_010_parallel/ood_obstacle_default_g10_50ep_seed123_cuda,0.6516550183296204,156,0.9382839202880859,0.33345273172770906,0.003476189728784024,0.003516966076550061,7.168779006371131,0.024005532264709473,6,-0.0663459300994873,-0.01699497544200107,-0.00025958511320586146,-0.000713862945326289,48.71519961361645
s5_010_ood_obstacle_default_g10_50ep,learned,10,133,results/stage5_d/s5_010_parallel/ood_obstacle_default_g10_50ep_seed123_cuda/runs/s5_010_ood_obstacle_default_g10_50ep_episode_0010_learned,True,False,0.6919236779212952,119,11.9,9.800189971923828,2.925306797027588,0.33741576205870577,0.040373194962739944,0.024030139669775963,0.002633257977055151,0.0020039390758262035,51.4986795537612,53.99441719055176,ood_obstacle,OOD obstacle,default g1.0,Default learned,results/stage5_d/s5_010_parallel/ood_obstacle_default_g10_50ep_seed123_cuda,0.6686506271362305,107,2.5554957389831543,0.35512589660906185,0.003191674961209676,0.0030226699631841166,6.678443088709751,0.023273050785064697,12,0.3698110580444336,-0.017710134550356083,-0.0005584169841545247,-0.001018730887357913,44.82023646505145
s5_010_ood_obstacle_default_g10_50ep,learned,11,134,results/stage5_d/s5_010_parallel/ood_obstacle_default_g10_50ep_seed123_cuda/runs/s5_010_ood_obstacle_default_g10_50ep_episode_0011_learned,True,False,0.6979130506515503,152,15.200000000000001,13.243341445922852,4.4048357009887695,0.3544845577351321,0.03423040732741356,0.020858369767665863,0.003202338776353838,0.0019529397444454511,53.83195061432688,101.96781158447266,ood_obstacle,OOD obstacle,default g1.0,Default learned,results/stage5_d/s5_010_parallel/ood_obstacle_default_g10_50ep_seed123_cuda,0.6884679198265076,148,4.605382442474365,0.3559974737697819,0.00338143763050046,0.002726269802632823,5.61672610205573,0.009445130825042725,4,-0.2005467414855957,-0.0015129160346498138,-0.00017909885414662229,-0.0007733300581873718,48.21522451227115
s5_010_ood_obstacle_default_g10_50ep,learned,12,135,results/stage5_d/s5_010_parallel/ood_obstacle_default_g10_50ep_seed123_cuda/runs/s5_010_ood_obstacle_default_g10_50ep_episode_0012_learned,True,False,0.6736985445022583,189,18.900000000000002,18.410924911499023,0.20215225219726562,0.35604160892941605,0.04365600273013115,0.02697463519871235,0.0033183019818994507,0.0031523482959151155,55.20444446139865,72.56698608398438,ood_obstacle,OOD obstacle,default g1.0,Default learned,results/stage5_d/s5_010_parallel/ood_obstacle_default_g10_50ep_seed123_cuda,0.6622083187103271,184,0.17880988121032715,0.36858126841882305,0.0034909153506558076,0.0037733429424579123,6.411606850831405,0.011490225791931152,5,0.023342370986938477,-0.012539659489406996,-0.0001726133687563569,-0.0006209946465427969,48.79283761056725
s5_010_ood_obstacle_default_g10_50ep,learned,13,136,results/stage5_d/s5_010_parallel/ood_obstacle_default_g10_50ep_seed123_cuda/runs/s5_010_ood_obstacle_default_g10_50ep_episode_0013_learned,True,False,0.6937897801399231,96,9.600000000000001,6.53570556640625,5.597917556762695,0.2569702600486077,0.03305746242403984,0.018526092171669006,0.0022039225778187955,0.0008220908973878875,53.955490390459694,80.1248550415039,ood_obstacle,OOD obstacle,default g1.0,Default learned,results/stage5_d/s5_010_parallel/ood_obstacle_default_g10_50ep_seed123_cuda,0.6864275336265564,74,5.597971439361572,0.288513990894579,0.002980010982085938,0.0017579459975785097,5.599234555218671,0.007362246513366699,22,-5.3882598876953125e-05,-0.03154373084597134,-0.0007760884042671426,-0.0009358551001906223,48.35625583524102
s5_010_ood_obstacle_default_g10_50ep,learned,14,137,results/stage5_d/s5_010_parallel/ood_obstacle_default_g10_50ep_seed123_cuda/runs/s5_010_ood_obstacle_default_g10_50ep_episode_0014_learned,True,False,0.6872995495796204,137,13.700000000000001,10.799331665039062,3.405607223510742,0.3122228922939946,0.04387684538960457,0.027785474434494972,0.0025498744782232055,0.0017099140906214705,53.64039518537312,74.60331916809082,ood_obstacle,OOD obstacle,default g1.0,Default learned,results/stage5_d/s5_010_parallel/ood_obstacle_default_g10_50ep_seed123_cuda,0.6618051528930664,130,3.2910819053649902,0.3205485868972923,0.002844169048700527,0.0032078671058688936,5.82575247837947,0.025494396686553955,7,0.11452531814575195,-0.00832569460329774,-0.00029429457047732126,-0.0014979530152474231,47.81464270699365
s5_010_ood_obstacle_default_g10_50ep,learned,15,138,results/stage5_d/s5_010_parallel/ood_obstacle_default_g10_50ep_seed123_cuda/runs/s5_010_ood_obstacle_default_g10_50ep_episode_0015_learned,True,False,0.6996233463287354,569,56.900000000000006,15.759035110473633,0.23134362697601318,0.2581069692659371,0.030850332230329514,0.014932273887097836,0.00268777860036143,0.00423307291310416,53.5218744998657,95.51000595092773,ood_obstacle,OOD obstacle,default g1.0,Default learned,results/stage5_d/s5_010_parallel/ood_obstacle_default_g10_50ep_seed123_cuda,0.6719642281532288,237,-0.10304462909698486,0.3092829574949763,0.0034703943542984165,0.003007680906437068,5.507136196023804,0.027659118175506592,332,0.33438825607299805,-0.05117598822903918,-0.0007826157539369866,0.0012253920066670919,48.014738303841895
s5_010_ood_obstacle_default_g10_50ep,learned,16,139,results/stage5_d/s5_010_parallel/ood_obstacle_default_g10_50ep_seed123_cuda/runs/s5_010_ood_obstacle_default_g10_50ep_episode_0016_learned,True,False,0.6987897157669067,116,11.600000000000001,6.959262847900391,4.409818172454834,0.256703477039038,0.031040504574775696,0.019783075898885727,0.001746920057779865,0.0009899392313814774,54.403179678423655,75.56891441345215,ood_obstacle,OOD obstacle,default g1.0,Default learned,results/stage5_d/s5_010_parallel/ood_obstacle_default_g10_50ep_seed123_cuda,0.684283435344696,84,4.409818172454834,0.2999830722125591,0.002321187822991269,0.0013795663202798897,5.734948884873163,0.014506280422210693,32,0.0,-0.04327959517352109,-0.0005742677652114041,-0.0003896270888984123,48.66823079355049
s5_010_ood_obstacle_default_g10_50ep,learned,17,140,results/stage5_d/s5_010_parallel/ood_obstacle_default_g10_50ep_seed123_cuda/runs/s5_010_ood_obstacle_default_g10_50ep_episode_0017_learned,True,False,0.6678609251976013,182,18.2,15.89128303527832,0.21785789728164673,0.4038827334392168,0.051137447357177734,0.0382867157459259,0.003054992366721696,0.0028893393642850872,52.91108901684101,60.20045280456543,ood_obstacle,OOD obstacle,default g1.0,Default learned,results/stage5_d/s5_010_parallel/ood_obstacle_default_g10_50ep_seed123_cuda,0.6928301453590393,196,0.8359829187393188,0.404851283814802,0.0027704504267965398,0.0030053393086664614,6.405797539925088,-0.02496922016143799,-14,-0.6181250214576721,-0.0009685503755851865,0.00028454193992515607,-0.0001159999443813742,46.50529147691592
s5_010_ood_obstacle_default_g10_50ep,learned,18,141,results/stage5_d/s5_010_parallel/ood_obstacle_default_g10_50ep_seed123_cuda/runs/s5_010_ood_obstacle_default_g10_50ep_episode_0018_learned,True,False,0.6996238231658936,120,12.0,10.728940963745117,4.761719226837158,0.353770828601555,0.0396563895046711,0.03141294792294502,0.003245389665845831,0.0018752184883868324,51.687824726104736,58.89892578125,ood_obstacle,OOD obstacle,default g1.0,Default learned,results/stage5_d/s5_010_parallel/ood_obstacle_default_g10_50ep_seed123_cuda,0.6799892783164978,129,4.758871078491211,0.3603373848667094,0.003125934715751764,0.0022946944512638474,5.954291469366976,0.019634544849395752,-9,0.0028481483459472656,-0.0065665562651544,0.00011945495009406696,-0.000419475962877015,45.73353325673776
s5_010_ood_obstacle_default_g10_50ep,learned,19,142,results/stage5_d/s5_010_parallel/ood_obstacle_default_g10_50ep_seed123_cuda/runs/s5_010_ood_obstacle_default_g10_50ep_episode_0019_learned,True,False,0.6824172735214233,147,14.700000000000001,14.314497947692871,0.21133029460906982,0.2986730131880589,0.04093781113624573,0.02928895317018032,0.0033575842676006875,0.0028804515545937264,53.1503456790431,62.22128868103027,ood_obstacle,OOD obstacle,default g1.0,Default learned,results/stage5_d/s5_010_parallel/ood_obstacle_default_g10_50ep_seed123_cuda,0.663793683052063,153,0.23229587078094482,0.310931415823547,0.00351623957678759,0.0034177332684537966,6.320029302360186,0.01862359046936035,-6,-0.020965576171875,-0.012258402635488108,-0.00015865530918690238,-0.0005372817138600701,46.830316376682916
s5_010_ood_obstacle_default_g10_50ep,learned,20,143,results/stage5_d/s5_010_parallel/ood_obstacle_default_g10_50ep_seed123_cuda/runs/s5_010_ood_obstacle_default_g10_50ep_episode_0020_learned,True,False,0.6895055174827576,142,14.200000000000001,12.193429946899414,3.40352201461792,0.31178190287299,0.04395370930433273,0.03228781744837761,0.0027067355937034996,0.0019440235352017462,50.6310781962435,52.29687690734863,ood_obstacle,OOD obstacle,default g1.0,Default learned,results/stage5_d/s5_010_parallel/ood_obstacle_default_g10_50ep_seed123_cuda,0.6967197060585022,156,3.5488314628601074,0.3319642869307688,0.0030984944470059763,0.0027322592617556045,5.768216573275053,-0.007214188575744629,-14,-0.1453094482421875,-0.02018238405777878,-0.0003917588533024767,-0.0007882357265538583,44.862861622968445
s5_010_ood_obstacle_default_g10_50ep,learned,21,144,results/stage5_d/s5_010_parallel/ood_obstacle_default_g10_50ep_seed123_cuda/runs/s5_010_ood_obstacle_default_g10_50ep_episode_0021_learned,True,False,0.6858614087104797,123,12.3,9.145008087158203,3.8506035804748535,0.35320632878922376,0.04059400409460068,0.02599162422120571,0.0022184769270890544,0.0016244670032765259,55.28380812668219,67.72208213806152,ood_obstacle,OOD obstacle,default g1.0,Default learned,results/stage5_d/s5_010_parallel/ood_obstacle_default_g10_50ep_seed123_cuda,0.6942082643508911,111,3.830471992492676,0.3786843473644957,0.0025146203197291017,0.002406772850461265,5.120878821020728,-0.008346855640411377,12,0.020131587982177734,-0.025478018575271932,-0.0002961433926400472,-0.0007823058471847391,50.162929305661464
s5_010_ood_obstacle_default_g10_50ep,learned,22,145,results/stage5_d/s5_010_parallel/ood_obstacle_default_g10_50ep_seed123_cuda/runs/s5_010_ood_obstacle_default_g10_50ep_episode_0022_learned,True,False,0.6811081171035767,185,18.5,18.228897094726562,0.20285725593566895,0.3738802792546119,0.03489350900053978,0.018065303564071655,0.0035980453544911064,0.002981872976692585,53.107822263563,58.99167060852051,ood_obstacle,OOD obstacle,default g1.0,Default learned,results/stage5_d/s5_010_parallel/ood_obstacle_default_g10_50ep_seed123_cuda,0.6920293569564819,177,0.20830929279327393,0.37975223429024546,0.004055133951466726,0.0038927869482536996,6.238126485361218,-0.010921239852905273,8,-0.0054520368576049805,-0.005871955035633536,-0.00045708859697562,-0.0009109139715611147,46.86969577820178
s5_010_ood_obstacle_default_g10_50ep,learned,23,146,results/stage5_d/s5_010_parallel/ood_obstacle_default_g10_50ep_seed123_cuda/runs/s5_010_ood_obstacle_default_g10_50ep_episode_0023_learned,True,False,0.6962905526161194,124,12.4,11.371545791625977,4.811820030212402,0.414301354572883,0.036483995616436005,0.02818090096116066,0.0034903174481335534,0.0021652912428706855,53.118153925864924,59.30304527282715,ood_obstacle,OOD obstacle,default g1.0,Default learned,results/stage5_d/s5_010_parallel/ood_obstacle_default_g10_50ep_seed123_cuda,0.6722314953804016,128,4.811820030212402,0.43528908665284693,0.0034532248458729255,0.0030121641414868013,5.115572363138199,0.024059057235717773,-4,0.0,-0.02098773207996396,3.709260226062794e-05,-0.0008468728986161158,48.002581562726725
s5_010_ood_obstacle_default_g10_50ep,learned,24,147,results/stage5_d/s5_010_parallel/ood_obstacle_default_g10_50ep_seed123_cuda/runs/s5_010_ood_obstacle_default_g10_50ep_episode_0024_learned,True,False,0.6776275038719177,155,15.5,14.302665710449219,0.20455873012542725,0.3271030866360431,0.03929708153009415,0.02481745183467865,0.003232760178152271,0.001842378433101705,54.3171513465143,62.854766845703125,ood_obstacle,OOD obstacle,default g1.0,Default learned,results/stage5_d/s5_010_parallel/ood_obstacle_default_g10_50ep_seed123_cuda,0.6686927080154419,150,0.32656943798065186,0.3349711844569247,0.0032006120171919035,0.0031842346757416065,6.662459373474121,0.00893479585647583,5,-0.12201070785522461,-0.007868097820881603,3.21481609603675e-05,-0.0013418562426399014,47.65469197304018
s5_010_ood_obstacle_default_g10_50ep,learned,25,148,results/stage5_d/s5_010_parallel/ood_obstacle_default_g10_50ep_seed123_cuda/runs/s5_010_ood_obstacle_default_g10_50ep_episode_0025_learned,True,False,0.6813305616378784,179,17.900000000000002,15.702764511108398,0.7336115837097168,0.3553588728030543,0.045276135206222534,0.031191257759928703,0.0029799713044311713,0.0024706468187187087,54.917282232359135,64.27431106567383,ood_obstacle,OOD obstacle,default g1.0,Default learned,results/stage5_d/s5_010_parallel/ood_obstacle_default_g10_50ep_seed123_cuda,0.6913869976997375,177,0.6033589839935303,0.37407231683606723,0.0033442961678029166,0.003922317399723597,7.269898376895883,-0.01005643606185913,2,0.13025259971618652,-0.01871344403301295,-0.00036432486337174526,-0.0014516705810048883,47.647383855463254
s5_010_ood_obstacle_default_g10_50ep,learned,26,149,results/stage5_d/s5_010_parallel/ood_obstacle_default_g10_50ep_seed123_cuda/runs/s5_010_ood_obstacle_default_g10_50ep_episode_0026_learned,True,False,0.6935728192329407,110,11.0,8.272562026977539,6.2240424156188965,0.31664038947211914,0.032222624868154526,0.016484437510371208,0.003123040255316559,0.001866559798009886,53.983356735923074,63.24648857116699,ood_obstacle,OOD obstacle,default g1.0,Default learned,results/stage5_d/s5_010_parallel/ood_obstacle_default_g10_50ep_seed123_cuda,0.6917023062705994,100,6.510562419891357,0.31293421921110715,0.0032049583170376404,0.002755098841395331,5.097935199737549,0.0018705129623413086,10,-0.28652000427246094,0.0037061702610119984,-8.191806172108164e-05,-0.000888539043385445,48.885421536185525
s5_010_ood_obstacle_default_g10_50ep,learned,27,150,results/stage5_d/s5_010_parallel/ood_obstacle_default_g10_50ep_seed123_cuda/runs/s5_010_ood_obstacle_default_g10_50ep_episode_0027_learned,True,False,0.6921878457069397,180,18.0,17.137693405151367,2.062349796295166,0.32557263828175365,0.040786467492580414,0.025485064834356308,0.0030561352528364265,0.0031271096329322785,53.19784217410617,62.96491622924805,ood_obstacle,OOD obstacle,default g1.0,Default learned,results/stage5_d/s5_010_parallel/ood_obstacle_default_g10_50ep_seed123_cuda,0.6794378161430359,189,0.9571459293365479,0.347619996515108,0.0034089401909748337,0.003377168778354497,6.382951030024776,0.012750029563903809,-9,1.1052038669586182,-0.022047358233354353,-0.0003528049381384072,-0.0002500591454222185,46.81489114408139
s5_010_ood_obstacle_default_g10_50ep,learned,28,151,results/stage5_d/s5_010_parallel/ood_obstacle_default_g10_50ep_seed123_cuda/runs/s5_010_ood_obstacle_default_g10_50ep_episode_0028_learned,True,False,0.6923786401748657,167,16.7,15.69682788848877,0.21424031257629395,0.40315547704307675,0.04102708771824837,0.02225780114531517,0.003410160055866198,0.0026492857347653023,52.147811044475986,59.83090400695801,ood_obstacle,OOD obstacle,default g1.0,Default learned,results/stage5_d/s5_010_parallel/ood_obstacle_default_g10_50ep_seed123_cuda,0.6920360922813416,158,0.41736388206481934,0.4081575905919462,0.0032008681432482747,0.0032370129998987316,5.921415135830263,0.0003425478935241699,9,-0.2031235694885254,-0.005002113548869425,0.0002092919126179234,-0.0005877272651334292,46.22639590864572
s5_010_ood_obstacle_default_g10_50ep,learned,29,152,results/stage5_d/s5_010_parallel/ood_obstacle_default_g10_50ep_seed123_cuda/runs/s5_010_ood_obstacle_default_g10_50ep_episode_0029_learned,True,False,0.6741451621055603,70,7.0,5.1192851066589355,4.641020774841309,0.1911336972189331,0.02452617697417736,0.011876928620040417,0.002720718423982358,0.0010327102459831783,54.458693095615935,61.600446701049805,ood_obstacle,OOD obstacle,default g1.0,Default learned,results/stage5_d/s5_010_parallel/ood_obstacle_default_g10_50ep_seed123_cuda,0.6864922046661377,63,4.641020774841309,0.19443656208104734,0.0030088305913281627,0.0012587637045163018,5.003660444229368,-0.012347042560577393,7,0.0,-0.00330286486211423,-0.00028811216734580484,-0.0002260534585331235,49.45503265138657
s5_010_ood_obstacle_default_g10_50ep,learned,30,153,results/stage5_d/s5_010_parallel/ood_obstacle_default_g10_50ep_seed123_cuda/runs/s5_010_ood_obstacle_default_g10_50ep_episode_0030_learned,True,False,0.6878407597541809,93,9.3,6.526801109313965,4.5954999923706055,0.3427431406580855,0.02976437471807003,0.016223156824707985,0.0026683934355244275,0.0010456267057623923,54.71898663428522,64.57924842834473,ood_obstacle,OOD obstacle,default g1.0,Default learned,results/stage5_d/s5_010_parallel/ood_obstacle_default_g10_50ep_seed123_cuda,0.6833585500717163,82,4.592684745788574,0.35807458750922067,0.0026433291291361976,0.001480987712651946,5.945950019650343,0.0044822096824646,11,0.00281524658203125,-0.015331446851135189,2.506430638822988e-05,-0.0004353610068895536,48.773036614634876
s5_010_ood_obstacle_default_g10_50ep,learned,31,154,results/stage5_d/s5_010_parallel/ood_obstacle_default_g10_50ep_seed123_cuda/runs/s5_010_ood_obstacle_default_g10_50ep_episode_0031_learned,True,False,0.699615478515625,361,36.1,9.156177520751953,4.670053005218506,0.19003976727391342,0.018045391887426376,0.011936139315366745,0.0009816880510623478,0.000878282520901689,53.29005407824741,66.9708251953125,ood_obstacle,OOD obstacle,default g1.0,Default learned,results/stage5_d/s5_010_parallel/ood_obstacle_default_g10_50ep_seed123_cuda,0.6492008566856384,87,4.670053005218506,0.33497555781075206,0.003512219209449661,0.002302828977181437,6.223993739862552,0.05041462182998657,274,0.0,-0.14493579053683864,-0.0025305311583873136,-0.0014245464562797482,47.06606033838486
s5_010_ood_obstacle_default_g10_50ep,learned,32,155,results/stage5_d/s5_010_parallel/ood_obstacle_default_g10_50ep_seed123_cuda/runs/s5_010_ood_obstacle_default_g10_50ep_episode_0032_learned,True,False,0.6929391622543335,125,12.5,10.31936264038086,2.620832920074463,0.332748074899544,0.03870203718543053,0.03047453984618187,0.0029897448494928176,0.001257663285109191,52.339420318603516,64.63980674743652,ood_obstacle,OOD obstacle,default g1.0,Default learned,results/stage5_d/s5_010_parallel/ood_obstacle_default_g10_50ep_seed123_cuda,0.6639490127563477,124,3.053802967071533,0.3536119257534607,0.002986253445158401,0.0020950108333002027,5.201645435825471,0.02899014949798584,1,-0.4329700469970703,-0.020863850853916677,3.4914043344166402e-06,-0.0008373475481910117,47.13777488277805
s5_010_ood_obstacle_default_g10_50ep,learned,33,156,results/stage5_d/s5_010_parallel/ood_obstacle_default_g10_50ep_seed123_cuda/runs/s5_010_ood_obstacle_default_g10_50ep_episode_0033_learned,True,False,0.694202184677124,83,8.3,5.9998393058776855,6.500669956207275,0.2609721435802703,0.025399653241038322,0.016176486387848854,0.002811031244281407,0.001100636576506088,56.21041734534574,63.347816467285156,ood_obstacle,OOD obstacle,default g1.0,Default learned,results/stage5_d/s5_010_parallel/ood_obstacle_default_g10_50ep_seed123_cuda,0.6814977526664734,65,6.42033052444458,0.27929730320838503,0.0035972382634028056,0.0015270619697611838,5.990123748779297,0.012704432010650635,18,0.08033943176269531,-0.018325159628114707,-0.0007862070191213986,-0.00042642539325509583,50.22029359656644
s5_010_ood_obstacle_default_g10_50ep,learned,34,157,results/stage5_d/s5_010_parallel/ood_obstacle_default_g10_50ep_seed123_cuda/runs/s5_010_ood_obstacle_default_g10_50ep_episode_0034_learned,True,False,0.6988052129745483,304,30.400000000000002,11.809491157531738,3.5002145767211914,0.20695959245318638,0.018803322687745094,0.015462583862245083,0.001460428261577109,0.0010047175082671638,53.612914524580304,61.440229415893555,ood_obstacle,OOD obstacle,default g1.0,Default learned,results/stage5_d/s5_010_parallel/ood_obstacle_default_g10_50ep_seed123_cuda,0.6830971837043762,126,3.324812412261963,0.3617935591097396,0.003428672541202189,0.0027789693123132417,5.773095857529413,0.01570802927017212,178,0.17540216445922852,-0.15483396665655322,-0.00196824427962508,-0.0017742518040460779,47.83981866705089
s5_010_ood_obstacle_default_g10_50ep,learned,35,158,results/stage5_d/s5_010_parallel/ood_obstacle_default_g10_50ep_seed123_cuda/runs/s5_010_ood_obstacle_default_g10_50ep_episode_0035_learned,True,False,0.6839878559112549,145,14.5,13.382888793945312,0.976486325263977,0.3681867243450714,0.040521953254938126,0.028132108971476555,0.003110549965435793,0.0026972712438455854,54.64530320003115,84.41162109375,ood_obstacle,OOD obstacle,default g1.0,Default learned,results/stage5_d/s5_010_parallel/ood_obstacle_default_g10_50ep_seed123_cuda,0.6843531131744385,149,0.6304317712783813,0.35861654948636945,0.002916977905963272,0.0034209130144303404,5.683030058073517,-0.00036525726318359375,-4,0.3460545539855957,0.00957017485870193,0.00019357205947252102,-0.000723641770584755,48.96227314195763
s5_010_ood_obstacle_default_g10_50ep,learned,36,159,results/stage5_d/s5_010_parallel/ood_obstacle_default_g10_50ep_seed123_cuda/runs/s5_010_ood_obstacle_default_g10_50ep_episode_0036_learned,True,False,0.6795758605003357,122,12.200000000000001,10.405023574829102,4.8595781326293945,0.32606457017162216,0.034591250121593475,0.018514622002840042,0.002998400196990978,0.001442371546311397,53.1982027116369,63.6601448059082,ood_obstacle,OOD obstacle,default g1.0,Default learned,results/stage5_d/s5_010_parallel/ood_obstacle_default_g10_50ep_seed123_cuda,0.6779212355613708,97,4.727941989898682,0.3403462333413287,0.003075903593669367,0.0019965352860787456,6.184818818397129,0.0016546249389648438,25,0.1316361427307129,-0.014281663169706527,-7.750339667838939e-05,-0.0005541637397673486,47.01338389323978
s5_010_ood_obstacle_default_g10_50ep,learned,37,160,results/stage5_d/s5_010_parallel/ood_obstacle_default_g10_50ep_seed123_cuda/runs/s5_010_ood_obstacle_default_g10_50ep_episode_0037_learned,True,False,0.6857240796089172,125,12.5,10.168939590454102,3.909693717956543,0.3074989346829243,0.034713972359895706,0.02706800401210785,0.0028074194292487978,0.0019810148979167927,56.03734016418457,64.8488998413086,ood_obstacle,OOD obstacle,default g1.0,Default learned,results/stage5_d/s5_010_parallel/ood_obstacle_default_g10_50ep_seed123_cuda,0.6872981786727905,124,3.6844639778137207,0.32957488500624393,0.003213155159140473,0.0028321761164839614,6.100458483542165,-0.001574099063873291,1,0.22522974014282227,-0.02207595032331966,-0.00040573572989167526,-0.0008511612185671687,49.93688168064241
s5_010_ood_obstacle_default_g10_50ep,learned,38,161,results/stage5_d/s5_010_parallel/ood_obstacle_default_g10_50ep_seed123_cuda/runs/s5_010_ood_obstacle_default_g10_50ep_episode_0038_learned,True,False,0.6988809108734131,234,23.400000000000002,9.078573226928711,4.212032794952393,0.23802930268202316,0.02361643686890602,0.01460446696728468,0.001405692223174374,0.0010384363480411695,53.79023001744197,68.2826042175293,ood_obstacle,OOD obstacle,default g1.0,Default learned,results/stage5_d/s5_010_parallel/ood_obstacle_default_g10_50ep_seed123_cuda,0.698621392250061,103,4.5559401512146,0.3341867123436334,0.0028093924809004123,0.0017182460434120713,5.45707489680318,0.0002595186233520508,131,-0.34390735626220703,-0.09615740966161024,-0.0014037002577260383,-0.0006798096953709019,48.33315512063879
s5_010_ood_obstacle_default_g10_50ep,learned,39,162,results/stage5_d/s5_010_parallel/ood_obstacle_default_g10_50ep_seed123_cuda/runs/s5_010_ood_obstacle_default_g10_50ep_episode_0039_learned,True,False,0.6991406679153442,171,17.1,14.617429733276367,0.24102962017059326,0.350707403729021,0.04841219633817673,0.03411702811717987,0.0026429249407759928,0.0028294233918144045,51.9184494576259,65.73319435119629,ood_obstacle,OOD obstacle,default g1.0,Default learned,results/stage5_d/s5_010_parallel/ood_obstacle_default_g10_50ep_seed123_cuda,0.6935881972312927,186,0.16035842895507812,0.3577528305547676,0.0031354152672359837,0.003740768201498604,5.271916748375021,0.005552470684051514,-15,0.08067119121551514,-0.0070454268257466035,-0.0004924903264599909,-0.0009113448096841996,46.64653270925088
s5_010_ood_obstacle_default_g10_50ep,learned,40,163,results/stage5_d/s5_010_parallel/ood_obstacle_default_g10_50ep_seed123_cuda/runs/s5_010_ood_obstacle_default_g10_50ep_episode_0040_learned,True,False,0.6999524235725403,110,11.0,10.005782127380371,2.6039609909057617,0.3160702159531435,0.034836649894714355,0.02360469475388527,0.0032821390519166306,0.002134093530319817,51.3388221914118,60.07027626037598,ood_obstacle,OOD obstacle,default g1.0,Default learned,results/stage5_d/s5_010_parallel/ood_obstacle_default_g10_50ep_seed123_cuda,0.6937786936759949,114,2.1808605194091797,0.3291942781816225,0.0032958360325643175,0.002515412691629786,6.13252321879069,0.00617372989654541,-4,0.42310047149658203,-0.013124062228479005,-1.369698064768686e-05,-0.00038131916130996904,45.20629897262111
s5_010_ood_obstacle_default_g10_50ep,learned,41,164,results/stage5_d/s5_010_parallel/ood_obstacle_default_g10_50ep_seed123_cuda/runs/s5_010_ood_obstacle_default_g10_50ep_episode_0041_learned,True,False,0.6948346495628357,129,12.9,9.949764251708984,3.967465400695801,0.390787635654637,0.052216365933418274,0.04017583653330803,0.002169389073954156,0.0016026071454800044,54.067534069682274,58.710575103759766,ood_obstacle,OOD obstacle,default g1.0,Default learned,results/stage5_d/s5_010_parallel/ood_obstacle_default_g10_50ep_seed123_cuda,0.6779672503471375,130,3.8697094917297363,0.4129914585223574,0.002617762556480894,0.002431550937678515,5.668297180762658,0.016867399215698242,-1,0.09775590896606445,-0.022203822867720435,-0.0004483734825267379,-0.0008289437921985105,48.39923688891962
s5_010_ood_obstacle_default_g10_50ep,learned,42,165,results/stage5_d/s5_010_parallel/ood_obstacle_default_g10_50ep_seed123_cuda/runs/s5_010_ood_obstacle_default_g10_50ep_episode_0042_learned,True,False,0.6864838004112244,175,17.5,16.047412872314453,3.3619847297668457,0.32402435942448216,0.03878685086965561,0.023309461772441864,0.0032701581389426933,0.002667300118345615,53.18003382001604,64.19754028320312,ood_obstacle,OOD obstacle,default g1.0,Default learned,results/stage5_d/s5_010_parallel/ood_obstacle_default_g10_50ep_seed123_cuda,0.6567572951316833,157,3.162834644317627,0.325702096815481,0.00348288085095959,0.0031266338281239073,6.103462474361347,0.029726505279541016,18,0.19915008544921875,-0.0016777373909988569,-0.00021272271201689666,-0.00045933370977829227,47.0765713456547
s5_010_ood_obstacle_default_g10_50ep,learned,43,166,results/stage5_d/s5_010_parallel/ood_obstacle_default_g10_50ep_seed123_cuda/runs/s5_010_ood_obstacle_default_g10_50ep_episode_0043_learned,True,False,0.6887058019638062,347,34.7,17.738834381103516,0.21642935276031494,0.37673232377440874,0.04124338924884796,0.028926339000463486,0.0032942676602216686,0.0037966486137182317,52.98487803434433,63.396453857421875,ood_obstacle,OOD obstacle,default g1.0,Default learned,results/stage5_d/s5_010_parallel/ood_obstacle_default_g10_50ep_seed123_cuda,0.6776483654975891,172,0.20593702793121338,0.3636056798011766,0.003957354463415385,0.0035958820284315222,6.1410901158355005,0.011057436466217041,175,0.010492324829101562,0.013126643973232155,-0.0006630868031937162,0.00020076658528670951,46.84378791850882
s5_010_ood_obstacle_default_g10_50ep,learned,44,167,results/stage5_d/s5_010_parallel/ood_obstacle_default_g10_50ep_seed123_cuda/runs/s5_010_ood_obstacle_default_g10_50ep_episode_0044_learned,True,False,0.6965138912200928,149,14.9,13.437328338623047,2.144087791442871,0.3487882021536829,0.035937272012233734,0.02221885696053505,0.0029959859223924,0.0018336380427462864,53.96217467800883,63.42029571533203,ood_obstacle,OOD obstacle,default g1.0,Default learned,results/stage5_d/s5_010_parallel/ood_obstacle_default_g10_50ep_seed123_cuda,0.6872423887252808,141,2.361898899078369,0.34190496724404,0.003242569176726095,0.002572994862170875,5.009351892674223,0.009271502494812012,8,-0.21781110763549805,0.006883234909642877,-0.00024658325433369504,-0.0007393568194245886,48.952822785334604
s5_010_ood_obstacle_default_g10_50ep,learned,45,168,results/stage5_d/s5_010_parallel/ood_obstacle_default_g10_50ep_seed123_cuda/runs/s5_010_ood_obstacle_default_g10_50ep_episode_0045_learned,True,False,0.6935662031173706,85,8.5,5.793380260467529,4.953529357910156,0.22587841930936145,0.032143689692020416,0.017130060121417046,0.0021570687574570743,0.001393313140473914,51.88051111557905,61.21230125427246,ood_obstacle,OOD obstacle,default g1.0,Default learned,results/stage5_d/s5_010_parallel/ood_obstacle_default_g10_50ep_seed123_cuda,0.6767841577529907,69,5.1912007331848145,0.2365714113916392,0.0024297748511895195,0.0015194998395742143,5.411911701810533,0.016782045364379883,16,-0.2376713752746582,-0.010692992082277752,-0.00027270609373244515,-0.00012618669910030036,46.468599413768516
s5_010_ood_obstacle_default_g10_50ep,learned,46,169,results/stage5_d/s5_010_parallel/ood_obstacle_default_g10_50ep_seed123_cuda/runs/s5_010_ood_obstacle_default_g10_50ep_episode_0046_learned,True,False,0.6926361918449402,126,12.600000000000001,11.800618171691895,2.49698543548584,0.3690180803559621,0.03745990991592407,0.018692031502723694,0.0032857654182665828,0.0015103640087180286,52.46462329985604,65.40107727050781,ood_obstacle,OOD obstacle,default g1.0,Default learned,results/stage5_d/s5_010_parallel/ood_obstacle_default_g10_50ep_seed123_cuda,0.6434137225151062,111,2.916658401489258,0.36795886350431956,0.003550998260328339,0.002885918260594551,5.655832118816204,0.049222469329833984,15,-0.41967296600341797,0.0010592168516425637,-0.00026523284206175606,-0.0013755542518765224,46.80879118103983
s5_010_ood_obstacle_default_g10_50ep,learned,47,170,results/stage5_d/s5_010_parallel/ood_obstacle_default_g10_50ep_seed123_cuda/runs/s5_010_ood_obstacle_default_g10_50ep_episode_0047_learned,True,False,0.6987952589988708,188,18.8,17.260129928588867,0.8089102506637573,0.349054556180032,0.04513026773929596,0.03037138096988201,0.002968839874003455,0.002972631800516106,52.70081504862359,68.45521926879883,ood_obstacle,OOD obstacle,default g1.0,Default learned,results/stage5_d/s5_010_parallel/ood_obstacle_default_g10_50ep_seed123_cuda,0.6657306551933289,197,0.8307268619537354,0.35928544537211554,0.003160113209473767,0.0037396257722133127,5.77372826900579,0.03306460380554199,-9,-0.021816611289978027,-0.010230889192083537,-0.00019127333547031174,-0.0007669939716972067,46.927086779617795
s5_010_ood_obstacle_default_g10_50ep,learned,48,171,results/stage5_d/s5_010_parallel/ood_obstacle_default_g10_50ep_seed123_cuda/runs/s5_010_ood_obstacle_default_g10_50ep_episode_0048_learned,True,False,0.6909806132316589,147,14.700000000000001,13.618152618408203,0.6114797592163086,0.39947797239522076,0.0375179797410965,0.021070072427392006,0.0037421803680657085,0.0020057208058312055,57.126533417474654,66.7717456817627,ood_obstacle,OOD obstacle,default g1.0,Default learned,results/stage5_d/s5_010_parallel/ood_obstacle_default_g10_50ep_seed123_cuda,0.66216641664505,133,0.28078174591064453,0.4231292822203928,0.003749900233914509,0.0036679506481509905,4.853280863367525,0.028814196586608887,14,0.33069801330566406,-0.02365130982517205,-7.719865848800425e-06,-0.001662229842319785,52.27325255410713
s5_010_ood_obstacle_default_g10_50ep,learned,49,172,results/stage5_d/s5_010_parallel/ood_obstacle_default_g10_50ep_seed123_cuda/runs/s5_010_ood_obstacle_default_g10_50ep_episode_0049_learned,True,False,0.6665897965431213,124,12.4,10.783564567565918,3.650242328643799,0.32557944858760285,0.03393956646323204,0.0204854067414999,0.003072147845310162,0.001676973884064229,55.26461524348105,65.92798233032227,ood_obstacle,OOD obstacle,default g1.0,Default learned,results/stage5_d/s5_010_parallel/ood_obstacle_default_g10_50ep_seed123_cuda,0.6754865646362305,115,3.925976276397705,0.3369861372303137,0.003153140191819872,0.0026799214190825573,4.833368633104407,-0.00889676809310913,9,-0.27573394775390625,-0.011406688642710827,-8.099234650971003e-05,-0.0010029475350183284,50.43124661037665
s5_010_ood_obstacle_current_efficiency_g05_goal35_smooth10_50ep,learned,0,123,results/stage5_d/s5_010_parallel/ood_obstacle_current_efficiency_g05_goal35_smooth10_50ep_seed123_cuda/runs/s5_010_ood_obstacle_current_efficiency_g05_goal35_smooth10_50ep_episode_0000_learned,True,False,0.6805590391159058,100,10.0,8.305685043334961,5.380869388580322,0.32394881442375484,0.04301253333687782,0.02617143839597702,0.002861446808551959,0.002243994523357947,52.54058837890625,234.0831756591797,ood_obstacle,OOD obstacle,current 0.5/3.5/1.0,Efficiency,results/stage5_d/s5_010_parallel/ood_obstacle_current_efficiency_g05_goal35_smooth10_50ep_seed123_cuda,0.6625387668609619,102,5.380869388580322,0.31715972176053214,0.002668026162388479,0.0019204252285440456,8.93847381367403,0.018020272254943848,-2,0.0,0.0067890926632226956,0.00019342064616348006,0.00032356929481390127,43.60211456523222
s5_010_ood_obstacle_current_efficiency_g05_goal35_smooth10_50ep,learned,1,124,results/stage5_d/s5_010_parallel/ood_obstacle_current_efficiency_g05_goal35_smooth10_50ep_seed123_cuda/runs/s5_010_ood_obstacle_current_efficiency_g05_goal35_smooth10_50ep_episode_0001_learned,True,False,0.6855897903442383,209,20.900000000000002,21.021408081054688,0.209955096244812,0.3601948301888124,0.03943683207035065,0.022457875311374664,0.004314749051732887,0.0034549779443993132,53.21277499769293,71.99883460998535,ood_obstacle,OOD obstacle,current 0.5/3.5/1.0,Efficiency,results/stage5_d/s5_010_parallel/ood_obstacle_current_efficiency_g05_goal35_smooth10_50ep_seed123_cuda,0.699011504650116,277,0.20859920978546143,0.27269444359278994,0.0029877770093638895,0.002996833815775771,7.68673807274994,-0.013421714305877686,-68,0.001355886459350586,0.08750038659602244,0.0013269720423689972,0.0004581441286235421,45.52603692494299
s5_010_ood_obstacle_current_efficiency_g05_goal35_smooth10_50ep,learned,2,125,results/stage5_d/s5_010_parallel/ood_obstacle_current_efficiency_g05_goal35_smooth10_50ep_seed123_cuda/runs/s5_010_ood_obstacle_current_efficiency_g05_goal35_smooth10_50ep_episode_0002_learned,True,False,0.6657928824424744,116,11.600000000000001,10.688879013061523,4.426832675933838,0.3418157344258487,0.04043792933225632,0.028171567246317863,0.0036826427659236516,0.002707892656461508,51.36771243194054,53.629398345947266,ood_obstacle,OOD obstacle,current 0.5/3.5/1.0,Efficiency,results/stage5_d/s5_010_parallel/ood_obstacle_current_efficiency_g05_goal35_smooth10_50ep_seed123_cuda,0.6796021461486816,126,3.964747905731201,0.3540279353346069,0.003441860666862325,0.0030917553812925508,8.033232083396307,-0.013809263706207275,-10,0.4620847702026367,-0.012212200908758186,0.00024078209906132656,-0.00038386272483104285,43.33448034854423
s5_010_ood_obstacle_current_efficiency_g05_goal35_smooth10_50ep,learned,3,126,results/stage5_d/s5_010_parallel/ood_obstacle_current_efficiency_g05_goal35_smooth10_50ep_seed123_cuda/runs/s5_010_ood_obstacle_current_efficiency_g05_goal35_smooth10_50ep_episode_0003_learned,True,False,0.6785606741905212,69,6.9,5.339479923248291,4.811013698577881,0.22536594126916804,0.030530331656336784,0.012785124592483044,0.003156673324760716,0.0021171648764671384,52.51581772514012,68.4361457824707,ood_obstacle,OOD obstacle,current 0.5/3.5/1.0,Efficiency,results/stage5_d/s5_010_parallel/ood_obstacle_current_efficiency_g05_goal35_smooth10_50ep_seed123_cuda,0.6937746405601501,64,4.5739288330078125,0.22769673573839103,0.00304981448171237,0.0015020301236217616,6.29192590713501,-0.015213966369628906,5,0.23708486557006836,-0.002330794469222991,0.00010685884304834602,0.0006151347528453768,46.22389181800511
s5_010_ood_obstacle_current_efficiency_g05_goal35_smooth10_50ep,learned,4,127,results/stage5_d/s5_010_parallel/ood_obstacle_current_efficiency_g05_goal35_smooth10_50ep_seed123_cuda/runs/s5_010_ood_obstacle_current_efficiency_g05_goal35_smooth10_50ep_episode_0004_learned,True,False,0.6659415364265442,110,11.0,8.962833404541016,4.937557697296143,0.2988759563162404,0.047656938433647156,0.031486671417951584,0.0031687187317661313,0.002934749403065473,51.951195976950906,56.58769607543945,ood_obstacle,OOD obstacle,current 0.5/3.5/1.0,Efficiency,results/stage5_d/s5_010_parallel/ood_obstacle_current_efficiency_g05_goal35_smooth10_50ep_seed123_cuda,0.6776947379112244,117,5.0470290184021,0.3008790874514061,0.002777886835244663,0.0029316860303328636,6.447135892688719,-0.011753201484680176,-7,-0.10947132110595703,-0.0020031311351657033,0.0003908318965214681,3.063372732609298e-06,45.504060084262186
s5_010_ood_obstacle_current_efficiency_g05_goal35_smooth10_50ep,learned,5,128,results/stage5_d/s5_010_parallel/ood_obstacle_current_efficiency_g05_goal35_smooth10_50ep_seed123_cuda/runs/s5_010_ood_obstacle_current_efficiency_g05_goal35_smooth10_50ep_episode_0005_learned,True,False,0.6961383819580078,117,11.700000000000001,10.957121849060059,4.288209438323975,0.2976764045596773,0.03934290632605553,0.02546750009059906,0.0034731260652729684,0.002960171241313215,52.02662027799166,56.1823844909668,ood_obstacle,OOD obstacle,current 0.5/3.5/1.0,Efficiency,results/stage5_d/s5_010_parallel/ood_obstacle_current_efficiency_g05_goal35_smooth10_50ep_seed123_cuda,0.6583350896835327,120,4.379554271697998,0.3008262631333492,0.003324284044726427,0.003122876943604391,6.406017144521077,0.0378032922744751,-3,-0.09134483337402344,-0.003149858573671893,0.00014884202054654162,-0.00016270570229117614,45.62060313347058
s5_010_ood_obstacle_current_efficiency_g05_goal35_smooth10_50ep,learned,6,129,results/stage5_d/s5_010_parallel/ood_obstacle_current_efficiency_g05_goal35_smooth10_50ep_seed123_cuda/runs/s5_010_ood_obstacle_current_efficiency_g05_goal35_smooth10_50ep_episode_0006_learned,True,False,0.6788808703422546,184,18.400000000000002,18.174156188964844,0.20692646503448486,0.3441618118159133,0.044472020119428635,0.029394162818789482,0.003775561934410736,0.0036254627332033772,53.01286604093469,68.6185359954834,ood_obstacle,OOD obstacle,current 0.5/3.5/1.0,Efficiency,results/stage5_d/s5_010_parallel/ood_obstacle_current_efficiency_g05_goal35_smooth10_50ep_seed123_cuda,0.6733921766281128,191,0.19780504703521729,0.3520158707007738,0.0037803027731177197,0.0036168479807530264,6.181890427754188,0.005488693714141846,-7,0.009121417999267578,-0.00785405888486046,-4.740838706983677e-06,8.61475245035083e-06,46.8309756131805
s5_010_ood_obstacle_current_efficiency_g05_goal35_smooth10_50ep,learned,7,130,results/stage5_d/s5_010_parallel/ood_obstacle_current_efficiency_g05_goal35_smooth10_50ep_seed123_cuda/runs/s5_010_ood_obstacle_current_efficiency_g05_goal35_smooth10_50ep_episode_0007_learned,True,False,0.6870665550231934,94,9.4,9.10206127166748,2.565263271331787,0.31356368874722323,0.029899047687649727,0.021100400015711784,0.003629191219466488,0.0022331799194816454,53.59897968616892,59.2656135559082,ood_obstacle,OOD obstacle,current 0.5/3.5/1.0,Efficiency,results/stage5_d/s5_010_parallel/ood_obstacle_current_efficiency_g05_goal35_smooth10_50ep_seed123_cuda,0.695236325263977,92,2.545252799987793,0.31628108325138504,0.003660714367497423,0.0022082307958306963,7.438755553701649,-0.008169770240783691,2,0.02001047134399414,-0.0027173945041618075,-3.152314803093505e-05,2.4949123650949093e-05,46.16022413246727
s5_010_ood_obstacle_current_efficiency_g05_goal35_smooth10_50ep,learned,8,131,results/stage5_d/s5_010_parallel/ood_obstacle_current_efficiency_g05_goal35_smooth10_50ep_seed123_cuda/runs/s5_010_ood_obstacle_current_efficiency_g05_goal35_smooth10_50ep_episode_0008_learned,True,False,0.687178909778595,143,14.3,12.692327499389648,2.3645739555358887,0.362748626191344,0.051032599061727524,0.03604818135499954,0.003087184507346037,0.0027380610312682198,51.692654202868056,57.59143829345703,ood_obstacle,OOD obstacle,current 0.5/3.5/1.0,Efficiency,results/stage5_d/s5_010_parallel/ood_obstacle_current_efficiency_g05_goal35_smooth10_50ep_seed123_cuda,0.6852608323097229,160,2.1507534980773926,0.3894159640532052,0.0028523926144796716,0.0028056541016784286,6.608127057552338,0.0019180774688720703,-17,0.2138204574584961,-0.026667337861861207,0.0002347918928663653,-6.759307041020882e-05,45.08452714531572
s5_010_ood_obstacle_current_efficiency_g05_goal35_smooth10_50ep,learned,9,132,results/stage5_d/s5_010_parallel/ood_obstacle_current_efficiency_g05_goal35_smooth10_50ep_seed123_cuda/runs/s5_010_ood_obstacle_current_efficiency_g05_goal35_smooth10_50ep_episode_0009_learned,True,False,0.6392165422439575,157,15.700000000000001,15.776891708374023,0.8299589157104492,0.3315256767786868,0.046221524477005005,0.03135820850729942,0.0036724967124878373,0.00273380064571126,51.63697376372708,56.78129196166992,ood_obstacle,OOD obstacle,current 0.5/3.5/1.0,Efficiency,results/stage5_d/s5_010_parallel/ood_obstacle_current_efficiency_g05_goal35_smooth10_50ep_seed123_cuda,0.6516550183296204,156,0.9382839202880859,0.33345273172770906,0.003476189728784024,0.003516966076550061,7.168779006371131,-0.012438476085662842,1,-0.10832500457763672,-0.0019270549490222888,0.0001963069837038131,-0.000783165430838801,44.468194757355946
s5_010_ood_obstacle_current_efficiency_g05_goal35_smooth10_50ep,learned,10,133,results/stage5_d/s5_010_parallel/ood_obstacle_current_efficiency_g05_goal35_smooth10_50ep_seed123_cuda/runs/s5_010_ood_obstacle_current_efficiency_g05_goal35_smooth10_50ep_episode_0010_learned,True,False,0.698303759098053,109,10.9,9.745548248291016,2.6067757606506348,0.34831301493254074,0.04154200106859207,0.024873055517673492,0.00286279614214416,0.002254800411558312,50.57528259557321,51.035404205322266,ood_obstacle,OOD obstacle,current 0.5/3.5/1.0,Efficiency,results/stage5_d/s5_010_parallel/ood_obstacle_current_efficiency_g05_goal35_smooth10_50ep_seed123_cuda,0.6686506271362305,107,2.5554957389831543,0.35512589660906185,0.003191674961209676,0.0030226699631841166,6.678443088709751,0.02965313196182251,2,0.05128002166748047,-0.00681288167652111,-0.00032887881906551583,-0.0007678695516258045,43.896839506863465
s5_010_ood_obstacle_current_efficiency_g05_goal35_smooth10_50ep,learned,11,134,results/stage5_d/s5_010_parallel/ood_obstacle_current_efficiency_g05_goal35_smooth10_50ep_seed123_cuda/runs/s5_010_ood_obstacle_current_efficiency_g05_goal35_smooth10_50ep_episode_0011_learned,True,False,0.6712216138839722,140,14.0,13.327144622802734,5.095536231994629,0.3641214629087166,0.040546733886003494,0.02686821110546589,0.003765734304926471,0.0035096970736442595,52.806309291294646,57.99698829650879,ood_obstacle,OOD obstacle,current 0.5/3.5/1.0,Efficiency,results/stage5_d/s5_010_parallel/ood_obstacle_current_efficiency_g05_goal35_smooth10_50ep_seed123_cuda,0.6884679198265076,148,4.605382442474365,0.3559974737697819,0.00338143763050046,0.002726269802632823,5.61672610205573,-0.0172463059425354,-8,0.49015378952026367,0.008123989138934695,0.0003842966744260108,0.0007834272710114366,47.18958318923892
s5_010_ood_obstacle_current_efficiency_g05_goal35_smooth10_50ep,learned,12,135,results/stage5_d/s5_010_parallel/ood_obstacle_current_efficiency_g05_goal35_smooth10_50ep_seed123_cuda/runs/s5_010_ood_obstacle_current_efficiency_g05_goal35_smooth10_50ep_episode_0012_learned,True,False,0.6839448809623718,182,18.2,18.23822784423828,0.20085668563842773,0.36496657488798406,0.04505237564444542,0.027279376983642578,0.0035941704039009785,0.0033192621665088986,52.59617475362924,57.17730522155762,ood_obstacle,OOD obstacle,current 0.5/3.5/1.0,Efficiency,results/stage5_d/s5_010_parallel/ood_obstacle_current_efficiency_g05_goal35_smooth10_50ep_seed123_cuda,0.6622083187103271,184,0.17880988121032715,0.36858126841882305,0.0034909153506558076,0.0037733429424579123,6.411606850831405,0.021736562252044678,-2,0.022046804428100586,-0.003614693530838986,0.00010325505324517087,-0.00045408077594901375,46.18456790279784
s5_010_ood_obstacle_current_efficiency_g05_goal35_smooth10_50ep,learned,13,136,results/stage5_d/s5_010_parallel/ood_obstacle_current_efficiency_g05_goal35_smooth10_50ep_seed123_cuda/runs/s5_010_ood_obstacle_current_efficiency_g05_goal35_smooth10_50ep_episode_0013_learned,True,False,0.6916388273239136,70,7.0,6.3658037185668945,5.593006134033203,0.2973797473604957,0.03836004063487053,0.02032577618956566,0.003248197001275736,0.001640143925106118,52.014163562229704,55.31787872314453,ood_obstacle,OOD obstacle,current 0.5/3.5/1.0,Efficiency,results/stage5_d/s5_010_parallel/ood_obstacle_current_efficiency_g05_goal35_smooth10_50ep_seed123_cuda,0.6864275336265564,74,5.597971439361572,0.288513990894579,0.002980010982085938,0.0017579459975785097,5.599234555218671,0.005211293697357178,-4,-0.004965305328369141,0.008865756465916697,0.0002681860191897979,-0.00011780207247239177,46.41492900701103
s5_010_ood_obstacle_current_efficiency_g05_goal35_smooth10_50ep,learned,14,137,results/stage5_d/s5_010_parallel/ood_obstacle_current_efficiency_g05_goal35_smooth10_50ep_seed123_cuda/runs/s5_010_ood_obstacle_current_efficiency_g05_goal35_smooth10_50ep_episode_0014_learned,True,False,0.6689327359199524,126,12.600000000000001,10.82911491394043,3.5001001358032227,0.3242374996681483,0.04696574807167053,0.02932060696184635,0.003002084397731733,0.002798667274057984,51.510220482235866,53.842782974243164,ood_obstacle,OOD obstacle,current 0.5/3.5/1.0,Efficiency,results/stage5_d/s5_010_parallel/ood_obstacle_current_efficiency_g05_goal35_smooth10_50ep_seed123_cuda,0.6618051528930664,130,3.2910819053649902,0.3205485868972923,0.002844169048700527,0.0032078671058688936,5.82575247837947,0.007127583026885986,-4,0.20901823043823242,0.003688912770855979,0.00015791534903120607,-0.0004091998318109095,45.684468003856395
s5_010_ood_obstacle_current_efficiency_g05_goal35_smooth10_50ep,learned,15,138,results/stage5_d/s5_010_parallel/ood_obstacle_current_efficiency_g05_goal35_smooth10_50ep_seed123_cuda/runs/s5_010_ood_obstacle_current_efficiency_g05_goal35_smooth10_50ep_episode_0015_learned,True,False,0.6684356927871704,148,14.8,13.31999397277832,0.19104719161987305,0.3135645878387967,0.045424144715070724,0.028562704101204872,0.003515974592277137,0.002726101727746158,51.97241982898197,67.29483604431152,ood_obstacle,OOD obstacle,current 0.5/3.5/1.0,Efficiency,results/stage5_d/s5_010_parallel/ood_obstacle_current_efficiency_g05_goal35_smooth10_50ep_seed123_cuda,0.6719642281532288,237,-0.10304462909698486,0.3092829574949763,0.0034703943542984165,0.003007680906437068,5.507136196023804,-0.0035285353660583496,-89,0.2940918207168579,0.004281630343820397,4.558023797872042e-05,-0.0002815791786909103,46.46528363295816
s5_010_ood_obstacle_current_efficiency_g05_goal35_smooth10_50ep,learned,16,139,results/stage5_d/s5_010_parallel/ood_obstacle_current_efficiency_g05_goal35_smooth10_50ep_seed123_cuda/runs/s5_010_ood_obstacle_current_efficiency_g05_goal35_smooth10_50ep_episode_0016_learned,True,False,0.6566359400749207,80,8.0,6.534308433532715,4.409818172454834,0.3088434974243137,0.042224686592817307,0.024222495034337044,0.0030326569478890263,0.0022192470395878713,54.966801404953,60.4550838470459,ood_obstacle,OOD obstacle,current 0.5/3.5/1.0,Efficiency,results/stage5_d/s5_010_parallel/ood_obstacle_current_efficiency_g05_goal35_smooth10_50ep_seed123_cuda,0.684283435344696,84,4.409818172454834,0.2999830722125591,0.002321187822991269,0.0013795663202798897,5.734948884873163,-0.02764749526977539,-4,0.0,0.008860425211754619,0.0007114691248977572,0.0008396807193079817,49.23185252007984
s5_010_ood_obstacle_current_efficiency_g05_goal35_smooth10_50ep,learned,17,140,results/stage5_d/s5_010_parallel/ood_obstacle_current_efficiency_g05_goal35_smooth10_50ep_seed123_cuda/runs/s5_010_ood_obstacle_current_efficiency_g05_goal35_smooth10_50ep_episode_0017_learned,True,False,0.6733495593070984,181,18.1,15.420975685119629,0.7841171026229858,0.4163923190722775,0.05335233360528946,0.043418921530246735,0.003063409246182242,0.003309784901530689,53.06493379793115,60.14537811279297,ood_obstacle,OOD obstacle,current 0.5/3.5/1.0,Efficiency,results/stage5_d/s5_010_parallel/ood_obstacle_current_efficiency_g05_goal35_smooth10_50ep_seed123_cuda,0.6928301453590393,196,0.8359829187393188,0.404851283814802,0.0027704504267965398,0.0030053393086664614,6.405797539925088,-0.019480586051940918,-15,-0.05186581611633301,0.011541035257475463,0.00029295881938570236,0.00030444559286422774,46.65913625800606
s5_010_ood_obstacle_current_efficiency_g05_goal35_smooth10_50ep,learned,18,141,results/stage5_d/s5_010_parallel/ood_obstacle_current_efficiency_g05_goal35_smooth10_50ep_seed123_cuda/runs/s5_010_ood_obstacle_current_efficiency_g05_goal35_smooth10_50ep_episode_0018_learned,True,False,0.6841766834259033,120,12.0,10.864089965820312,4.760228157043457,0.3577434956397822,0.042418912053108215,0.03316012769937515,0.0034625601295219313,0.0029626541536408742,51.49428447087606,57.76333808898926,ood_obstacle,OOD obstacle,current 0.5/3.5/1.0,Efficiency,results/stage5_d/s5_010_parallel/ood_obstacle_current_efficiency_g05_goal35_smooth10_50ep_seed123_cuda,0.6799892783164978,129,4.758871078491211,0.3603373848667094,0.003125934715751764,0.0022946944512638474,5.954291469366976,0.004187405109405518,-9,0.0013570785522460938,-0.002593889226927215,0.0003366254137701671,0.0006679597023770269,45.53999300150908
s5_010_ood_obstacle_current_efficiency_g05_goal35_smooth10_50ep,learned,19,142,results/stage5_d/s5_010_parallel/ood_obstacle_current_efficiency_g05_goal35_smooth10_50ep_seed123_cuda/runs/s5_010_ood_obstacle_current_efficiency_g05_goal35_smooth10_50ep_episode_0019_learned,True,False,0.6881731152534485,153,15.3,14.223400115966797,0.23012173175811768,0.3079950985794901,0.04162466898560524,0.029580168426036835,0.0038544470260952397,0.003316854371008467,51.57695408740075,55.840253829956055,ood_obstacle,OOD obstacle,current 0.5/3.5/1.0,Efficiency,results/stage5_d/s5_010_parallel/ood_obstacle_current_efficiency_g05_goal35_smooth10_50ep_seed123_cuda,0.663793683052063,153,0.23229587078094482,0.310931415823547,0.00351623957678759,0.0034177332684537966,6.320029302360186,0.024379432201385498,0,-0.0021741390228271484,-0.0029363172440569074,0.00033820744930764977,-0.00010087889744532941,45.25692478504057
s5_010_ood_obstacle_current_efficiency_g05_goal35_smooth10_50ep,learned,20,143,results/stage5_d/s5_010_parallel/ood_obstacle_current_efficiency_g05_goal35_smooth10_50ep_seed123_cuda/runs/s5_010_ood_obstacle_current_efficiency_g05_goal35_smooth10_50ep_episode_0020_learned,True,False,0.6901571750640869,138,13.8,12.110419273376465,3.515017032623291,0.334895082470831,0.04612838476896286,0.032478976994752884,0.0032315398260716996,0.0033117047572062777,52.786543749380805,66.60723686218262,ood_obstacle,OOD obstacle,current 0.5/3.5/1.0,Efficiency,results/stage5_d/s5_010_parallel/ood_obstacle_current_efficiency_g05_goal35_smooth10_50ep_seed123_cuda,0.6967197060585022,156,3.5488314628601074,0.3319642869307688,0.0030984944470059763,0.0027322592617556045,5.768216573275053,-0.006562530994415283,-18,-0.033814430236816406,0.0029307955400622032,0.0001330453790657233,0.0005794454954506732,47.01832717610575
s5_010_ood_obstacle_current_efficiency_g05_goal35_smooth10_50ep,learned,21,144,results/stage5_d/s5_010_parallel/ood_obstacle_current_efficiency_g05_goal35_smooth10_50ep_seed123_cuda/runs/s5_010_ood_obstacle_current_efficiency_g05_goal35_smooth10_50ep_episode_0021_learned,True,False,0.6984671354293823,105,10.5,8.98791790008545,3.893604278564453,0.38540930024072406,0.0439193956553936,0.028764663264155388,0.0026758511490574837,0.0025992464339869023,52.26649329775856,57.266950607299805,ood_obstacle,OOD obstacle,current 0.5/3.5/1.0,Efficiency,results/stage5_d/s5_010_parallel/ood_obstacle_current_efficiency_g05_goal35_smooth10_50ep_seed123_cuda,0.6942082643508911,111,3.830471992492676,0.3786843473644957,0.0025146203197291017,0.002406772850461265,5.120878821020728,0.004258871078491211,-6,0.06313228607177734,0.006724952876228374,0.00016123082932838206,0.0001924735835256374,47.14561447673783
s5_010_ood_obstacle_current_efficiency_g05_goal35_smooth10_50ep,learned,22,145,results/stage5_d/s5_010_parallel/ood_obstacle_current_efficiency_g05_goal35_smooth10_50ep_seed123_cuda/runs/s5_010_ood_obstacle_current_efficiency_g05_goal35_smooth10_50ep_episode_0022_learned,True,False,0.6992088556289673,167,16.7,18.224212646484375,0.22715115547180176,0.38373353624427803,0.03633181005716324,0.01830362342298031,0.004080332238134519,0.003437807756142574,52.60439404470478,63.74621391296387,ood_obstacle,OOD obstacle,current 0.5/3.5/1.0,Efficiency,results/stage5_d/s5_010_parallel/ood_obstacle_current_efficiency_g05_goal35_smooth10_50ep_seed123_cuda,0.6920293569564819,177,0.20830929279327393,0.37975223429024546,0.004055133951466726,0.0038927869482536996,6.238126485361218,0.0071794986724853516,-10,0.018841862678527832,0.003981301954032568,2.5198286667792516e-05,-0.0004549791921111255,46.36626755934356
s5_010_ood_obstacle_current_efficiency_g05_goal35_smooth10_50ep,learned,23,146,results/stage5_d/s5_010_parallel/ood_obstacle_current_efficiency_g05_goal35_smooth10_50ep_seed123_cuda/runs/s5_010_ood_obstacle_current_efficiency_g05_goal35_smooth10_50ep_episode_0023_learned,True,False,0.6831228733062744,111,11.100000000000001,11.291028022766113,4.811820030212402,0.4376795169592181,0.03916892781853676,0.03171588107943535,0.003705252006799417,0.0036235989196139497,50.97280966269003,53.557395935058594,ood_obstacle,OOD obstacle,current 0.5/3.5/1.0,Efficiency,results/stage5_d/s5_010_parallel/ood_obstacle_current_efficiency_g05_goal35_smooth10_50ep_seed123_cuda,0.6722314953804016,128,4.811820030212402,0.43528908665284693,0.0034532248458729255,0.0030121641414868013,5.115572363138199,0.010891377925872803,-17,0.0,0.0023904303063711496,0.00025202716092649147,0.0006114347781271483,45.857237299551834
s5_010_ood_obstacle_current_efficiency_g05_goal35_smooth10_50ep,learned,24,147,results/stage5_d/s5_010_parallel/ood_obstacle_current_efficiency_g05_goal35_smooth10_50ep_seed123_cuda/runs/s5_010_ood_obstacle_current_efficiency_g05_goal35_smooth10_50ep_episode_0024_learned,True,False,0.6633201837539673,156,15.600000000000001,14.165420532226562,0.2484499216079712,0.34373306140379356,0.040129583328962326,0.025389472022652626,0.0036467588044741,0.0033164566044294242,51.83460315068563,68.86529922485352,ood_obstacle,OOD obstacle,current 0.5/3.5/1.0,Efficiency,results/stage5_d/s5_010_parallel/ood_obstacle_current_efficiency_g05_goal35_smooth10_50ep_seed123_cuda,0.6686927080154419,150,0.32656943798065186,0.3349711844569247,0.0032006120171919035,0.0031842346757416065,6.662459373474121,-0.005372524261474609,6,-0.07811951637268066,0.008761876946868863,0.0004461467872821966,0.0001322219286878177,45.17214377721151
s5_010_ood_obstacle_current_efficiency_g05_goal35_smooth10_50ep,learned,25,148,results/stage5_d/s5_010_parallel/ood_obstacle_current_efficiency_g05_goal35_smooth10_50ep_seed123_cuda/runs/s5_010_ood_obstacle_current_efficiency_g05_goal35_smooth10_50ep_episode_0025_learned,True,False,0.6675090193748474,162,16.2,15.687615394592285,0.8034818172454834,0.3783075339814439,0.04846719279885292,0.03422800824046135,0.0031862663771724097,0.0032685468187855964,53.720587565575116,67.35706329345703,ood_obstacle,OOD obstacle,current 0.5/3.5/1.0,Efficiency,results/stage5_d/s5_010_parallel/ood_obstacle_current_efficiency_g05_goal35_smooth10_50ep_seed123_cuda,0.6913869976997375,177,0.6033589839935303,0.37407231683606723,0.0033442961678029166,0.003922317399723597,7.269898376895883,-0.023877978324890137,-15,0.20012283325195312,0.0042352171453766685,-0.00015802979063050688,-0.0006537705809380005,46.450689188679235
s5_010_ood_obstacle_current_efficiency_g05_goal35_smooth10_50ep,learned,26,149,results/stage5_d/s5_010_parallel/ood_obstacle_current_efficiency_g05_goal35_smooth10_50ep_seed123_cuda/runs/s5_010_ood_obstacle_current_efficiency_g05_goal35_smooth10_50ep_episode_0026_learned,True,False,0.6656616926193237,92,9.200000000000001,8.206375122070312,6.206815242767334,0.3336445566628675,0.03533787652850151,0.01732781156897545,0.003649125994453289,0.0020540759232763293,54.86793880877288,73.18925857543945,ood_obstacle,OOD obstacle,current 0.5/3.5/1.0,Efficiency,results/stage5_d/s5_010_parallel/ood_obstacle_current_efficiency_g05_goal35_smooth10_50ep_seed123_cuda,0.6917023062705994,100,6.510562419891357,0.31293421921110715,0.0032049583170376404,0.002755098841395331,5.097935199737549,-0.026040613651275635,-8,-0.30374717712402344,0.020710337451760374,0.0004441676774156484,-0.0007010229181190018,49.77000360903533
s5_010_ood_obstacle_current_efficiency_g05_goal35_smooth10_50ep,learned,27,150,results/stage5_d/s5_010_parallel/ood_obstacle_current_efficiency_g05_goal35_smooth10_50ep_seed123_cuda/runs/s5_010_ood_obstacle_current_efficiency_g05_goal35_smooth10_50ep_episode_0027_learned,True,False,0.6609951257705688,173,17.3,16.945873260498047,1.9320510625839233,0.3423595442787732,0.04387418180704117,0.026942608878016472,0.0036442863319678994,0.00371441150759041,51.44414874170557,56.2739372253418,ood_obstacle,OOD obstacle,current 0.5/3.5/1.0,Efficiency,results/stage5_d/s5_010_parallel/ood_obstacle_current_efficiency_g05_goal35_smooth10_50ep_seed123_cuda,0.6794378161430359,189,0.9571459293365479,0.347619996515108,0.0034089401909748337,0.003377168778354497,6.382951030024776,-0.01844269037246704,-16,0.9749051332473755,-0.005260452236334812,0.00023534614099306574,0.00033724272923591316,45.06119771168079
s5_010_ood_obstacle_current_efficiency_g05_goal35_smooth10_50ep,learned,28,151,results/stage5_d/s5_010_parallel/ood_obstacle_current_efficiency_g05_goal35_smooth10_50ep_seed123_cuda/runs/s5_010_ood_obstacle_current_efficiency_g05_goal35_smooth10_50ep_episode_0028_learned,True,False,0.6647682189941406,159,15.9,15.315488815307617,0.39304041862487793,0.40423544937530215,0.042841341346502304,0.02527175098657608,0.0034487917890722052,0.003977047997421177,53.27274214546635,65.88363647460938,ood_obstacle,OOD obstacle,current 0.5/3.5/1.0,Efficiency,results/stage5_d/s5_010_parallel/ood_obstacle_current_efficiency_g05_goal35_smooth10_50ep_seed123_cuda,0.6920360922813416,158,0.41736388206481934,0.4081575905919462,0.0032008681432482747,0.0032370129998987316,5.921415135830263,-0.027267873287200928,1,-0.024323463439941406,-0.003922141216644026,0.0002479236458239305,0.0007400349975224454,47.35132700963609
s5_010_ood_obstacle_current_efficiency_g05_goal35_smooth10_50ep,learned,29,152,results/stage5_d/s5_010_parallel/ood_obstacle_current_efficiency_g05_goal35_smooth10_50ep_seed123_cuda/runs/s5_010_ood_obstacle_current_efficiency_g05_goal35_smooth10_50ep_episode_0029_learned,True,False,0.6905572414398193,60,6.0,5.086576461791992,4.641020774841309,0.1979160619622659,0.028414689004421234,0.012162208557128906,0.003542907230357546,0.0014170628166204299,50.81944465637207,53.49421501159668,ood_obstacle,OOD obstacle,current 0.5/3.5/1.0,Efficiency,results/stage5_d/s5_010_parallel/ood_obstacle_current_efficiency_g05_goal35_smooth10_50ep_seed123_cuda,0.6864922046661377,63,4.641020774841309,0.19443656208104734,0.0030088305913281627,0.0012587637045163018,5.003660444229368,0.004065036773681641,-3,0.0,0.0034794998812185673,0.0005340766390293833,0.00015829911210412805,45.8157842121427
s5_010_ood_obstacle_current_efficiency_g05_goal35_smooth10_50ep,learned,30,153,results/stage5_d/s5_010_parallel/ood_obstacle_current_efficiency_g05_goal35_smooth10_50ep_seed123_cuda/runs/s5_010_ood_obstacle_current_efficiency_g05_goal35_smooth10_50ep_episode_0030_learned,True,False,0.6753363013267517,77,7.7,6.400609016418457,4.603991508483887,0.3768422946580512,0.033938124775886536,0.017372915521264076,0.0031542777028780358,0.0017882832447250966,54.890326091221404,59.256553649902344,ood_obstacle,OOD obstacle,current 0.5/3.5/1.0,Efficiency,results/stage5_d/s5_010_parallel/ood_obstacle_current_efficiency_g05_goal35_smooth10_50ep_seed123_cuda,0.6833585500717163,82,4.592684745788574,0.35807458750922067,0.0026433291291361976,0.001480987712651946,5.945950019650343,-0.0080222487449646,-5,0.0113067626953125,0.018767707148830526,0.0005109485737418381,0.0003072955320731507,48.94437607157106
s5_010_ood_obstacle_current_efficiency_g05_goal35_smooth10_50ep,learned,31,154,results/stage5_d/s5_010_parallel/ood_obstacle_current_efficiency_g05_goal35_smooth10_50ep_seed123_cuda/runs/s5_010_ood_obstacle_current_efficiency_g05_goal35_smooth10_50ep_episode_0031_learned,True,False,0.6896235346794128,97,9.700000000000001,8.166083335876465,4.670053005218506,0.3255869358005098,0.037020131945610046,0.01648157276213169,0.0032040916603846507,0.0021620311077676937,52.84801217698559,57.02638626098633,ood_obstacle,OOD obstacle,current 0.5/3.5/1.0,Efficiency,results/stage5_d/s5_010_parallel/ood_obstacle_current_efficiency_g05_goal35_smooth10_50ep_seed123_cuda,0.6492008566856384,87,4.670053005218506,0.33497555781075206,0.003512219209449661,0.002302828977181437,6.223993739862552,0.040422677993774414,10,0.0,-0.009388622010242265,-0.0003081275490650105,-0.0001407978694137435,46.62401843712304
s5_010_ood_obstacle_current_efficiency_g05_goal35_smooth10_50ep,learned,32,155,results/stage5_d/s5_010_parallel/ood_obstacle_current_efficiency_g05_goal35_smooth10_50ep_seed123_cuda/runs/s5_010_ood_obstacle_current_efficiency_g05_goal35_smooth10_50ep_episode_0032_learned,True,False,0.6772278547286987,116,11.600000000000001,10.379986763000488,2.8921546936035156,0.36015940067731644,0.04564496874809265,0.03497065231204033,0.003548332016259485,0.0030705344701754227,52.98533521849534,67.66605377197266,ood_obstacle,OOD obstacle,current 0.5/3.5/1.0,Efficiency,results/stage5_d/s5_010_parallel/ood_obstacle_current_efficiency_g05_goal35_smooth10_50ep_seed123_cuda,0.6639490127563477,124,3.053802967071533,0.3536119257534607,0.002986253445158401,0.0020950108333002027,5.201645435825471,0.013278841972351074,-8,-0.16164827346801758,0.006547474923855767,0.0005620785711010841,0.0009755236368752199,47.78368978266987
s5_010_ood_obstacle_current_efficiency_g05_goal35_smooth10_50ep,learned,33,156,results/stage5_d/s5_010_parallel/ood_obstacle_current_efficiency_g05_goal35_smooth10_50ep_seed123_cuda/runs/s5_010_ood_obstacle_current_efficiency_g05_goal35_smooth10_50ep_episode_0033_learned,True,False,0.6989026069641113,64,6.4,5.817888259887695,6.292156219482422,0.2747704450276359,0.029102791100740433,0.016880428418517113,0.0036634153068508556,0.0012978290346607054,53.48673090338707,57.053327560424805,ood_obstacle,OOD obstacle,current 0.5/3.5/1.0,Efficiency,results/stage5_d/s5_010_parallel/ood_obstacle_current_efficiency_g05_goal35_smooth10_50ep_seed123_cuda,0.6814977526664734,65,6.42033052444458,0.27929730320838503,0.0035972382634028056,0.0015270619697611838,5.990123748779297,0.01740485429763794,-1,-0.1281743049621582,-0.004526858180749105,6.617704344805001e-05,-0.0002292329351004784,47.49660715460777
s5_010_ood_obstacle_current_efficiency_g05_goal35_smooth10_50ep,learned,34,157,results/stage5_d/s5_010_parallel/ood_obstacle_current_efficiency_g05_goal35_smooth10_50ep_seed123_cuda/runs/s5_010_ood_obstacle_current_efficiency_g05_goal35_smooth10_50ep_episode_0034_learned,True,False,0.6924456357955933,122,12.200000000000001,11.195878028869629,3.2703166007995605,0.3658949057412473,0.037082698196172714,0.02870425023138523,0.0036016611360671696,0.002825721910732779,53.07492076373491,57.42216110229492,ood_obstacle,OOD obstacle,current 0.5/3.5/1.0,Efficiency,results/stage5_d/s5_010_parallel/ood_obstacle_current_efficiency_g05_goal35_smooth10_50ep_seed123_cuda,0.6830971837043762,126,3.324812412261963,0.3617935591097396,0.003428672541202189,0.0027789693123132417,5.773095857529413,0.009348452091217041,-4,-0.054495811462402344,0.004101346631507685,0.0001729885948649804,4.675259841953718e-05,47.301824906205496
s5_010_ood_obstacle_current_efficiency_g05_goal35_smooth10_50ep,learned,35,158,results/stage5_d/s5_010_parallel/ood_obstacle_current_efficiency_g05_goal35_smooth10_50ep_seed123_cuda/runs/s5_010_ood_obstacle_current_efficiency_g05_goal35_smooth10_50ep_episode_0035_learned,True,False,0.6781447529792786,143,14.3,13.330120086669922,0.5342170000076294,0.36937387524744764,0.042286667972803116,0.028028955683112144,0.0035078761478984795,0.0026636607738095043,52.406145976139946,64.16654586791992,ood_obstacle,OOD obstacle,current 0.5/3.5/1.0,Efficiency,results/stage5_d/s5_010_parallel/ood_obstacle_current_efficiency_g05_goal35_smooth10_50ep_seed123_cuda,0.6843531131744385,149,0.6304317712783813,0.35861654948636945,0.002916977905963272,0.0034209130144303404,5.683030058073517,-0.006208360195159912,-6,-0.09621477127075195,0.010757325761078185,0.0005908982419352074,-0.0007572522406208361,46.723115918066426
s5_010_ood_obstacle_current_efficiency_g05_goal35_smooth10_50ep,learned,36,159,results/stage5_d/s5_010_parallel/ood_obstacle_current_efficiency_g05_goal35_smooth10_50ep_seed123_cuda/runs/s5_010_ood_obstacle_current_efficiency_g05_goal35_smooth10_50ep_episode_0036_learned,True,False,0.695097029209137,106,10.600000000000001,10.138980865478516,4.9544596672058105,0.3361696466751932,0.03695955127477646,0.01895271986722946,0.003474440999648228,0.0020425573128253476,52.585187947975015,57.07883834838867,ood_obstacle,OOD obstacle,current 0.5/3.5/1.0,Efficiency,results/stage5_d/s5_010_parallel/ood_obstacle_current_efficiency_g05_goal35_smooth10_50ep_seed123_cuda,0.6779212355613708,97,4.727941989898682,0.3403462333413287,0.003075903593669367,0.0019965352860787456,6.184818818397129,0.017175793647766113,9,0.2265176773071289,-0.004176586666135462,0.0003985374059788608,4.602202674660206e-05,46.40036912957789
s5_010_ood_obstacle_current_efficiency_g05_goal35_smooth10_50ep,learned,37,160,results/stage5_d/s5_010_parallel/ood_obstacle_current_efficiency_g05_goal35_smooth10_50ep_seed123_cuda/runs/s5_010_ood_obstacle_current_efficiency_g05_goal35_smooth10_50ep_episode_0037_learned,True,False,0.6679429411888123,111,11.100000000000001,10.012563705444336,3.8689980506896973,0.32792647343116077,0.040366970002651215,0.030515087768435478,0.0033853501998565368,0.0023855310491943927,52.819428143200575,69.88668441772461,ood_obstacle,OOD obstacle,current 0.5/3.5/1.0,Efficiency,results/stage5_d/s5_010_parallel/ood_obstacle_current_efficiency_g05_goal35_smooth10_50ep_seed123_cuda,0.6872981786727905,124,3.6844639778137207,0.32957488500624393,0.003213155159140473,0.0028321761164839614,6.100458483542165,-0.01935523748397827,-13,0.18453407287597656,-0.001648411575083164,0.00017219504071606375,-0.00044664506728956874,46.71896965965841
s5_010_ood_obstacle_current_efficiency_g05_goal35_smooth10_50ep,learned,38,161,results/stage5_d/s5_010_parallel/ood_obstacle_current_efficiency_g05_goal35_smooth10_50ep_seed123_cuda/runs/s5_010_ood_obstacle_current_efficiency_g05_goal35_smooth10_50ep_episode_0038_learned,True,False,0.6769081950187683,99,9.9,8.465028762817383,4.277212142944336,0.34590172865232544,0.03723517432808876,0.01815895177423954,0.0031357332982624104,0.002454280763319977,52.48492173474244,55.547475814819336,ood_obstacle,OOD obstacle,current 0.5/3.5/1.0,Efficiency,results/stage5_d/s5_010_parallel/ood_obstacle_current_efficiency_g05_goal35_smooth10_50ep_seed123_cuda,0.698621392250061,103,4.5559401512146,0.3341867123436334,0.0028093924809004123,0.0017182460434120713,5.45707489680318,-0.021713197231292725,-4,-0.27872800827026367,0.011715016308692039,0.000326340817361998,0.0007360347199079059,47.027846837939265
s5_010_ood_obstacle_current_efficiency_g05_goal35_smooth10_50ep,learned,39,162,results/stage5_d/s5_010_parallel/ood_obstacle_current_efficiency_g05_goal35_smooth10_50ep_seed123_cuda/runs/s5_010_ood_obstacle_current_efficiency_g05_goal35_smooth10_50ep_episode_0039_learned,True,False,0.6821367740631104,166,16.6,14.66630744934082,0.20065784454345703,0.3654503411671437,0.05061866715550423,0.03548846021294594,0.0031038458113263404,0.003715832448464346,52.61781847620585,58.90655517578125,ood_obstacle,OOD obstacle,current 0.5/3.5/1.0,Efficiency,results/stage5_d/s5_010_parallel/ood_obstacle_current_efficiency_g05_goal35_smooth10_50ep_seed123_cuda,0.6935881972312927,186,0.16035842895507812,0.3577528305547676,0.0031354152672359837,0.003740768201498604,5.271916748375021,-0.011451423168182373,-20,0.040299415588378906,0.007697510612376113,-3.1569455909643326e-05,-2.4935753034258015e-05,47.34590172783083
s5_010_ood_obstacle_current_efficiency_g05_goal35_smooth10_50ep,learned,40,163,results/stage5_d/s5_010_parallel/ood_obstacle_current_efficiency_g05_goal35_smooth10_50ep_seed123_cuda/runs/s5_010_ood_obstacle_current_efficiency_g05_goal35_smooth10_50ep_episode_0040_learned,True,False,0.6818235516548157,103,10.3,10.00119686126709,2.5573887825012207,0.32001307261938194,0.037187378853559494,0.024253034964203835,0.003623269824342966,0.002713809554969479,53.26118284058802,66.10536575317383,ood_obstacle,OOD obstacle,current 0.5/3.5/1.0,Efficiency,results/stage5_d/s5_010_parallel/ood_obstacle_current_efficiency_g05_goal35_smooth10_50ep_seed123_cuda,0.6937786936759949,114,2.1808605194091797,0.3291942781816225,0.0032958360325643175,0.002515412691629786,6.13252321879069,-0.0119551420211792,-11,0.376528263092041,-0.009181205562240558,0.0003274337917786485,0.00019839686333969313,47.12865962179733
s5_010_ood_obstacle_current_efficiency_g05_goal35_smooth10_50ep,learned,41,164,results/stage5_d/s5_010_parallel/ood_obstacle_current_efficiency_g05_goal35_smooth10_50ep_seed123_cuda/runs/s5_010_ood_obstacle_current_efficiency_g05_goal35_smooth10_50ep_episode_0041_learned,True,False,0.6705818176269531,123,12.3,9.931713104248047,4.078690528869629,0.4044552010346329,0.054562218487262726,0.04195752739906311,0.0023736548848737396,0.002017688409276821,54.88050274732636,58.388471603393555,ood_obstacle,OOD obstacle,current 0.5/3.5/1.0,Efficiency,results/stage5_d/s5_010_parallel/ood_obstacle_current_efficiency_g05_goal35_smooth10_50ep_seed123_cuda,0.6779672503471375,130,3.8697094917297363,0.4129914585223574,0.002617762556480894,0.002431550937678515,5.668297180762658,-0.007385432720184326,-7,0.20898103713989258,-0.008536257487724519,-0.00024410767160715436,-0.000413862528401694,49.2122055665637
s5_010_ood_obstacle_current_efficiency_g05_goal35_smooth10_50ep,learned,42,165,results/stage5_d/s5_010_parallel/ood_obstacle_current_efficiency_g05_goal35_smooth10_50ep_seed123_cuda/runs/s5_010_ood_obstacle_current_efficiency_g05_goal35_smooth10_50ep_episode_0042_learned,True,False,0.6656101942062378,159,15.9,16.05513572692871,3.499541759490967,0.331038421411404,0.04129816219210625,0.025062764063477516,0.0037581270902580345,0.0036012625445943983,55.14921632202916,69.01931762695312,ood_obstacle,OOD obstacle,current 0.5/3.5/1.0,Efficiency,results/stage5_d/s5_010_parallel/ood_obstacle_current_efficiency_g05_goal35_smooth10_50ep_seed123_cuda,0.6567572951316833,157,3.162834644317627,0.325702096815481,0.00348288085095959,0.0031266338281239073,6.103462474361347,0.008852899074554443,2,0.33670711517333984,0.005336324595922981,0.0002752462392984446,0.00047462871647049095,49.04575384766781
s5_010_ood_obstacle_current_efficiency_g05_goal35_smooth10_50ep,learned,43,166,results/stage5_d/s5_010_parallel/ood_obstacle_current_efficiency_g05_goal35_smooth10_50ep_seed123_cuda/runs/s5_010_ood_obstacle_current_efficiency_g05_goal35_smooth10_50ep_episode_0043_learned,True,False,0.6880365610122681,196,19.6,17.628252029418945,0.20389950275421143,0.378538900144827,0.041377946734428406,0.02437446638941765,0.00406022814527731,0.0032831482384307166,52.671074867248535,67.57068634033203,ood_obstacle,OOD obstacle,current 0.5/3.5/1.0,Efficiency,results/stage5_d/s5_010_parallel/ood_obstacle_current_efficiency_g05_goal35_smooth10_50ep_seed123_cuda,0.6776483654975891,172,0.20593702793121338,0.3636056798011766,0.003957354463415385,0.0035958820284315222,6.1410901158355005,0.010388195514678955,24,-0.002037525177001953,0.01493322034365041,0.00010287368186192528,-0.0003127337900008056,46.52998475141303
s5_010_ood_obstacle_current_efficiency_g05_goal35_smooth10_50ep,learned,44,167,results/stage5_d/s5_010_parallel/ood_obstacle_current_efficiency_g05_goal35_smooth10_50ep_seed123_cuda/runs/s5_010_ood_obstacle_current_efficiency_g05_goal35_smooth10_50ep_episode_0044_learned,True,False,0.6943742632865906,139,13.9,13.380102157592773,2.437713623046875,0.3516828812158369,0.03833302482962608,0.02285933680832386,0.0036348480914913262,0.0029770794286911977,55.96239103687753,77.98886299133301,ood_obstacle,OOD obstacle,current 0.5/3.5/1.0,Efficiency,results/stage5_d/s5_010_parallel/ood_obstacle_current_efficiency_g05_goal35_smooth10_50ep_seed123_cuda,0.6872423887252808,141,2.361898899078369,0.34190496724404,0.003242569176726095,0.002572994862170875,5.009351892674223,0.0071318745613098145,-2,0.07581472396850586,0.009777913971796892,0.00039227891476523126,0.0004040845665203227,50.9530391442033
s5_010_ood_obstacle_current_efficiency_g05_goal35_smooth10_50ep,learned,45,168,results/stage5_d/s5_010_parallel/ood_obstacle_current_efficiency_g05_goal35_smooth10_50ep_seed123_cuda/runs/s5_010_ood_obstacle_current_efficiency_g05_goal35_smooth10_50ep_episode_0045_learned,True,False,0.6309571862220764,62,6.2,5.773798942565918,5.227858066558838,0.2447189747374655,0.038113899528980255,0.019637580960989,0.0029043625316225274,0.0019416050131987603,54.54942872447352,79.32734489440918,ood_obstacle,OOD obstacle,current 0.5/3.5/1.0,Efficiency,results/stage5_d/s5_010_parallel/ood_obstacle_current_efficiency_g05_goal35_smooth10_50ep_seed123_cuda,0.6767841577529907,69,5.1912007331848145,0.2365714113916392,0.0024297748511895195,0.0015194998395742143,5.411911701810533,-0.04582697153091431,-7,0.03665733337402344,0.008147563345826309,0.00047458768043300795,0.00042210517362454604,49.13751702266299
s5_010_ood_obstacle_current_efficiency_g05_goal35_smooth10_50ep,learned,46,169,results/stage5_d/s5_010_parallel/ood_obstacle_current_efficiency_g05_goal35_smooth10_50ep_seed123_cuda/runs/s5_010_ood_obstacle_current_efficiency_g05_goal35_smooth10_50ep_episode_0046_learned,True,False,0.6501642465591431,114,11.4,11.782692909240723,2.5909714698791504,0.363501930408746,0.03736308589577675,0.019464148208498955,0.0031772136706570303,0.002299918372132368,54.38064901452316,80.00636100769043,ood_obstacle,OOD obstacle,current 0.5/3.5/1.0,Efficiency,results/stage5_d/s5_010_parallel/ood_obstacle_current_efficiency_g05_goal35_smooth10_50ep_seed123_cuda,0.6434137225151062,111,2.916658401489258,0.36795886350431956,0.003550998260328339,0.002885918260594551,5.655832118816204,0.006750524044036865,3,-0.3256869316101074,-0.004456933095573545,-0.0003737845896713086,-0.000585999888462183,48.72481689570695
s5_010_ood_obstacle_current_efficiency_g05_goal35_smooth10_50ep,learned,47,170,results/stage5_d/s5_010_parallel/ood_obstacle_current_efficiency_g05_goal35_smooth10_50ep_seed123_cuda/runs/s5_010_ood_obstacle_current_efficiency_g05_goal35_smooth10_50ep_episode_0047_learned,True,False,0.6745303869247437,180,18.0,17.273033142089844,0.8962864875793457,0.3523713227050353,0.04711999371647835,0.030835961923003197,0.003562331185722484,0.003804410658833538,54.57922485139635,71.8996524810791,ood_obstacle,OOD obstacle,current 0.5/3.5/1.0,Efficiency,results/stage5_d/s5_010_parallel/ood_obstacle_current_efficiency_g05_goal35_smooth10_50ep_seed123_cuda,0.6657306551933289,197,0.8307268619537354,0.35928544537211554,0.003160113209473767,0.0037396257722133127,5.77372826900579,0.008799731731414795,-17,0.06555962562561035,-0.006914122667080247,0.00040221797624871714,6.478488662022518e-05,48.80549658239056
s5_010_ood_obstacle_current_efficiency_g05_goal35_smooth10_50ep,learned,48,171,results/stage5_d/s5_010_parallel/ood_obstacle_current_efficiency_g05_goal35_smooth10_50ep_seed123_cuda/runs/s5_010_ood_obstacle_current_efficiency_g05_goal35_smooth10_50ep_episode_0048_learned,True,False,0.6817142963409424,133,13.3,13.996613502502441,0.2363600730895996,0.4200981823629455,0.03761829063296318,0.021616220474243164,0.0038922213595606837,0.003841697300940507,54.01720857261715,68.73130798339844,ood_obstacle,OOD obstacle,current 0.5/3.5/1.0,Efficiency,results/stage5_d/s5_010_parallel/ood_obstacle_current_efficiency_g05_goal35_smooth10_50ep_seed123_cuda,0.66216641664505,133,0.28078174591064453,0.4231292822203928,0.003749900233914509,0.0036679506481509905,4.853280863367525,0.019547879695892334,0,-0.04442167282104492,-0.003031099857447317,0.00014232112564617483,0.00017374665278951668,49.16392770924963
s5_010_ood_obstacle_current_efficiency_g05_goal35_smooth10_50ep,learned,49,172,results/stage5_d/s5_010_parallel/ood_obstacle_current_efficiency_g05_goal35_smooth10_50ep_seed123_cuda/runs/s5_010_ood_obstacle_current_efficiency_g05_goal35_smooth10_50ep_episode_0049_learned,True,False,0.6832488775253296,114,11.4,10.786395072937012,3.7373862266540527,0.3351746599035036,0.03535367175936699,0.020882248878479004,0.0034400721539927827,0.003339757934791048,52.415563349138225,56.71215057373047,ood_obstacle,OOD obstacle,current 0.5/3.5/1.0,Efficiency,results/stage5_d/s5_010_parallel/ood_obstacle_current_efficiency_g05_goal35_smooth10_50ep_seed123_cuda,0.6754865646362305,115,3.925976276397705,0.3369861372303137,0.003153140191819872,0.0026799214190825573,4.833368633104407,0.007762312889099121,-1,-0.18859004974365234,-0.0018114773268100848,0.0002869319621729106,0.0006598365157084907,47.58219471603382
s5_010_ood_obstacle_balanced_g05_goal30_smooth075_50ep,learned,0,123,results/stage5_d/s5_010_parallel/ood_obstacle_balanced_g05_goal30_smooth075_50ep_seed123_cuda/runs/s5_010_ood_obstacle_balanced_g05_goal30_smooth075_50ep_episode_0000_learned,True,False,0.6693618297576904,99,9.9,8.194661140441895,5.380869388580322,0.32641333888738766,0.0454423651099205,0.027371898293495178,0.0030462246103286844,0.002142281675719088,53.18012863698632,263.01097869873047,ood_obstacle,OOD obstacle,balanced 0.5/3.0/0.75,Balanced,results/stage5_d/s5_010_parallel/ood_obstacle_balanced_g05_goal30_smooth075_50ep_seed123_cuda,0.6625387668609619,102,5.380869388580322,0.31715972176053214,0.002668026162388479,0.0019204252285440456,8.93847381367403,0.006823062896728516,-3,0.0,0.009253617126855518,0.0003781984479402055,0.00022185644717504253,44.24165482331229
s5_010_ood_obstacle_balanced_g05_goal30_smooth075_50ep,learned,1,124,results/stage5_d/s5_010_parallel/ood_obstacle_balanced_g05_goal30_smooth075_50ep_seed123_cuda/runs/s5_010_ood_obstacle_balanced_g05_goal30_smooth075_50ep_episode_0001_learned,True,False,0.6837654709815979,219,21.900000000000002,20.659574508666992,0.20317113399505615,0.42221681485821694,0.038504600524902344,0.021903835237026215,0.004139662921026087,0.0032974309696792233,50.87148544450873,56.77914619445801,ood_obstacle,OOD obstacle,balanced 0.5/3.0/0.75,Balanced,results/stage5_d/s5_010_parallel/ood_obstacle_balanced_g05_goal30_smooth075_50ep_seed123_cuda,0.699011504650116,277,0.20859920978546143,0.27269444359278994,0.0029877770093638895,0.002996833815775771,7.68673807274994,-0.015246033668518066,-58,-0.0054280757904052734,0.149522371265427,0.0011518859116621972,0.00030059715390345215,43.18474737175879
s5_010_ood_obstacle_balanced_g05_goal30_smooth075_50ep,learned,2,125,results/stage5_d/s5_010_parallel/ood_obstacle_balanced_g05_goal30_smooth075_50ep_seed123_cuda/runs/s5_010_ood_obstacle_balanced_g05_goal30_smooth075_50ep_episode_0002_learned,True,False,0.6945843696594238,124,12.4,10.721796035766602,4.400545597076416,0.3377890373646346,0.03875425085425377,0.027212366461753845,0.00349678291298848,0.0030873616683888467,54.56622185245637,67.29817390441895,ood_obstacle,OOD obstacle,balanced 0.5/3.0/0.75,Balanced,results/stage5_d/s5_010_parallel/ood_obstacle_balanced_g05_goal30_smooth075_50ep_seed123_cuda,0.6796021461486816,126,3.964747905731201,0.3540279353346069,0.003441860666862325,0.0030917553812925508,8.033232083396307,0.014982223510742188,-2,0.43579769134521484,-0.0162388979699723,5.492224612615483e-05,-4.393712903704057e-06,46.532989769060066
s5_010_ood_obstacle_balanced_g05_goal30_smooth075_50ep,learned,3,126,results/stage5_d/s5_010_parallel/ood_obstacle_balanced_g05_goal30_smooth075_50ep_seed123_cuda/runs/s5_010_ood_obstacle_balanced_g05_goal30_smooth075_50ep_episode_0003_learned,True,False,0.6779714822769165,70,7.0,5.346217155456543,4.875790119171143,0.2230918196151366,0.028718113899230957,0.012770124711096287,0.002754542137999457,0.001505104892649316,52.4989230292184,58.30574035644531,ood_obstacle,OOD obstacle,balanced 0.5/3.0/0.75,Balanced,results/stage5_d/s5_010_parallel/ood_obstacle_balanced_g05_goal30_smooth075_50ep_seed123_cuda,0.6937746405601501,64,4.5739288330078125,0.22769673573839103,0.00304981448171237,0.0015020301236217616,6.29192590713501,-0.015803158283233643,6,0.3018612861633301,-0.004604916123254421,-0.00029527234371291324,3.074769027554356e-06,46.20699712208339
s5_010_ood_obstacle_balanced_g05_goal30_smooth075_50ep,learned,4,127,results/stage5_d/s5_010_parallel/ood_obstacle_balanced_g05_goal30_smooth075_50ep_seed123_cuda/runs/s5_010_ood_obstacle_balanced_g05_goal30_smooth075_50ep_episode_0004_learned,True,False,0.677756667137146,109,10.9,8.95274829864502,4.836273670196533,0.2960392635495086,0.046875305473804474,0.03147582709789276,0.00275997265182505,0.002574213625197641,50.93238769321267,54.4743537902832,ood_obstacle,OOD obstacle,balanced 0.5/3.0/0.75,Balanced,results/stage5_d/s5_010_parallel/ood_obstacle_balanced_g05_goal30_smooth075_50ep_seed123_cuda,0.6776947379112244,117,5.0470290184021,0.3008790874514061,0.002777886835244663,0.0029316860303328636,6.447135892688719,6.192922592163086e-05,-8,-0.2107553482055664,-0.004839823901897522,-1.7914183419613216e-05,-0.0003574724051352224,44.48525180052395
s5_010_ood_obstacle_balanced_g05_goal30_smooth075_50ep,learned,5,128,results/stage5_d/s5_010_parallel/ood_obstacle_balanced_g05_goal30_smooth075_50ep_seed123_cuda/runs/s5_010_ood_obstacle_balanced_g05_goal30_smooth075_50ep_episode_0005_learned,True,False,0.6635997891426086,124,12.4,10.99344253540039,4.221498966217041,0.29264057080323963,0.03780534863471985,0.02477818727493286,0.0033154896965593697,0.002751468523824861,52.19009422486828,61.456918716430664,ood_obstacle,OOD obstacle,balanced 0.5/3.0/0.75,Balanced,results/stage5_d/s5_010_parallel/ood_obstacle_balanced_g05_goal30_smooth075_50ep_seed123_cuda,0.6583350896835327,120,4.379554271697998,0.3008262631333492,0.003324284044726427,0.003122876943604391,6.406017144521077,0.005264699459075928,4,-0.15805530548095703,-0.008185692330109573,-8.794348167057153e-06,-0.00037140841977952987,45.7840770803472
s5_010_ood_obstacle_balanced_g05_goal30_smooth075_50ep,learned,6,129,results/stage5_d/s5_010_parallel/ood_obstacle_balanced_g05_goal30_smooth075_50ep_seed123_cuda/runs/s5_010_ood_obstacle_balanced_g05_goal30_smooth075_50ep_episode_0006_learned,True,False,0.6907434463500977,184,18.400000000000002,18.219371795654297,0.20705950260162354,0.3425400812394282,0.04331132024526596,0.029244394972920418,0.0038453926402739146,0.0038965219387850146,51.791153524232946,57.30891227722168,ood_obstacle,OOD obstacle,balanced 0.5/3.0/0.75,Balanced,results/stage5_d/s5_010_parallel/ood_obstacle_balanced_g05_goal30_smooth075_50ep_seed123_cuda,0.6733921766281128,191,0.19780504703521729,0.3520158707007738,0.0037803027731177197,0.0036168479807530264,6.181890427754188,0.017351269721984863,-7,0.00925445556640625,-0.009475789461345585,6.508986715619489e-05,0.0002796739580319882,45.609263096478756
s5_010_ood_obstacle_balanced_g05_goal30_smooth075_50ep,learned,7,130,results/stage5_d/s5_010_parallel/ood_obstacle_balanced_g05_goal30_smooth075_50ep_seed123_cuda/runs/s5_010_ood_obstacle_balanced_g05_goal30_smooth075_50ep_episode_0007_learned,True,False,0.6768007278442383,98,9.8,9.122477531433105,2.524907112121582,0.3101865489961228,0.029283642768859863,0.02112588658928871,0.003490277657808938,0.0030490676342765297,53.2464616152705,59.97467041015625,ood_obstacle,OOD obstacle,balanced 0.5/3.0/0.75,Balanced,results/stage5_d/s5_010_parallel/ood_obstacle_balanced_g05_goal30_smooth075_50ep_seed123_cuda,0.695236325263977,92,2.545252799987793,0.31628108325138504,0.003660714367497423,0.0022082307958306963,7.438755553701649,-0.01843559741973877,6,-0.020345687866210938,-0.006094534255262241,-0.000170436709688485,0.0008408368384458333,45.80770606156885
s5_010_ood_obstacle_balanced_g05_goal30_smooth075_50ep,learned,8,131,results/stage5_d/s5_010_parallel/ood_obstacle_balanced_g05_goal30_smooth075_50ep_seed123_cuda/runs/s5_010_ood_obstacle_balanced_g05_goal30_smooth075_50ep_episode_0008_learned,True,False,0.6669555306434631,139,13.9,12.71442985534668,2.5945563316345215,0.3650854202376074,0.05091175064444542,0.03610615059733391,0.002971488943088439,0.002845776050043572,50.747070381109666,64.02182579040527,ood_obstacle,OOD obstacle,balanced 0.5/3.0/0.75,Balanced,results/stage5_d/s5_010_parallel/ood_obstacle_balanced_g05_goal30_smooth075_50ep_seed123_cuda,0.6852608323097229,160,2.1507534980773926,0.3894159640532052,0.0028523926144796716,0.0028056541016784286,6.608127057552338,-0.018305301666259766,-21,0.4438028335571289,-0.024330543815597794,0.00011909632860876733,4.012194836514353e-05,44.13894332355733
s5_010_ood_obstacle_balanced_g05_goal30_smooth075_50ep,learned,9,132,results/stage5_d/s5_010_parallel/ood_obstacle_balanced_g05_goal30_smooth075_50ep_seed123_cuda/runs/s5_010_ood_obstacle_balanced_g05_goal30_smooth075_50ep_episode_0009_learned,True,False,0.6903196573257446,167,16.7,15.719045639038086,0.7714793682098389,0.324336619798964,0.04415473714470863,0.02990148402750492,0.0036949716252918257,0.003564723083885234,51.84672121516245,59.99398231506348,ood_obstacle,OOD obstacle,balanced 0.5/3.0/0.75,Balanced,results/stage5_d/s5_010_parallel/ood_obstacle_balanced_g05_goal30_smooth075_50ep_seed123_cuda,0.6516550183296204,156,0.9382839202880859,0.33345273172770906,0.003476189728784024,0.003516966076550061,7.168779006371131,0.03866463899612427,11,-0.16680455207824707,-0.009116111928745063,0.0002187818965078015,4.77570073351731e-05,44.677942208791315
s5_010_ood_obstacle_balanced_g05_goal30_smooth075_50ep,learned,10,133,results/stage5_d/s5_010_parallel/ood_obstacle_balanced_g05_goal30_smooth075_50ep_seed123_cuda/runs/s5_010_ood_obstacle_balanced_g05_goal30_smooth075_50ep_episode_0010_learned,True,False,0.6916840672492981,114,11.4,9.741288185119629,2.600562572479248,0.3468928025914928,0.04066883772611618,0.024375680834054947,0.002744050316555283,0.0020425831380093138,50.50969751257645,54.739952087402344,ood_obstacle,OOD obstacle,balanced 0.5/3.0/0.75,Balanced,results/stage5_d/s5_010_parallel/ood_obstacle_balanced_g05_goal30_smooth075_50ep_seed123_cuda,0.6686506271362305,107,2.5554957389831543,0.35512589660906185,0.003191674961209676,0.0030226699631841166,6.678443088709751,0.023033440113067627,7,0.04506683349609375,-0.008233094017569054,-0.000447624644654393,-0.0009800868251748029,43.8312544238667
s5_010_ood_obstacle_balanced_g05_goal30_smooth075_50ep,learned,11,134,results/stage5_d/s5_010_parallel/ood_obstacle_balanced_g05_goal30_smooth075_50ep_seed123_cuda/runs/s5_010_ood_obstacle_balanced_g05_goal30_smooth075_50ep_episode_0011_learned,True,False,0.6939141154289246,146,14.600000000000001,13.275406837463379,4.739118576049805,0.36435757465951407,0.038309402763843536,0.024158429354429245,0.003695698082939469,0.0027586430149219823,51.129747743475924,58.244943618774414,ood_obstacle,OOD obstacle,balanced 0.5/3.0/0.75,Balanced,results/stage5_d/s5_010_parallel/ood_obstacle_balanced_g05_goal30_smooth075_50ep_seed123_cuda,0.6884679198265076,148,4.605382442474365,0.3559974737697819,0.00338143763050046,0.002726269802632823,5.61672610205573,0.005446195602416992,-2,0.13373613357543945,0.008360100889732158,0.0003142604524390088,3.237321228915938e-05,45.513021641420195
s5_010_ood_obstacle_balanced_g05_goal30_smooth075_50ep,learned,12,135,results/stage5_d/s5_010_parallel/ood_obstacle_balanced_g05_goal30_smooth075_50ep_seed123_cuda/runs/s5_010_ood_obstacle_balanced_g05_goal30_smooth075_50ep_episode_0012_learned,True,False,0.6851810812950134,194,19.400000000000002,18.506824493408203,0.18332529067993164,0.36140057779894474,0.0439336821436882,0.02690226212143898,0.0035553204554145744,0.003946397738301606,51.51731697554441,59.478044509887695,ood_obstacle,OOD obstacle,balanced 0.5/3.0/0.75,Balanced,results/stage5_d/s5_010_parallel/ood_obstacle_balanced_g05_goal30_smooth075_50ep_seed123_cuda,0.6622083187103271,184,0.17880988121032715,0.36858126841882305,0.0034909153506558076,0.0037733429424579123,6.411606850831405,0.02297276258468628,10,0.004515409469604492,-0.007180690619878305,6.440510475876678e-05,0.00017305479584369407,45.105710124713006
s5_010_ood_obstacle_balanced_g05_goal30_smooth075_50ep,learned,13,136,results/stage5_d/s5_010_parallel/ood_obstacle_balanced_g05_goal30_smooth075_50ep_seed123_cuda/runs/s5_010_ood_obstacle_balanced_g05_goal30_smooth075_50ep_episode_0013_learned,True,False,0.6832079887390137,70,7.0,6.335252285003662,5.5946879386901855,0.2944771223221531,0.038711514323949814,0.020008066669106483,0.003389966947182063,0.0013904050020857655,54.85345295497349,58.617591857910156,ood_obstacle,OOD obstacle,balanced 0.5/3.0/0.75,Balanced,results/stage5_d/s5_010_parallel/ood_obstacle_balanced_g05_goal30_smooth075_50ep_seed123_cuda,0.6864275336265564,74,5.597971439361572,0.288513990894579,0.002980010982085938,0.0017579459975785097,5.599234555218671,-0.0032195448875427246,-4,-0.0032835006713867188,0.005963131427574098,0.000409955965096125,-0.0003675409954927442,49.25421839975482
s5_010_ood_obstacle_balanced_g05_goal30_smooth075_50ep,learned,14,137,results/stage5_d/s5_010_parallel/ood_obstacle_balanced_g05_goal30_smooth075_50ep_seed123_cuda/runs/s5_010_ood_obstacle_balanced_g05_goal30_smooth075_50ep_episode_0014_learned,True,False,0.6899697780609131,129,12.9,10.826678276062012,3.4243698120117188,0.32240481925776315,0.04529380798339844,0.028836194425821304,0.0028033789581518483,0.0029580298812009968,52.24519367365874,60.628414154052734,ood_obstacle,OOD obstacle,balanced 0.5/3.0/0.75,Balanced,results/stage5_d/s5_010_parallel/ood_obstacle_balanced_g05_goal30_smooth075_50ep_seed123_cuda,0.6618051528930664,130,3.2910819053649902,0.3205485868972923,0.002844169048700527,0.0032078671058688936,5.82575247837947,0.02816462516784668,-1,0.13328790664672852,0.001856232360470833,-4.079009054867855e-05,-0.00024983722466789685,46.41944119527927
s5_010_ood_obstacle_balanced_g05_goal30_smooth075_50ep,learned,15,138,results/stage5_d/s5_010_parallel/ood_obstacle_balanced_g05_goal30_smooth075_50ep_seed123_cuda/runs/s5_010_ood_obstacle_balanced_g05_goal30_smooth075_50ep_episode_0015_learned,True,False,0.6911587119102478,146,14.600000000000001,13.410908699035645,0.20445775985717773,0.31377482977978827,0.04621327668428421,0.028974631801247597,0.0035948412651372083,0.0029789254410169446,50.53044181980499,54.78334426879883,ood_obstacle,OOD obstacle,balanced 0.5/3.0/0.75,Balanced,results/stage5_d/s5_010_parallel/ood_obstacle_balanced_g05_goal30_smooth075_50ep_seed123_cuda,0.6719642281532288,237,-0.10304462909698486,0.3092829574949763,0.0034703943542984165,0.003007680906437068,5.507136196023804,0.019194483757019043,-91,0.3075023889541626,0.00449187228481196,0.00012444691083879182,-2.8755465420123548e-05,45.023305623781184
s5_010_ood_obstacle_balanced_g05_goal30_smooth075_50ep,learned,16,139,results/stage5_d/s5_010_parallel/ood_obstacle_balanced_g05_goal30_smooth075_50ep_seed123_cuda/runs/s5_010_ood_obstacle_balanced_g05_goal30_smooth075_50ep_episode_0016_learned,True,False,0.6848604679107666,79,7.9,6.588691711425781,4.409818172454834,0.30669650918254454,0.04009241238236427,0.02435995824635029,0.002557207889426647,0.0018665708778447367,52.296744117253944,72.91197776794434,ood_obstacle,OOD obstacle,balanced 0.5/3.0/0.75,Balanced,results/stage5_d/s5_010_parallel/ood_obstacle_balanced_g05_goal30_smooth075_50ep_seed123_cuda,0.684283435344696,84,4.409818172454834,0.2999830722125591,0.002321187822991269,0.0013795663202798897,5.734948884873163,0.0005770325660705566,-5,0.0,0.006713436969985442,0.000236020066435378,0.000487004557564847,46.56179523238078
s5_010_ood_obstacle_balanced_g05_goal30_smooth075_50ep,learned,17,140,results/stage5_d/s5_010_parallel/ood_obstacle_balanced_g05_goal30_smooth075_50ep_seed123_cuda/runs/s5_010_ood_obstacle_balanced_g05_goal30_smooth075_50ep_episode_0017_learned,True,False,0.686497151851654,190,19.0,15.544282913208008,0.5469347238540649,0.402776918553205,0.04996562749147415,0.0391731932759285,0.0029764620333845937,0.003300119211430953,51.74252484974108,58.48884582519531,ood_obstacle,OOD obstacle,balanced 0.5/3.0/0.75,Balanced,results/stage5_d/s5_010_parallel/ood_obstacle_balanced_g05_goal30_smooth075_50ep_seed123_cuda,0.6928301453590393,196,0.8359829187393188,0.404851283814802,0.0027704504267965398,0.0030053393086664614,6.405797539925088,-0.006332993507385254,-6,-0.2890481948852539,-0.0020743652615969888,0.00020601160658805396,0.0002947799027644914,45.33672730981599
s5_010_ood_obstacle_balanced_g05_goal30_smooth075_50ep,learned,18,141,results/stage5_d/s5_010_parallel/ood_obstacle_balanced_g05_goal30_smooth075_50ep_seed123_cuda/runs/s5_010_ood_obstacle_balanced_g05_goal30_smooth075_50ep_episode_0018_learned,True,False,0.6801563501358032,119,11.9,10.684616088867188,4.760239124298096,0.3533402956603487,0.04090876504778862,0.03130826726555824,0.003415712487676724,0.0030452872757275305,51.8422868071484,56.66923522949219,ood_obstacle,OOD obstacle,balanced 0.5/3.0/0.75,Balanced,results/stage5_d/s5_010_parallel/ood_obstacle_balanced_g05_goal30_smooth075_50ep_seed123_cuda,0.6799892783164978,129,4.758871078491211,0.3603373848667094,0.003125934715751764,0.0022946944512638474,5.954291469366976,0.00016707181930541992,-10,0.0013680458068847656,-0.006997089206360718,0.0002897777719249599,0.0007505928244636831,45.88799533778142
s5_010_ood_obstacle_balanced_g05_goal30_smooth075_50ep,learned,19,142,results/stage5_d/s5_010_parallel/ood_obstacle_balanced_g05_goal30_smooth075_50ep_seed123_cuda/runs/s5_010_ood_obstacle_balanced_g05_goal30_smooth075_50ep_episode_0019_learned,True,False,0.6729217171669006,152,15.200000000000001,14.248247146606445,0.2290588617324829,0.3094161723043487,0.041425012052059174,0.029197389259934425,0.0038249214236412542,0.003802084686463911,51.16280129081324,61.70797348022461,ood_obstacle,OOD obstacle,balanced 0.5/3.0/0.75,Balanced,results/stage5_d/s5_010_parallel/ood_obstacle_balanced_g05_goal30_smooth075_50ep_seed123_cuda,0.663793683052063,153,0.23229587078094482,0.310931415823547,0.00351623957678759,0.0034177332684537966,6.320029302360186,0.009128034114837646,-1,-0.003237009048461914,-0.001515243519198295,0.00030868184685366434,0.0003843514180101146,44.84277198845306
s5_010_ood_obstacle_balanced_g05_goal30_smooth075_50ep,learned,20,143,results/stage5_d/s5_010_parallel/ood_obstacle_balanced_g05_goal30_smooth075_50ep_seed123_cuda/runs/s5_010_ood_obstacle_balanced_g05_goal30_smooth075_50ep_episode_0020_learned,True,False,0.6649599075317383,144,14.4,12.1221284866333,3.6736388206481934,0.3224367826798092,0.0450078509747982,0.03119860775768757,0.0031392967986528437,0.0030749841007460055,54.343195425139534,92.89336204528809,ood_obstacle,OOD obstacle,balanced 0.5/3.0/0.75,Balanced,results/stage5_d/s5_010_parallel/ood_obstacle_balanced_g05_goal30_smooth075_50ep_seed123_cuda,0.6967197060585022,156,3.5488314628601074,0.3319642869307688,0.0030984944470059763,0.0027322592617556045,5.768216573275053,-0.031759798526763916,-12,0.12480735778808594,-0.009527504250959606,4.080235164686738e-05,0.000342724838990401,48.57497885186448
s5_010_ood_obstacle_balanced_g05_goal30_smooth075_50ep,learned,21,144,results/stage5_d/s5_010_parallel/ood_obstacle_balanced_g05_goal30_smooth075_50ep_seed123_cuda/runs/s5_010_ood_obstacle_balanced_g05_goal30_smooth075_50ep_episode_0021_learned,True,False,0.6771235466003418,114,11.4,9.025704383850098,3.802612781524658,0.38697076364090516,0.043501656502485275,0.0277803186327219,0.0028592177825550987,0.0025210989178255394,50.12645219501696,66.08057022094727,ood_obstacle,OOD obstacle,balanced 0.5/3.0/0.75,Balanced,results/stage5_d/s5_010_parallel/ood_obstacle_balanced_g05_goal30_smooth075_50ep_seed123_cuda,0.6942082643508911,111,3.830471992492676,0.3786843473644957,0.0025146203197291017,0.002406772850461265,5.120878821020728,-0.017084717750549316,3,-0.027859210968017578,0.00828641627640947,0.000344597462825997,0.00011432606736427441,45.00557337399623
s5_010_ood_obstacle_balanced_g05_goal30_smooth075_50ep,learned,22,145,results/stage5_d/s5_010_parallel/ood_obstacle_balanced_g05_goal30_smooth075_50ep_seed123_cuda/runs/s5_010_ood_obstacle_balanced_g05_goal30_smooth075_50ep_episode_0022_learned,True,False,0.6934431195259094,164,16.400000000000002,17.995710372924805,0.2261204719543457,0.3873697576804916,0.03515414893627167,0.01855108141899109,0.003837603321502391,0.0038462088217641587,52.07819037321137,58.59827995300293,ood_obstacle,OOD obstacle,balanced 0.5/3.0/0.75,Balanced,results/stage5_d/s5_010_parallel/ood_obstacle_balanced_g05_goal30_smooth075_50ep_seed123_cuda,0.6920293569564819,177,0.20830929279327393,0.37975223429024546,0.004055133951466726,0.0038927869482536996,6.238126485361218,0.0014137625694274902,-13,0.017811179161071777,0.007617523390246128,-0.00021753062996433554,-4.6578126489540874e-05,45.84006388785015
s5_010_ood_obstacle_balanced_g05_goal30_smooth075_50ep,learned,23,146,results/stage5_d/s5_010_parallel/ood_obstacle_balanced_g05_goal30_smooth075_50ep_seed123_cuda/runs/s5_010_ood_obstacle_balanced_g05_goal30_smooth075_50ep_episode_0023_learned,True,False,0.6837434768676758,123,12.3,11.238852500915527,4.811820030212402,0.423018149368851,0.0372869111597538,0.029136624187231064,0.0036554674970394737,0.003292376755254468,52.3472588236739,57.18040466308594,ood_obstacle,OOD obstacle,balanced 0.5/3.0/0.75,Balanced,results/stage5_d/s5_010_parallel/ood_obstacle_balanced_g05_goal30_smooth075_50ep_seed123_cuda,0.6722314953804016,128,4.811820030212402,0.43528908665284693,0.0034532248458729255,0.0030121641414868013,5.115572363138199,0.01151198148727417,-5,0.0,-0.01227093728399592,0.00020224265116654825,0.00028021261376766663,47.2316864605357
s5_010_ood_obstacle_balanced_g05_goal30_smooth075_50ep,learned,24,147,results/stage5_d/s5_010_parallel/ood_obstacle_balanced_g05_goal30_smooth075_50ep_seed123_cuda/runs/s5_010_ood_obstacle_balanced_g05_goal30_smooth075_50ep_episode_0024_learned,True,False,0.6716736555099487,143,14.3,14.367664337158203,0.23618590831756592,0.3350387092320215,0.04052552953362465,0.026140481233596802,0.003452543499160161,0.0031482880728800266,50.07432224033596,52.147865295410156,ood_obstacle,OOD obstacle,balanced 0.5/3.0/0.75,Balanced,results/stage5_d/s5_010_parallel/ood_obstacle_balanced_g05_goal30_smooth075_50ep_seed123_cuda,0.6686927080154419,150,0.32656943798065186,0.3349711844569247,0.0032006120171919035,0.0031842346757416065,6.662459373474121,0.002980947494506836,-7,-0.09038352966308594,6.752477509680554e-05,0.00025193148196825735,-3.594660286157991e-05,43.41186286686184
s5_010_ood_obstacle_balanced_g05_goal30_smooth075_50ep,learned,25,148,results/stage5_d/s5_010_parallel/ood_obstacle_balanced_g05_goal30_smooth075_50ep_seed123_cuda/runs/s5_010_ood_obstacle_balanced_g05_goal30_smooth075_50ep_episode_0025_learned,True,False,0.6691702604293823,171,17.1,15.661449432373047,0.7575638294219971,0.3668845818273189,0.046448566019535065,0.032880544662475586,0.0031582664309160015,0.0035749833065694984,51.024124636287574,65.58561325073242,ood_obstacle,OOD obstacle,balanced 0.5/3.0/0.75,Balanced,results/stage5_d/s5_010_parallel/ood_obstacle_balanced_g05_goal30_smooth075_50ep_seed123_cuda,0.6913869976997375,177,0.6033589839935303,0.37407231683606723,0.0033442961678029166,0.003922317399723597,7.269898376895883,-0.022216737270355225,-6,0.1542048454284668,-0.007187735008748308,-0.00018602973688691508,-0.0003473340931540985,43.75422625939169
s5_010_ood_obstacle_balanced_g05_goal30_smooth075_50ep,learned,26,149,results/stage5_d/s5_010_parallel/ood_obstacle_balanced_g05_goal30_smooth075_50ep_seed123_cuda/runs/s5_010_ood_obstacle_balanced_g05_goal30_smooth075_50ep_episode_0026_learned,True,False,0.6932222247123718,95,9.5,8.22619915008545,6.307894229888916,0.32748392138666915,0.03551469370722771,0.017238419502973557,0.0036883269510699953,0.0032437801829062387,53.22456108896356,58.88843536376953,ood_obstacle,OOD obstacle,balanced 0.5/3.0/0.75,Balanced,results/stage5_d/s5_010_parallel/ood_obstacle_balanced_g05_goal30_smooth075_50ep_seed123_cuda,0.6917023062705994,100,6.510562419891357,0.31293421921110715,0.0032049583170376404,0.002755098841395331,5.097935199737549,0.001519918441772461,-5,-0.2026681900024414,0.014549702175562007,0.0004833686340323549,0.0004886813415109076,48.12662588922601
s5_010_ood_obstacle_balanced_g05_goal30_smooth075_50ep,learned,27,150,results/stage5_d/s5_010_parallel/ood_obstacle_balanced_g05_goal30_smooth075_50ep_seed123_cuda/runs/s5_010_ood_obstacle_balanced_g05_goal30_smooth075_50ep_episode_0027_learned,True,False,0.6983469724655151,177,17.7,16.964933395385742,1.85014808177948,0.34381633311234505,0.04308639094233513,0.027169054374098778,0.003441994219542501,0.004086791800156737,51.98788777583063,70.35541534423828,ood_obstacle,OOD obstacle,balanced 0.5/3.0/0.75,Balanced,results/stage5_d/s5_010_parallel/ood_obstacle_balanced_g05_goal30_smooth075_50ep_seed123_cuda,0.6794378161430359,189,0.9571459293365479,0.347619996515108,0.0034089401909748337,0.003377168778354497,6.382951030024776,0.018909156322479248,-12,0.8930021524429321,-0.003803663402762947,3.305402856766714e-05,0.0007096230218022401,45.60493674580585
s5_010_ood_obstacle_balanced_g05_goal30_smooth075_50ep,learned,28,151,results/stage5_d/s5_010_parallel/ood_obstacle_balanced_g05_goal30_smooth075_50ep_seed123_cuda/runs/s5_010_ood_obstacle_balanced_g05_goal30_smooth075_50ep_episode_0028_learned,True,False,0.6714159846305847,163,16.3,15.407902717590332,0.4804682731628418,0.4029478975940221,0.04137980565428734,0.02506948448717594,0.003227828827456978,0.0033636823960062094,51.20590274319327,60.76359748840332,ood_obstacle,OOD obstacle,balanced 0.5/3.0/0.75,Balanced,results/stage5_d/s5_010_parallel/ood_obstacle_balanced_g05_goal30_smooth075_50ep_seed123_cuda,0.6920360922813416,158,0.41736388206481934,0.4081575905919462,0.0032008681432482747,0.0032370129998987316,5.921415135830263,-0.020620107650756836,5,0.06310439109802246,-0.005209692997924065,2.6960684208703067e-05,0.0001266693961074778,45.284487607363005
s5_010_ood_obstacle_balanced_g05_goal30_smooth075_50ep,learned,29,152,results/stage5_d/s5_010_parallel/ood_obstacle_balanced_g05_goal30_smooth075_50ep_seed123_cuda/runs/s5_010_ood_obstacle_balanced_g05_goal30_smooth075_50ep_episode_0029_learned,True,False,0.6932170391082764,62,6.2,5.076037883758545,4.641020774841309,0.19649942492884998,0.02619788609445095,0.012065024115145206,0.003226512805187822,0.001658665107523632,52.545655158258256,62.142372131347656,ood_obstacle,OOD obstacle,balanced 0.5/3.0/0.75,Balanced,results/stage5_d/s5_010_parallel/ood_obstacle_balanced_g05_goal30_smooth075_50ep_seed123_cuda,0.6864922046661377,63,4.641020774841309,0.19443656208104734,0.0030088305913281627,0.0012587637045163018,5.003660444229368,0.006724834442138672,-1,0.0,0.0020628628478026323,0.00021768221385965944,0.00039990140300733023,47.54199471402889
s5_010_ood_obstacle_balanced_g05_goal30_smooth075_50ep,learned,30,153,results/stage5_d/s5_010_parallel/ood_obstacle_balanced_g05_goal30_smooth075_50ep_seed123_cuda/runs/s5_010_ood_obstacle_balanced_g05_goal30_smooth075_50ep_episode_0030_learned,True,False,0.6787844896316528,76,7.6000000000000005,6.3191447257995605,4.6202712059021,0.3661822955800935,0.0318191833794117,0.01705213263630867,0.0028095095875949935,0.001201625879366431,51.71975336576763,63.936710357666016,ood_obstacle,OOD obstacle,balanced 0.5/3.0/0.75,Balanced,results/stage5_d/s5_010_parallel/ood_obstacle_balanced_g05_goal30_smooth075_50ep_seed123_cuda,0.6833585500717163,82,4.592684745788574,0.35807458750922067,0.0026433291291361976,0.001480987712651946,5.945950019650343,-0.0045740604400634766,-6,0.02758646011352539,0.008107708070872854,0.0001661804584587958,-0.0002793618332855149,45.77380334611729
s5_010_ood_obstacle_balanced_g05_goal30_smooth075_50ep,learned,31,154,results/stage5_d/s5_010_parallel/ood_obstacle_balanced_g05_goal30_smooth075_50ep_seed123_cuda/runs/s5_010_ood_obstacle_balanced_g05_goal30_smooth075_50ep_episode_0031_learned,True,False,0.6928107142448425,96,9.600000000000001,8.11262321472168,4.670053005218506,0.3150462689810562,0.03615398705005646,0.01617543399333954,0.002910109989632263,0.0022865281490818527,50.40191859006882,53.359031677246094,ood_obstacle,OOD obstacle,balanced 0.5/3.0/0.75,Balanced,results/stage5_d/s5_010_parallel/ood_obstacle_balanced_g05_goal30_smooth075_50ep_seed123_cuda,0.6492008566856384,87,4.670053005218506,0.33497555781075206,0.003512219209449661,0.002302828977181437,6.223993739862552,0.0436098575592041,9,0.0,-0.019929288829695857,-0.0006021092198173982,-1.6300828099584472e-05,44.17792485020627
s5_010_ood_obstacle_balanced_g05_goal30_smooth075_50ep,learned,32,155,results/stage5_d/s5_010_parallel/ood_obstacle_balanced_g05_goal30_smooth075_50ep_seed123_cuda/runs/s5_010_ood_obstacle_balanced_g05_goal30_smooth075_50ep_episode_0032_learned,True,False,0.6914712190628052,125,12.5,10.392411231994629,2.897830009460449,0.36196661344114694,0.042881373316049576,0.03390905633568764,0.0031919461069804065,0.0024510553278836583,53.03129959106445,63.677072525024414,ood_obstacle,OOD obstacle,balanced 0.5/3.0/0.75,Balanced,results/stage5_d/s5_010_parallel/ood_obstacle_balanced_g05_goal30_smooth075_50ep_seed123_cuda,0.6639490127563477,124,3.053802967071533,0.3536119257534607,0.002986253445158401,0.0020950108333002027,5.201645435825471,0.02752220630645752,1,-0.15597295761108398,0.008354687687686269,0.00020569266182200556,0.0003560444945834556,47.829654155238984
s5_010_ood_obstacle_balanced_g05_goal30_smooth075_50ep,learned,33,156,results/stage5_d/s5_010_parallel/ood_obstacle_balanced_g05_goal30_smooth075_50ep_seed123_cuda/runs/s5_010_ood_obstacle_balanced_g05_goal30_smooth075_50ep_episode_0033_learned,True,False,0.6923184990882874,67,6.7,5.849189281463623,6.3127336502075195,0.273143968569226,0.028493089601397514,0.016864748671650887,0.003555959952217419,0.0013330602503186099,51.429421154420766,53.67112159729004,ood_obstacle,OOD obstacle,balanced 0.5/3.0/0.75,Balanced,results/stage5_d/s5_010_parallel/ood_obstacle_balanced_g05_goal30_smooth075_50ep_seed123_cuda,0.6814977526664734,65,6.42033052444458,0.27929730320838503,0.0035972382634028056,0.0015270619697611838,5.990123748779297,0.010820746421813965,2,-0.10759687423706055,-0.006153334639159014,-4.127831118538655e-05,-0.00019400171944257394,45.43929740564147
s5_010_ood_obstacle_balanced_g05_goal30_smooth075_50ep,learned,34,157,results/stage5_d/s5_010_parallel/ood_obstacle_balanced_g05_goal30_smooth075_50ep_seed123_cuda/runs/s5_010_ood_obstacle_balanced_g05_goal30_smooth075_50ep_episode_0034_learned,True,False,0.6853749752044678,131,13.100000000000001,11.204034805297852,3.6210570335388184,0.3550855600440225,0.034888654947280884,0.025318585336208344,0.003385546738905774,0.002725136232125742,51.76867419526777,55.068254470825195,ood_obstacle,OOD obstacle,balanced 0.5/3.0/0.75,Balanced,results/stage5_d/s5_010_parallel/ood_obstacle_balanced_g05_goal30_smooth075_50ep_seed123_cuda,0.6830971837043762,126,3.324812412261963,0.3617935591097396,0.003428672541202189,0.0027789693123132417,5.773095857529413,0.0022777915000915527,5,0.29624462127685547,-0.0067079990657171185,-4.312580229641526e-05,-5.383308018749953e-05,45.99557833773836
s5_010_ood_obstacle_balanced_g05_goal30_smooth075_50ep,learned,35,158,results/stage5_d/s5_010_parallel/ood_obstacle_balanced_g05_goal30_smooth075_50ep_seed123_cuda/runs/s5_010_ood_obstacle_balanced_g05_goal30_smooth075_50ep_episode_0035_learned,True,False,0.6601170897483826,149,14.9,13.379608154296875,0.7990940809249878,0.3695710344692839,0.04105757549405098,0.027849849313497543,0.0033529747103592496,0.002643589207639652,51.883419088069225,59.07034873962402,ood_obstacle,OOD obstacle,balanced 0.5/3.0/0.75,Balanced,results/stage5_d/s5_010_parallel/ood_obstacle_balanced_g05_goal30_smooth075_50ep_seed123_cuda,0.6843531131744385,149,0.6304317712783813,0.35861654948636945,0.002916977905963272,0.0034209130144303404,5.683030058073517,-0.024236023426055908,0,0.16866230964660645,0.010954484982914459,0.00043599680439597747,-0.0007773238067906884,46.200389029995705
s5_010_ood_obstacle_balanced_g05_goal30_smooth075_50ep,learned,36,159,results/stage5_d/s5_010_parallel/ood_obstacle_balanced_g05_goal30_smooth075_50ep_seed123_cuda/runs/s5_010_ood_obstacle_balanced_g05_goal30_smooth075_50ep_episode_0036_learned,True,False,0.6617475152015686,106,10.600000000000001,10.316117286682129,4.880678653717041,0.34042793927691706,0.03698204457759857,0.01913144253194332,0.003519690479784105,0.0024975584485869146,52.43203999861231,62.87884712219238,ood_obstacle,OOD obstacle,balanced 0.5/3.0/0.75,Balanced,results/stage5_d/s5_010_parallel/ood_obstacle_balanced_g05_goal30_smooth075_50ep_seed123_cuda,0.6779212355613708,97,4.727941989898682,0.3403462333413287,0.003075903593669367,0.0019965352860787456,6.184818818397129,-0.016173720359802246,9,0.15273666381835938,8.170593558837203e-05,0.00044378688611473784,0.000501023162508169,46.247221180215185
s5_010_ood_obstacle_balanced_g05_goal30_smooth075_50ep,learned,37,160,results/stage5_d/s5_010_parallel/ood_obstacle_balanced_g05_goal30_smooth075_50ep_seed123_cuda/runs/s5_010_ood_obstacle_balanced_g05_goal30_smooth075_50ep_episode_0037_learned,True,False,0.6767315864562988,114,11.4,9.97474479675293,3.967247486114502,0.32373527027875915,0.037322960793972015,0.02898354083299637,0.003163117429082223,0.002372681110019935,55.03818654177482,61.431884765625,ood_obstacle,OOD obstacle,balanced 0.5/3.0/0.75,Balanced,results/stage5_d/s5_010_parallel/ood_obstacle_balanced_g05_goal30_smooth075_50ep_seed123_cuda,0.6872981786727905,124,3.6844639778137207,0.32957488500624393,0.003213155159140473,0.0028321761164839614,6.100458483542165,-0.0105665922164917,-10,0.28278350830078125,-0.005839614727484788,-5.0037730058250136e-05,-0.00045949500646402623,48.93772805823266
s5_010_ood_obstacle_balanced_g05_goal30_smooth075_50ep,learned,38,161,results/stage5_d/s5_010_parallel/ood_obstacle_balanced_g05_goal30_smooth075_50ep_seed123_cuda/runs/s5_010_ood_obstacle_balanced_g05_goal30_smooth075_50ep_episode_0038_learned,True,False,0.6904944181442261,106,10.600000000000001,8.444252967834473,4.340905666351318,0.3369234280333468,0.03593525290489197,0.017401186749339104,0.0030363226677285367,0.002385554441830556,55.21010677769499,65.77897071838379,ood_obstacle,OOD obstacle,balanced 0.5/3.0/0.75,Balanced,results/stage5_d/s5_010_parallel/ood_obstacle_balanced_g05_goal30_smooth075_50ep_seed123_cuda,0.698621392250061,103,4.5559401512146,0.3341867123436334,0.0028093924809004123,0.0017182460434120713,5.45707489680318,-0.008126974105834961,3,-0.21503448486328125,0.002736715689713398,0.00022693018682812434,0.0006673083984184845,49.75303188089181
s5_010_ood_obstacle_balanced_g05_goal30_smooth075_50ep,learned,39,162,results/stage5_d/s5_010_parallel/ood_obstacle_balanced_g05_goal30_smooth075_50ep_seed123_cuda/runs/s5_010_ood_obstacle_balanced_g05_goal30_smooth075_50ep_episode_0039_learned,True,False,0.6921827793121338,174,17.400000000000002,14.538434028625488,0.2014392614364624,0.3592164983191453,0.04900619387626648,0.03436910733580589,0.0030061499286271475,0.003311281697479211,51.32461416310277,63.095808029174805,ood_obstacle,OOD obstacle,balanced 0.5/3.0/0.75,Balanced,results/stage5_d/s5_010_parallel/ood_obstacle_balanced_g05_goal30_smooth075_50ep_seed123_cuda,0.6935881972312927,186,0.16035842895507812,0.3577528305547676,0.0031354152672359837,0.003740768201498604,5.271916748375021,-0.0014054179191589355,-12,0.04108083248138428,0.0014636677643777296,-0.00012926533860883622,-0.00042948650401939325,46.05269741472775
s5_010_ood_obstacle_balanced_g05_goal30_smooth075_50ep,learned,40,163,results/stage5_d/s5_010_parallel/ood_obstacle_balanced_g05_goal30_smooth075_50ep_seed123_cuda/runs/s5_010_ood_obstacle_balanced_g05_goal30_smooth075_50ep_episode_0040_learned,True,False,0.6597539186477661,111,11.100000000000001,10.018997192382812,2.603832244873047,0.3210312761286136,0.035162102431058884,0.02335483953356743,0.0033637456079308116,0.002672946397759475,52.57966067339923,70.48964500427246,ood_obstacle,OOD obstacle,balanced 0.5/3.0/0.75,Balanced,results/stage5_d/s5_010_parallel/ood_obstacle_balanced_g05_goal30_smooth075_50ep_seed123_cuda,0.6937786936759949,114,2.1808605194091797,0.3291942781816225,0.0032958360325643175,0.002515412691629786,6.13252321879069,-0.03402477502822876,-3,0.4229717254638672,-0.008163002053008905,6.790957536649414e-05,0.00015753370612968907,46.447137454608544
s5_010_ood_obstacle_balanced_g05_goal30_smooth075_50ep,learned,41,164,results/stage5_d/s5_010_parallel/ood_obstacle_balanced_g05_goal30_smooth075_50ep_seed123_cuda/runs/s5_010_ood_obstacle_balanced_g05_goal30_smooth075_50ep_episode_0041_learned,True,False,0.6790708303451538,129,12.9,9.952030181884766,3.917849540710449,0.4042402678083578,0.05286717787384987,0.0408438965678215,0.002452662594043505,0.002154780457586065,54.96436680934226,78.05252075195312,ood_obstacle,OOD obstacle,balanced 0.5/3.0/0.75,Balanced,results/stage5_d/s5_010_parallel/ood_obstacle_balanced_g05_goal30_smooth075_50ep_seed123_cuda,0.6779672503471375,130,3.8697094917297363,0.4129914585223574,0.002617762556480894,0.002431550937678515,5.668297180762658,0.0011035799980163574,-1,0.04814004898071289,-0.008751190713999601,-0.00016509996243738905,-0.0002767704800924497,49.2960696285796
s5_010_ood_obstacle_balanced_g05_goal30_smooth075_50ep,learned,42,165,results/stage5_d/s5_010_parallel/ood_obstacle_balanced_g05_goal30_smooth075_50ep_seed123_cuda/runs/s5_010_ood_obstacle_balanced_g05_goal30_smooth075_50ep_episode_0042_learned,True,False,0.6624760627746582,160,16.0,16.037389755249023,3.5939106941223145,0.32967267250416626,0.039675794541835785,0.024827871471643448,0.0035307412633509517,0.003393991258734629,53.89185547828674,83.53853225708008,ood_obstacle,OOD obstacle,balanced 0.5/3.0/0.75,Balanced,results/stage5_d/s5_010_parallel/ood_obstacle_balanced_g05_goal30_smooth075_50ep_seed123_cuda,0.6567572951316833,157,3.162834644317627,0.325702096815481,0.00348288085095959,0.0031266338281239073,6.103462474361347,0.0057187676429748535,3,0.4310760498046875,0.003970575688685252,4.7860412391361774e-05,0.00026735743061072174,47.78839300392539
s5_010_ood_obstacle_balanced_g05_goal30_smooth075_50ep,learned,43,166,results/stage5_d/s5_010_parallel/ood_obstacle_balanced_g05_goal30_smooth075_50ep_seed123_cuda/runs/s5_010_ood_obstacle_balanced_g05_goal30_smooth075_50ep_episode_0043_learned,True,False,0.6924403309822083,193,19.3,17.619903564453125,0.18065273761749268,0.37700943586777247,0.04158954322338104,0.025566576048731804,0.004080836968761565,0.0037069079230573013,54.45020557067555,72.36504554748535,ood_obstacle,OOD obstacle,balanced 0.5/3.0/0.75,Balanced,results/stage5_d/s5_010_parallel/ood_obstacle_balanced_g05_goal30_smooth075_50ep_seed123_cuda,0.6776483654975891,172,0.20593702793121338,0.3636056798011766,0.003957354463415385,0.0035958820284315222,6.1410901158355005,0.01479196548461914,21,-0.025284290313720703,0.013403756066595884,0.0001234825053461801,0.00011102589462577911,48.30911545484005
s5_010_ood_obstacle_balanced_g05_goal30_smooth075_50ep,learned,44,167,results/stage5_d/s5_010_parallel/ood_obstacle_balanced_g05_goal30_smooth075_50ep_seed123_cuda/runs/s5_010_ood_obstacle_balanced_g05_goal30_smooth075_50ep_episode_0044_learned,True,False,0.6765871644020081,148,14.8,13.425732612609863,2.244140148162842,0.34711957708967855,0.03675719350576401,0.021984314545989037,0.003316378616928633,0.002792070300116703,54.279348334750615,85.74318885803223,ood_obstacle,OOD obstacle,balanced 0.5/3.0/0.75,Balanced,results/stage5_d/s5_010_parallel/ood_obstacle_balanced_g05_goal30_smooth075_50ep_seed123_cuda,0.6872423887252808,141,2.361898899078369,0.34190496724404,0.003242569176726095,0.002572994862170875,5.009351892674223,-0.010655224323272705,7,-0.11775875091552734,0.00521460984563854,7.380944020253825e-05,0.00021907543794582804,49.26999644207639
s5_010_ood_obstacle_balanced_g05_goal30_smooth075_50ep,learned,45,168,results/stage5_d/s5_010_parallel/ood_obstacle_balanced_g05_goal30_smooth075_50ep_seed123_cuda/runs/s5_010_ood_obstacle_balanced_g05_goal30_smooth075_50ep_episode_0045_learned,True,False,0.6621251702308655,69,6.9,5.751502990722656,5.152315139770508,0.23680916849483288,0.038571130484342575,0.018578538671135902,0.003050214115394153,0.0021845390712375494,53.43594412872757,56.91266059875488,ood_obstacle,OOD obstacle,balanced 0.5/3.0/0.75,Balanced,results/stage5_d/s5_010_parallel/ood_obstacle_balanced_g05_goal30_smooth075_50ep_seed123_cuda,0.6767841577529907,69,5.1912007331848145,0.2365714113916392,0.0024297748511895195,0.0015194998395742143,5.411911701810533,-0.014658987522125244,0,-0.03888559341430664,0.00023775710319368093,0.0006204392642046334,0.0006650392316633351,48.02403242691704
s5_010_ood_obstacle_balanced_g05_goal30_smooth075_50ep,learned,46,169,results/stage5_d/s5_010_parallel/ood_obstacle_balanced_g05_goal30_smooth075_50ep_seed123_cuda/runs/s5_010_ood_obstacle_balanced_g05_goal30_smooth075_50ep_episode_0046_learned,True,False,0.6768025755882263,119,11.9,11.754053115844727,2.5871381759643555,0.3566138340909858,0.03775123506784439,0.01924789510667324,0.0029925409816785684,0.0024581327838851105,53.30564194366711,66.0867691040039,ood_obstacle,OOD obstacle,balanced 0.5/3.0/0.75,Balanced,results/stage5_d/s5_010_parallel/ood_obstacle_balanced_g05_goal30_smooth075_50ep_seed123_cuda,0.6434137225151062,111,2.916658401489258,0.36795886350431956,0.003550998260328339,0.002885918260594551,5.655832118816204,0.03338885307312012,8,-0.32952022552490234,-0.011345029413333763,-0.0005584572786497704,-0.00042778547670944056,47.649809824850905
s5_010_ood_obstacle_balanced_g05_goal30_smooth075_50ep,learned,47,170,results/stage5_d/s5_010_parallel/ood_obstacle_balanced_g05_goal30_smooth075_50ep_seed123_cuda/runs/s5_010_ood_obstacle_balanced_g05_goal30_smooth075_50ep_episode_0047_learned,True,False,0.6902687549591064,186,18.6,17.2303409576416,0.8064929246902466,0.3628507683066756,0.04657791554927826,0.03074861317873001,0.0033698548167317363,0.004115366519353356,54.11667336699783,91.88985824584961,ood_obstacle,OOD obstacle,balanced 0.5/3.0/0.75,Balanced,results/stage5_d/s5_010_parallel/ood_obstacle_balanced_g05_goal30_smooth075_50ep_seed123_cuda,0.6657306551933289,197,0.8307268619537354,0.35928544537211554,0.003160113209473767,0.0037396257722133127,5.77372826900579,0.024538099765777588,-11,-0.02423393726348877,0.003565322934560078,0.00020974160725796944,0.00037574074714004325,48.34294509799204
s5_010_ood_obstacle_balanced_g05_goal30_smooth075_50ep,learned,48,171,results/stage5_d/s5_010_parallel/ood_obstacle_balanced_g05_goal30_smooth075_50ep_seed123_cuda/runs/s5_010_ood_obstacle_balanced_g05_goal30_smooth075_50ep_episode_0048_learned,True,False,0.6895291805267334,137,13.700000000000001,13.858430862426758,0.5344765186309814,0.4143629095292341,0.03651957958936691,0.02173086814582348,0.003642797537960368,0.003335343377214574,50.92253650191927,68.40014457702637,ood_obstacle,OOD obstacle,balanced 0.5/3.0/0.75,Balanced,results/stage5_d/s5_010_parallel/ood_obstacle_balanced_g05_goal30_smooth075_50ep_seed123_cuda,0.66216641664505,133,0.28078174591064453,0.4231292822203928,0.003749900233914509,0.0036679506481509905,4.853280863367525,0.02736276388168335,4,0.2536947727203369,-0.008766372691158708,-0.00010710269595414108,-0.0003326072709364165,46.069255638551745
s5_010_ood_obstacle_balanced_g05_goal30_smooth075_50ep,learned,49,172,results/stage5_d/s5_010_parallel/ood_obstacle_balanced_g05_goal30_smooth075_50ep_seed123_cuda/runs/s5_010_ood_obstacle_balanced_g05_goal30_smooth075_50ep_episode_0049_learned,True,False,0.6797686219215393,113,11.3,10.774620056152344,3.8528857231140137,0.33005572114325493,0.03448880836367607,0.020776480436325073,0.003336313196154092,0.003239714568681504,53.209783756627445,72.30162620544434,ood_obstacle,OOD obstacle,balanced 0.5/3.0/0.75,Balanced,results/stage5_d/s5_010_parallel/ood_obstacle_balanced_g05_goal30_smooth075_50ep_seed123_cuda,0.6754865646362305,115,3.925976276397705,0.3369861372303137,0.003153140191819872,0.0026799214190825573,4.833368633104407,0.004282057285308838,-2,-0.0730905532836914,-0.006930416087058744,0.00018317300433422007,0.0005597931495989468,48.37641512352304
s5_010_ood_terrain_default_g10_50ep,learned,0,123,results/stage5_d/s5_010_parallel/ood_terrain_default_g10_50ep_seed123_cuda/runs/s5_010_ood_terrain_default_g10_50ep_episode_0000_learned,True,False,0.6990802884101868,198,19.8,8.584365844726562,5.435825347900391,0.2938567963295623,0.029845358803868294,0.021748775616288185,0.0014089563555422558,0.0009579963669972875,56.210207216667406,255.07330894470215,ood_terrain,OOD terrain,default g1.0,Default learned,results/stage5_d/s5_010_parallel/ood_terrain_default_g10_50ep_seed123_cuda,0.6912273168563843,103,5.438689708709717,0.37199476521622693,0.002608536057740967,0.001867401100307809,6.629876720095144,0.00785297155380249,95,-0.002864360809326172,-0.07813796888666463,-0.001199579702198711,-0.0009094047333105215,49.58033049657226
s5_010_ood_terrain_default_g10_50ep,learned,1,124,results/stage5_d/s5_010_parallel/ood_terrain_default_g10_50ep_seed123_cuda/runs/s5_010_ood_terrain_default_g10_50ep_episode_0001_learned,True,False,0.6838945746421814,199,19.900000000000002,19.420000076293945,0.2121882438659668,0.42774309513531156,0.037099409848451614,0.023951463401317596,0.0036344149668151443,0.0024633836675813253,52.01878619553456,62.91699409484863,ood_terrain,OOD terrain,default g1.0,Default learned,results/stage5_d/s5_010_parallel/ood_terrain_default_g10_50ep_seed123_cuda,0.6988660097122192,213,1.0033371448516846,0.36878416871169956,0.003291504154976883,0.003123209827495318,6.750610512746891,-0.014971435070037842,-14,-0.7911489009857178,0.058958926423612,0.0003429108118382612,-0.0006598261599139927,45.26817568278767
s5_010_ood_terrain_default_g10_50ep,learned,2,125,results/stage5_d/s5_010_parallel/ood_terrain_default_g10_50ep_seed123_cuda/runs/s5_010_ood_terrain_default_g10_50ep_episode_0002_learned,True,False,0.6971904635429382,136,13.600000000000001,11.039000511169434,2.7238106727600098,0.33979052929057885,0.03697250038385391,0.02992260828614235,0.0028993751092333173,0.0019414471647470003,56.247902267119464,76.45583152770996,ood_terrain,OOD terrain,default g1.0,Default learned,results/stage5_d/s5_010_parallel/ood_terrain_default_g10_50ep_seed123_cuda,0.6888574957847595,130,2.505457878112793,0.36499104426764045,0.0029269648801651354,0.002442203498638798,7.304261280940129,0.008332967758178711,6,0.2183527946472168,-0.025200514977061605,-2.7589770931818122e-05,-0.0005007563338917979,48.94364098617933
s5_010_ood_terrain_default_g10_50ep,learned,3,126,results/stage5_d/s5_010_parallel/ood_terrain_default_g10_50ep_seed123_cuda/runs/s5_010_ood_terrain_default_g10_50ep_episode_0003_learned,True,False,0.6897294521331787,76,7.6000000000000005,5.377046585083008,6.049453258514404,0.23730586294110056,0.028682630509138107,0.014591705985367298,0.0025104937520402985,0.0008601082938348393,55.28561065071508,70.42932510375977,ood_terrain,OOD terrain,default g1.0,Default learned,results/stage5_d/s5_010_parallel/ood_terrain_default_g10_50ep_seed123_cuda,0.6868587732315063,62,5.872976779937744,0.24665845652400037,0.002990273263547201,0.0016451474218765138,7.408145935304703,0.0028706789016723633,14,0.17647647857666016,-0.009352593582899804,-0.00047977951150690243,-0.0007850391280416744,47.877464715410376
s5_010_ood_terrain_default_g10_50ep,learned,4,127,results/stage5_d/s5_010_parallel/ood_terrain_default_g10_50ep_seed123_cuda/runs/s5_010_ood_terrain_default_g10_50ep_episode_0004_learned,True,False,0.6774503588676453,120,12.0,9.0095853805542,3.9321866035461426,0.31263969943589476,0.047166235744953156,0.034036602824926376,0.0020440461255471034,0.0013216013437908282,55.33126791318258,70.51563262939453,ood_terrain,OOD terrain,default g1.0,Default learned,results/stage5_d/s5_010_parallel/ood_terrain_default_g10_50ep_seed123_cuda,0.6695688962936401,117,4.212652206420898,0.34030213719383745,0.0026353325442994586,0.0025326734325023244,6.172942300128121,0.007881462574005127,3,-0.28046560287475586,-0.027662437757942693,-0.0005912864187523552,-0.0012110720887114962,49.15832561305446
s5_010_ood_terrain_default_g10_50ep,learned,5,128,results/stage5_d/s5_010_parallel/ood_terrain_default_g10_50ep_seed123_cuda/runs/s5_010_ood_terrain_default_g10_50ep_episode_0005_learned,True,False,0.6905128359794617,123,12.3,10.982184410095215,4.337317943572998,0.31836577331849825,0.03886716440320015,0.02786998450756073,0.0027605662982187955,0.0020980834804637193,54.87485435920033,82.49378204345703,ood_terrain,OOD terrain,default g1.0,Default learned,results/stage5_d/s5_010_parallel/ood_terrain_default_g10_50ep_seed123_cuda,0.6980000138282776,132,4.54279899597168,0.33525252325965665,0.003295503942292071,0.0030245166250158946,5.896311817747174,-0.007487177848815918,-9,-0.20548105239868164,-0.016886749941158408,-0.0005349376440732757,-0.0009264331445521753,48.97854254145315
s5_010_ood_terrain_default_g10_50ep,learned,6,129,results/stage5_d/s5_010_parallel/ood_terrain_default_g10_50ep_seed123_cuda/runs/s5_010_ood_terrain_default_g10_50ep_episode_0006_learned,True,False,0.6774792671203613,347,34.7,19.454309463500977,0.20587730407714844,0.29798890352873575,0.03890533372759819,0.022722763940691948,0.003462109240469005,0.0038367302805340443,52.872120475219376,71.74324989318848,ood_terrain,OOD terrain,default g1.0,Default learned,results/stage5_d/s5_010_parallel/ood_terrain_default_g10_50ep_seed123_cuda,0.6936333775520325,227,0.19052958488464355,0.38468301724104037,0.0036406119824811496,0.0032892261125117605,5.052867965026048,-0.016154110431671143,120,0.015347719192504883,-0.08669411371230462,-0.00017850274201214452,0.0005475041680222839,47.81925251019333
s5_010_ood_terrain_default_g10_50ep,learned,7,130,results/stage5_d/s5_010_parallel/ood_terrain_default_g10_50ep_seed123_cuda/runs/s5_010_ood_terrain_default_g10_50ep_episode_0007_learned,True,False,0.692244827747345,106,10.600000000000001,9.121125221252441,5.1395344734191895,0.31853112826510416,0.030823154374957085,0.02478211559355259,0.00325559107273307,0.001405923759975287,55.364102687475814,78.1400203704834,ood_terrain,OOD terrain,default g1.0,Default learned,results/stage5_d/s5_010_parallel/ood_terrain_default_g10_50ep_seed123_cuda,0.6975409984588623,92,5.1395344734191895,0.32466782251367876,0.0036013067883703545,0.0021447443573931963,5.96736306729524,-0.005296170711517334,14,0.0,-0.0061366942485746034,-0.0003457157156372846,-0.0007388205974179093,49.396739620180576
s5_010_ood_terrain_default_g10_50ep,learned,8,131,results/stage5_d/s5_010_parallel/ood_terrain_default_g10_50ep_seed123_cuda/runs/s5_010_ood_terrain_default_g10_50ep_episode_0008_learned,True,False,0.6979331374168396,207,20.700000000000003,13.00356674194336,5.034700393676758,0.3279391560303795,0.042057447135448456,0.0328998826444149,0.001778210544856053,0.0014040227952961367,52.82607170694692,77.14390754699707,ood_terrain,OOD terrain,default g1.0,Default learned,results/stage5_d/s5_010_parallel/ood_terrain_default_g10_50ep_seed123_cuda,0.6888251900672913,156,5.4172844886779785,0.43501122174332135,0.0030290986150733517,0.0034991432315667546,5.4679161463028345,0.00910794734954834,51,-0.3825840950012207,-0.10707206571294187,-0.0012508880702172987,-0.002095120436270618,47.358155560644086
s5_010_ood_terrain_default_g10_50ep,learned,9,132,results/stage5_d/s5_010_parallel/ood_terrain_default_g10_50ep_seed123_cuda/runs/s5_010_ood_terrain_default_g10_50ep_episode_0009_learned,True,False,0.6868240833282471,161,16.1,15.719743728637695,0.20875394344329834,0.2998034958083894,0.04378689080476761,0.03131777420639992,0.003468206305310144,0.0023865464950386887,57.453031125275984,70.59359550476074,ood_terrain,OOD terrain,default g1.0,Default learned,results/stage5_d/s5_010_parallel/ood_terrain_default_g10_50ep_seed123_cuda,0.6589301824569702,179,0.22514331340789795,0.3400604965674168,0.003809290420070861,0.003780945484599501,5.094080663926109,0.027893900871276855,-18,-0.01638936996459961,-0.04025700075902744,-0.00034108411476071673,-0.0013943989895608125,52.35895046134988
s5_010_ood_terrain_default_g10_50ep,learned,10,133,results/stage5_d/s5_010_parallel/ood_terrain_default_g10_50ep_seed123_cuda/runs/s5_010_ood_terrain_default_g10_50ep_episode_0010_learned,True,False,0.6970453858375549,126,12.600000000000001,9.772435188293457,5.237615585327148,0.38740884793976815,0.04009990766644478,0.02694418467581272,0.0021152188456916177,0.0015973968714588067,53.65980996025933,71.37250900268555,ood_terrain,OOD terrain,default g1.0,Default learned,results/stage5_d/s5_010_parallel/ood_terrain_default_g10_50ep_seed123_cuda,0.6869566440582275,111,5.392648220062256,0.4138523622528541,0.0027629821314316258,0.0025156142899708327,5.799360103435345,0.010088741779327393,15,-0.15503263473510742,-0.026443514313085947,-0.000647763285740008,-0.0009182174185120261,47.86044985682398
s5_010_ood_terrain_default_g10_50ep,learned,11,134,results/stage5_d/s5_010_parallel/ood_terrain_default_g10_50ep_seed123_cuda/runs/s5_010_ood_terrain_default_g10_50ep_episode_0011_learned,True,False,0.6965110301971436,147,14.700000000000001,13.14539623260498,4.4649176597595215,0.39128996919548353,0.03503883257508278,0.02110949158668518,0.003225809676228267,0.0019929747300419798,54.12356707514549,73.57597351074219,ood_terrain,OOD terrain,default g1.0,Default learned,results/stage5_d/s5_010_parallel/ood_terrain_default_g10_50ep_seed123_cuda,0.6949215531349182,144,4.4649176597595215,0.3902673330019146,0.003369410786977477,0.002775154357662558,5.691101153691609,0.0015894770622253418,3,0.0,0.0010226361935689599,-0.00014360111074920986,-0.0007821796276205784,48.432465921453876
s5_010_ood_terrain_default_g10_50ep,learned,12,135,results/stage5_d/s5_010_parallel/ood_terrain_default_g10_50ep_seed123_cuda/runs/s5_010_ood_terrain_default_g10_50ep_episode_0012_learned,True,False,0.6902673244476318,202,20.200000000000003,18.671199798583984,0.21143054962158203,0.4189160673958762,0.045107822865247726,0.03103451430797577,0.00305697125854167,0.002535486771952925,52.415505494221605,70.2676773071289,ood_terrain,OOD terrain,default g1.0,Default learned,results/stage5_d/s5_010_parallel/ood_terrain_default_g10_50ep_seed123_cuda,0.690882682800293,214,0.15830755233764648,0.416366379486203,0.0034195654047317918,0.0031784340454232185,6.036761765168092,-0.0006153583526611328,-12,0.05312299728393555,0.0025496879096732483,-0.0003625941461901216,-0.0006429472734702933,46.37874372905351
s5_010_ood_terrain_default_g10_50ep,learned,13,136,results/stage5_d/s5_010_parallel/ood_terrain_default_g10_50ep_seed123_cuda/runs/s5_010_ood_terrain_default_g10_50ep_episode_0013_learned,True,False,0.6880335807800293,94,9.4,6.507164001464844,6.804360866546631,0.30924134114348484,0.03488391637802124,0.02190866693854332,0.002172146124327398,0.0006919109768652034,52.69100818228215,69.79775428771973,ood_terrain,OOD terrain,default g1.0,Default learned,results/stage5_d/s5_010_parallel/ood_terrain_default_g10_50ep_seed123_cuda,0.6622809767723083,77,6.804360866546631,0.3457340621966233,0.0030598087833489497,0.001975845885936918,5.496777497328721,0.025752604007720947,17,0.0,-0.036492721053138444,-0.0008876626590215517,-0.0012839349090717146,47.194230684953425
s5_010_ood_terrain_default_g10_50ep,learned,14,137,results/stage5_d/s5_010_parallel/ood_terrain_default_g10_50ep_seed123_cuda/runs/s5_010_ood_terrain_default_g10_50ep_episode_0014_learned,True,False,0.6965007185935974,138,13.8,10.786398887634277,4.513838768005371,0.34669592123089754,0.047077301889657974,0.03188864886760712,0.0024743125055204846,0.0017479496236686657,53.36693922678629,85.9975814819336,ood_terrain,OOD terrain,default g1.0,Default learned,results/stage5_d/s5_010_parallel/ood_terrain_default_g10_50ep_seed123_cuda,0.6831457614898682,129,4.356725215911865,0.35691859615558774,0.0025063737600093915,0.002697462946895536,5.629598632339359,0.013354957103729248,9,0.15711355209350586,-0.0102226749246902,-3.206125448890684e-05,-0.0009495133232268701,47.737340594446934
s5_010_ood_terrain_default_g10_50ep,learned,15,138,results/stage5_d/s5_010_parallel/ood_terrain_default_g10_50ep_seed123_cuda/runs/s5_010_ood_terrain_default_g10_50ep_episode_0015_learned,True,False,0.6760050058364868,145,14.5,12.849210739135742,5.8660197257995605,0.3115213674841176,0.041697632521390915,0.02688816376030445,0.0027835149343592735,0.00201099062702171,52.90798483223751,69.75030899047852,ood_terrain,OOD terrain,default g1.0,Default learned,results/stage5_d/s5_010_parallel/ood_terrain_default_g10_50ep_seed123_cuda,0.6761354804039001,153,5.691549777984619,0.3084210134699508,0.002962909032819946,0.002842792332920708,5.788073820226333,-0.00013047456741333008,-8,0.1744699478149414,0.0031003540141667507,-0.0001793940984606726,-0.0008318017058989982,47.11991101201118
s5_010_ood_terrain_default_g10_50ep,learned,16,139,results/stage5_d/s5_010_parallel/ood_terrain_default_g10_50ep_seed123_cuda/runs/s5_010_ood_terrain_default_g10_50ep_episode_0016_learned,True,False,0.693919837474823,91,9.1,6.761326313018799,4.57570219039917,0.3007478872041127,0.038802217692136765,0.024840097874403,0.002233492490328825,0.001092861081124132,50.138850788493734,51.02396011352539,ood_terrain,OOD terrain,default g1.0,Default learned,results/stage5_d/s5_010_parallel/ood_terrain_default_g10_50ep_seed123_cuda,0.6729075908660889,83,5.07538366317749,0.31314262496314504,0.0023413777386917154,0.0016969311993418807,6.615785231073219,0.02101224660873413,8,-0.4996814727783203,-0.012394737759032326,-0.00010788524836289042,-0.0006040701182177487,43.523065557420516
s5_010_ood_terrain_default_g10_50ep,learned,17,140,results/stage5_d/s5_010_parallel/ood_terrain_default_g10_50ep_seed123_cuda/runs/s5_010_ood_terrain_default_g10_50ep_episode_0017_learned,True,False,0.6843375563621521,194,19.400000000000002,15.81698226928711,0.2334688901901245,0.4533918988173852,0.054025113582611084,0.045880623161792755,0.0023589563508162794,0.0021945435866945985,52.43025981273848,72.32475280761719,ood_terrain,OOD terrain,default g1.0,Default learned,results/stage5_d/s5_010_parallel/ood_terrain_default_g10_50ep_seed123_cuda,0.6794809103012085,216,0.19862902164459229,0.448858486968513,0.002866694165648277,0.003259786343383772,5.126777622434828,0.0048566460609436035,-22,0.03483986854553223,0.004533411848872182,-0.0005077378148319977,-0.0010652427566891737,47.30348219030365
s5_010_ood_terrain_default_g10_50ep,learned,18,141,results/stage5_d/s5_010_parallel/ood_terrain_default_g10_50ep_seed123_cuda/runs/s5_010_ood_terrain_default_g10_50ep_episode_0018_learned,True,False,0.6964945197105408,119,11.9,10.635494232177734,4.59269380569458,0.3757634275356242,0.03790152445435524,0.03124317154288292,0.003129596189758244,0.0022638863802580942,51.32237803034422,69.37122344970703,ood_terrain,OOD terrain,default g1.0,Default learned,results/stage5_d/s5_010_parallel/ood_terrain_default_g10_50ep_seed123_cuda,0.6945480108261108,131,4.59269380569458,0.3927313505402652,0.0030934911002419513,0.002643149614696796,5.281925201416016,0.0019465088844299316,-12,0.0,-0.016967923004641006,3.6105089516292634e-05,-0.00037926323443870187,46.0404528289282
s5_010_ood_terrain_default_g10_50ep,learned,19,142,results/stage5_d/s5_010_parallel/ood_terrain_default_g10_50ep_seed123_cuda/runs/s5_010_ood_terrain_default_g10_50ep_episode_0019_learned,True,False,0.68824303150177,144,14.4,14.100701332092285,0.4231163263320923,0.3488279670571198,0.045099906623363495,0.03496966138482094,0.0033001962174017724,0.0026169352403763,56.14560345808665,97.64242172241211,ood_terrain,OOD terrain,default g1.0,Default learned,results/stage5_d/s5_010_parallel/ood_terrain_default_g10_50ep_seed123_cuda,0.6833301782608032,168,0.21003955602645874,0.366342533318883,0.0034765240010810688,0.003631566136349875,6.015534911836896,0.004912853240966797,-24,0.21307677030563354,-0.017514566261763176,-0.00017632778367929636,-0.0010146308959735752,50.13006854624975
s5_010_ood_terrain_default_g10_50ep,learned,20,143,results/stage5_d/s5_010_parallel/ood_terrain_default_g10_50ep_seed123_cuda/runs/s5_010_ood_terrain_default_g10_50ep_episode_0020_learned,True,False,0.6866492033004761,141,14.100000000000001,12.17326831817627,4.15505838394165,0.35837051095249534,0.04838795214891434,0.03776497021317482,0.0024430862951223937,0.002069191676760849,54.6361081143643,71.77257537841797,ood_terrain,OOD terrain,default g1.0,Default learned,results/stage5_d/s5_010_parallel/ood_terrain_default_g10_50ep_seed123_cuda,0.6933167576789856,143,4.2863569259643555,0.37366905993750643,0.0027710887956143865,0.0025510304668927833,5.431770444749953,-0.0066675543785095215,-2,-0.13129854202270508,-0.015298548985011096,-0.0003280025004919929,-0.00048183879013193433,49.20433766961435
s5_010_ood_terrain_default_g10_50ep,learned,21,144,results/stage5_d/s5_010_parallel/ood_terrain_default_g10_50ep_seed123_cuda/runs/s5_010_ood_terrain_default_g10_50ep_episode_0021_learned,True,False,0.6847699284553528,123,12.3,9.161306381225586,4.682530403137207,0.3908995175761225,0.04217205196619034,0.029055753722786903,0.0022528227863231145,0.001225343965270457,52.53333386366929,69.23937797546387,ood_terrain,OOD terrain,default g1.0,Default learned,results/stage5_d/s5_010_parallel/ood_terrain_default_g10_50ep_seed123_cuda,0.6858237385749817,113,4.442628383636475,0.4262976553159214,0.003018679606064147,0.002504402548894658,5.889749104997753,-0.0010538101196289062,10,0.23990201950073242,-0.035398137739798885,-0.0007658568197410325,-0.0012790585836242013,46.64358475867154
s5_010_ood_terrain_default_g10_50ep,learned,22,145,results/stage5_d/s5_010_parallel/ood_terrain_default_g10_50ep_seed123_cuda/runs/s5_010_ood_terrain_default_g10_50ep_episode_0022_learned,True,False,0.6800642013549805,190,19.0,18.119165420532227,0.21370291709899902,0.4219857901464964,0.03518783301115036,0.02146775834262371,0.003449888332186938,0.0022744638067332544,55.03124312350624,65.08159637451172,ood_terrain,OOD terrain,default g1.0,Default learned,results/stage5_d/s5_010_parallel/ood_terrain_default_g10_50ep_seed123_cuda,0.6995312571525574,168,0.25605177879333496,0.4250297603030915,0.0037515963365297384,0.0037043915848204616,5.351313522883824,-0.019467055797576904,22,-0.04234886169433594,-0.003043970156595077,-0.00030170800434280035,-0.0014299277780872072,49.67992960062242
s5_010_ood_terrain_default_g10_50ep,learned,23,146,results/stage5_d/s5_010_parallel/ood_terrain_default_g10_50ep_seed123_cuda/runs/s5_010_ood_terrain_default_g10_50ep_episode_0023_learned,True,False,0.6925157308578491,133,13.3,11.301640510559082,2.333688259124756,0.379390861873718,0.03378576412796974,0.028415877372026443,0.00319009226750804,0.0017876767464592106,55.11078619419184,65.60420989990234,ood_terrain,OOD terrain,default g1.0,Default learned,results/stage5_d/s5_010_parallel/ood_terrain_default_g10_50ep_seed123_cuda,0.6902281045913696,126,1.305861473083496,0.4210239031171013,0.0036118660257749595,0.0028073222492799557,5.635878396412683,0.002287626266479492,7,1.0278267860412598,-0.041633041243383295,-0.0004217737582669196,-0.0010196455028207451,49.47490779777915
s5_010_ood_terrain_default_g10_50ep,learned,24,147,results/stage5_d/s5_010_parallel/ood_terrain_default_g10_50ep_seed123_cuda/runs/s5_010_ood_terrain_default_g10_50ep_episode_0024_learned,True,False,0.6939621567726135,154,15.4,14.011983871459961,0.6159662008285522,0.39201014324200234,0.0407705120742321,0.02932514064013958,0.002754219058178455,0.0016114462207875947,54.3472720431043,62.76679039001465,ood_terrain,OOD terrain,default g1.0,Default learned,results/stage5_d/s5_010_parallel/ood_terrain_default_g10_50ep_seed123_cuda,0.6847191452980042,145,0.2036951184272766,0.3942148093049061,0.0029569029328817466,0.00310701467738787,6.402864127323546,0.009243011474609375,9,0.41227108240127563,-0.0022046660629037595,-0.0002026838747032915,-0.0014955684566002755,47.94440791578075
s5_010_ood_terrain_default_g10_50ep,learned,25,148,results/stage5_d/s5_010_parallel/ood_terrain_default_g10_50ep_seed123_cuda/runs/s5_010_ood_terrain_default_g10_50ep_episode_0025_learned,True,False,0.6936851739883423,183,18.3,15.873501777648926,0.2185267210006714,0.4336603125900188,0.0532551035284996,0.04276198893785477,0.0028431301131280015,0.0022583113970315112,55.652688761226464,65.47713279724121,ood_terrain,OOD terrain,default g1.0,Default learned,results/stage5_d/s5_010_parallel/ood_terrain_default_g10_50ep_seed123_cuda,0.6932765245437622,182,0.18744421005249023,0.4441125129889389,0.0030670945017648686,0.0037830020946086136,6.357677690275422,0.0004086494445800781,1,0.031082510948181152,-0.010452200398920086,-0.00022396438863686715,-0.0015246906975771024,49.29501107095104
s5_010_ood_terrain_default_g10_50ep,learned,26,149,results/stage5_d/s5_010_parallel/ood_terrain_default_g10_50ep_seed123_cuda/runs/s5_010_ood_terrain_default_g10_50ep_episode_0026_learned,True,False,0.6716712117195129,112,11.200000000000001,8.236324310302734,5.1634650230407715,0.34287617682358756,0.032834239304065704,0.019201228395104408,0.003095725676949477,0.0016817286208627904,55.68063471998487,62.23416328430176,ood_terrain,OOD terrain,default g1.0,Default learned,results/stage5_d/s5_010_parallel/ood_terrain_default_g10_50ep_seed123_cuda,0.6937029957771301,100,5.1634650230407715,0.34474174280854647,0.0033738888022777354,0.0023384714417895576,6.086244583129883,-0.022031784057617188,12,0.0,-0.0018655659849589057,-0.0002781631253282583,-0.0006567428209267672,49.59439013685499
s5_010_ood_terrain_default_g10_50ep,learned,27,150,results/stage5_d/s5_010_parallel/ood_terrain_default_g10_50ep_seed123_cuda/runs/s5_010_ood_terrain_default_g10_50ep_episode_0027_learned,True,False,0.6984787583351135,205,20.5,17.330974578857422,1.2403233051300049,0.3608916885120921,0.041693128645420074,0.028986431658267975,0.0026136510341274407,0.002523728805022971,56.77835650560333,99.58577156066895,ood_terrain,OOD terrain,default g1.0,Default learned,results/stage5_d/s5_010_parallel/ood_terrain_default_g10_50ep_seed123_cuda,0.6701014637947083,184,1.288984775543213,0.40403894032004095,0.003201362601936669,0.002833719168458605,5.600505548974742,0.028377294540405273,21,-0.04866147041320801,-0.04314725180794887,-0.0005877115678092283,-0.000309990363435634,51.17785095662858
s5_010_ood_terrain_default_g10_50ep,learned,28,151,results/stage5_d/s5_010_parallel/ood_terrain_default_g10_50ep_seed123_cuda/runs/s5_010_ood_terrain_default_g10_50ep_episode_0028_learned,True,False,0.6799811720848083,167,16.7,15.718132019042969,0.23715651035308838,0.4437785639097353,0.04234059154987335,0.027324771508574486,0.0029296582458380876,0.002007077213541727,54.13169204118009,115.2186393737793,ood_terrain,OOD terrain,default g1.0,Default learned,results/stage5_d/s5_010_parallel/ood_terrain_default_g10_50ep_seed123_cuda,0.6950429081916809,155,0.21263444423675537,0.4653825205982655,0.0033079284593652554,0.0031939568470086234,5.569648742675781,-0.015061736106872559,12,0.024522066116333008,-0.021603956688530213,-0.00037827021352716773,-0.0011868796334668962,48.56204329850431
s5_010_ood_terrain_default_g10_50ep,learned,29,152,results/stage5_d/s5_010_parallel/ood_terrain_default_g10_50ep_seed123_cuda/runs/s5_010_ood_terrain_default_g10_50ep_episode_0029_learned,True,False,0.6777035593986511,69,6.9,5.11890172958374,4.456417083740234,0.21430948405717232,0.023653928190469742,0.013972989283502102,0.0026798664535464195,0.0010659220130194323,51.14148319631383,62.92366981506348,ood_terrain,OOD terrain,default g1.0,Default learned,results/stage5_d/s5_010_parallel/ood_terrain_default_g10_50ep_seed123_cuda,0.6750970482826233,63,4.85609245300293,0.21725428074391354,0.0029963907423720343,0.00125624157141474,6.300127695477198,0.002606511116027832,6,-0.3996753692626953,-0.002944796686741219,-0.0003165242888256148,-0.00019031955839530763,44.84135550083663
s5_010_ood_terrain_default_g10_50ep,learned,30,153,results/stage5_d/s5_010_parallel/ood_terrain_default_g10_50ep_seed123_cuda/runs/s5_010_ood_terrain_default_g10_50ep_episode_0030_learned,True,False,0.6957867741584778,91,9.1,6.500988006591797,5.944199085235596,0.41078818663660105,0.031479932367801666,0.018901299685239792,0.0026924307822396346,0.0008287042636962727,53.888669380774864,64.65625762939453,ood_terrain,OOD terrain,default g1.0,Default learned,results/stage5_d/s5_010_parallel/ood_terrain_default_g10_50ep_seed123_cuda,0.6879571676254272,79,5.944199085235596,0.43871607318950834,0.002717794017733539,0.0011762960881933333,5.210278909417648,0.007829606533050537,12,0.0,-0.02792788655290729,-2.536323549390436e-05,-0.00034759182449706065,48.67839047135722
s5_010_ood_terrain_default_g10_50ep,learned,31,154,results/stage5_d/s5_010_parallel/ood_terrain_default_g10_50ep_seed123_cuda/runs/s5_010_ood_terrain_default_g10_50ep_episode_0031_learned,True,False,0.6989123821258545,302,30.200000000000003,8.793880462646484,4.725214004516602,0.2386085094052944,0.020898280665278435,0.014630197547376156,0.0010783665523378567,0.0006613164118480097,52.61896619733596,64.05353546142578,ood_terrain,OOD terrain,default g1.0,Default learned,results/stage5_d/s5_010_parallel/ood_terrain_default_g10_50ep_seed123_cuda,0.6843926310539246,84,5.399478435516357,0.3943919082321892,0.0032036863883170975,0.002093594528912339,4.804080440884545,0.014519751071929932,218,-0.6742644309997559,-0.15578339882689482,-0.0021253198359792408,-0.0014322781170643295,47.81488575645141
s5_010_ood_terrain_default_g10_50ep,learned,32,155,results/stage5_d/s5_010_parallel/ood_terrain_default_g10_50ep_seed123_cuda/runs/s5_010_ood_terrain_default_g10_50ep_episode_0032_learned,True,False,0.6930680274963379,125,12.5,10.373761177062988,4.507950305938721,0.336667202957836,0.03868631273508072,0.03264011815190315,0.0027217443285180573,0.001468174107438999,52.969459533691406,67.92330741882324,ood_terrain,OOD terrain,default g1.0,Default learned,results/stage5_d/s5_010_parallel/ood_terrain_default_g10_50ep_seed123_cuda,0.6608138680458069,123,4.799050807952881,0.35472283280308825,0.0031351797451565546,0.0024176563566215004,5.910501247499047,0.032254159450531006,2,-0.29110050201416016,-0.018055629845252275,-0.00041343541663849733,-0.0009494822491825014,47.05895828619236
s5_010_ood_terrain_default_g10_50ep,learned,33,156,results/stage5_d/s5_010_parallel/ood_terrain_default_g10_50ep_seed123_cuda/runs/s5_010_ood_terrain_default_g10_50ep_episode_0033_learned,True,False,0.6912212371826172,87,8.700000000000001,6.116223335266113,8.218615531921387,0.27750551022716996,0.024194346740841866,0.01873677968978882,0.0026201986988472503,0.0008447674142024838,55.496226782086254,70.00422477722168,ood_terrain,OOD terrain,default g1.0,Default learned,results/stage5_d/s5_010_parallel/ood_terrain_default_g10_50ep_seed123_cuda,0.6985933780670166,64,8.218615531921387,0.3007681408511417,0.0037886352371492176,0.0014881376229735465,4.7821179032325745,-0.007372140884399414,23,0.0,-0.023262630623971714,-0.0011684365383019674,-0.0006433702087710627,50.71410887885368
s5_010_ood_terrain_default_g10_50ep,learned,34,157,results/stage5_d/s5_010_parallel/ood_terrain_default_g10_50ep_seed123_cuda/runs/s5_010_ood_terrain_default_g10_50ep_episode_0034_learned,True,False,0.6986454725265503,296,29.6,11.853296279907227,3.065430164337158,0.24224003356962262,0.02018962986767292,0.01811896450817585,0.0015229909483045576,0.0008743245891548533,52.06552792239834,60.04929542541504,ood_terrain,OOD terrain,default g1.0,Default learned,results/stage5_d/s5_010_parallel/ood_terrain_default_g10_50ep_seed123_cuda,0.6977803111076355,128,2.9063353538513184,0.40011445283034847,0.0035514522611319634,0.0025620081058288784,5.881329998373985,0.0008651614189147949,168,0.15909481048583984,-0.15787441926072585,-0.002028461312827406,-0.0016876835166740251,46.18419792402435
s5_010_ood_terrain_default_g10_50ep,learned,35,158,results/stage5_d/s5_010_parallel/ood_terrain_default_g10_50ep_seed123_cuda/runs/s5_010_ood_terrain_default_g10_50ep_episode_0035_learned,True,False,0.6656606197357178,152,15.200000000000001,13.418853759765625,5.01958703994751,0.40616124488752503,0.041199009865522385,0.03019791468977928,0.0029968901087846314,0.002122866880739319,55.58679605785169,72.82638549804688,ood_terrain,OOD terrain,default g1.0,Default learned,results/stage5_d/s5_010_parallel/ood_terrain_default_g10_50ep_seed123_cuda,0.6982452869415283,154,5.01958703994751,0.4025273861424006,0.0030722002967432833,0.0028150856260566034,5.681206653644512,-0.03258466720581055,-2,0.0,0.003633858745124452,-7.531018795865199e-05,-0.0006922187453172845,49.90558940420718
s5_010_ood_terrain_default_g10_50ep,learned,36,159,results/stage5_d/s5_010_parallel/ood_terrain_default_g10_50ep_seed123_cuda/runs/s5_010_ood_terrain_default_g10_50ep_episode_0036_learned,True,False,0.6793326139450073,124,12.4,10.330964088439941,5.159890174865723,0.34833400065296205,0.036680035293102264,0.02226896956562996,0.0028564463983462287,0.0011366606382839726,52.887893492175685,58.5322380065918,ood_terrain,OOD terrain,default g1.0,Default learned,results/stage5_d/s5_010_parallel/ood_terrain_default_g10_50ep_seed123_cuda,0.6774553060531616,102,5.1993021965026855,0.35866576967967495,0.0030137259184845216,0.0016921036639173587,5.669451227375105,0.0018773078918457031,22,-0.03941202163696289,-0.0103317690267129,-0.00015727952013829287,-0.0005554430256333861,47.21844226480058
s5_010_ood_terrain_default_g10_50ep,learned,37,160,results/stage5_d/s5_010_parallel/ood_terrain_default_g10_50ep_seed123_cuda/runs/s5_010_ood_terrain_default_g10_50ep_episode_0037_learned,True,False,0.6842636466026306,118,11.8,10.13951301574707,3.385410785675049,0.3361836747661967,0.03855229541659355,0.03058721125125885,0.0031354952937005074,0.001810434590791922,52.12167764114121,67.06953048706055,ood_terrain,OOD terrain,default g1.0,Default learned,results/stage5_d/s5_010_parallel/ood_terrain_default_g10_50ep_seed123_cuda,0.691124439239502,127,2.69553279876709,0.3656454464989462,0.0031008347777997246,0.0025052603473267217,5.715353282417838,-0.006860792636871338,-9,0.689877986907959,-0.029461771732749498,3.466051590078276e-05,-0.0006948257565347997,46.406324358723374
s5_010_ood_terrain_default_g10_50ep,learned,38,161,results/stage5_d/s5_010_parallel/ood_terrain_default_g10_50ep_seed123_cuda/runs/s5_010_ood_terrain_default_g10_50ep_episode_0038_learned,True,False,0.699333667755127,246,24.6,9.146120071411133,4.555557727813721,0.24543363485004152,0.02449941821396351,0.01647062972187996,0.0013118896083304011,0.0008595113029889667,52.05870643863833,72.47471809387207,ood_terrain,OOD terrain,default g1.0,Default learned,results/stage5_d/s5_010_parallel/ood_terrain_default_g10_50ep_seed123_cuda,0.6918919682502747,100,5.056025505065918,0.3415196563883014,0.0029312299959169397,0.0022604659933404695,6.301174163818359,0.007441699504852295,146,-0.5004677772521973,-0.09608602153825987,-0.0016193403875865385,-0.0014009546903515028,45.75753227481997
s5_010_ood_terrain_default_g10_50ep,learned,39,162,results/stage5_d/s5_010_parallel/ood_terrain_default_g10_50ep_seed123_cuda/runs/s5_010_ood_terrain_default_g10_50ep_episode_0039_learned,True,False,0.6939060091972351,178,17.8,14.4756498336792,1.3550339937210083,0.40798872765682737,0.053981438279151917,0.04141315445303917,0.002433715361335537,0.0019747755009990914,52.43493331952041,62.11256980895996,ood_terrain,OOD terrain,default g1.0,Default learned,results/stage5_d/s5_010_parallel/ood_terrain_default_g10_50ep_seed123_cuda,0.6827477812767029,191,1.2236393690109253,0.4161944795077705,0.002812015863864249,0.0029265332230190566,5.412347653773443,0.011158227920532227,-13,0.131394624710083,-0.008205751850943133,-0.00037830050252871204,-0.0009517577220199652,47.022585665746966
s5_010_ood_terrain_default_g10_50ep,learned,40,163,results/stage5_d/s5_010_parallel/ood_terrain_default_g10_50ep_seed123_cuda/runs/s5_010_ood_terrain_default_g10_50ep_episode_0040_learned,True,False,0.6737782955169678,113,11.3,9.990137100219727,2.948180675506592,0.30291668510425573,0.033616673201322556,0.0237008947879076,0.0031624400902922583,0.0014876155151259589,50.4195036086361,53.55381965637207,ood_terrain,OOD terrain,default g1.0,Default learned,results/stage5_d/s5_010_parallel/ood_terrain_default_g10_50ep_seed123_cuda,0.6990237832069397,114,2.3783679008483887,0.31373318387333327,0.0032334299145613584,0.0019020199739478924,5.556654511836538,-0.025245487689971924,-1,0.5698127746582031,-0.010816498769077532,-7.098982426910006e-05,-0.0004144044588219335,44.862849096799565
s5_010_ood_terrain_default_g10_50ep,learned,41,164,results/stage5_d/s5_010_parallel/ood_terrain_default_g10_50ep_seed123_cuda/runs/s5_010_ood_terrain_default_g10_50ep_episode_0041_learned,True,False,0.69065922498703,133,13.3,9.951723098754883,4.783801555633545,0.4237755919052148,0.054952800273895264,0.0438685342669487,0.0018470556259277838,0.0015936320276579883,52.559503039023035,67.40903854370117,ood_terrain,OOD terrain,default g1.0,Default learned,results/stage5_d/s5_010_parallel/ood_terrain_default_g10_50ep_seed123_cuda,0.6659966707229614,142,4.915183067321777,0.4318780433848946,0.002174208947656351,0.0019952196361382457,5.591202789629009,0.024662554264068604,-9,-0.13138151168823242,-0.008102451479679806,-0.00032715332172856713,-0.0004015876084802574,46.96830024939403
s5_010_ood_terrain_default_g10_50ep,learned,42,165,results/stage5_d/s5_010_parallel/ood_terrain_default_g10_50ep_seed123_cuda/runs/s5_010_ood_terrain_default_g10_50ep_episode_0042_learned,True,False,0.6786595582962036,167,16.7,16.227020263671875,0.21306473016738892,0.3577424375472279,0.043832749128341675,0.03044714964926243,0.0031098455769377528,0.00247306753564034,50.984997949200476,55.011749267578125,ood_terrain,OOD terrain,default g1.0,Default learned,results/stage5_d/s5_010_parallel/ood_terrain_default_g10_50ep_seed123_cuda,0.6926804184913635,167,0.36759263277053833,0.36165425380561006,0.003603848526445579,0.003498029566929227,5.5796957301522445,-0.014020860195159912,0,-0.15452790260314941,-0.003911816258382161,-0.0004940029495078264,-0.0010249620312888868,45.40530221904823
s5_010_ood_terrain_default_g10_50ep,learned,43,166,results/stage5_d/s5_010_parallel/ood_terrain_default_g10_50ep_seed123_cuda/runs/s5_010_ood_terrain_default_g10_50ep_episode_0043_learned,True,False,0.6978650093078613,188,18.8,15.940027236938477,2.9730477333068848,0.3852804065622548,0.033583711832761765,0.021735716611146927,0.003084286339912671,0.0024834736412424107,54.020370574707684,77.12697982788086,ood_terrain,OOD terrain,default g1.0,Default learned,results/stage5_d/s5_010_parallel/ood_terrain_default_g10_50ep_seed123_cuda,0.6657609939575195,141,2.8398818969726562,0.4348003827146063,0.003635862428626941,0.0038840408385621803,6.038664080572467,0.0321040153503418,47,0.13316583633422852,-0.049519976152351486,-0.0005515760887142701,-0.0014005671973197696,47.98170649413522
s5_010_ood_terrain_default_g10_50ep,learned,44,167,results/stage5_d/s5_010_parallel/ood_terrain_default_g10_50ep_seed123_cuda/runs/s5_010_ood_terrain_default_g10_50ep_episode_0044_learned,True,False,0.6834283471107483,149,14.9,13.437662124633789,4.017271518707275,0.3987395137355659,0.037818193435668945,0.025479234755039215,0.003045215029031291,0.0018034819182270079,53.44174852307211,66.38145446777344,ood_terrain,OOD terrain,default g1.0,Default learned,results/stage5_d/s5_010_parallel/ood_terrain_default_g10_50ep_seed123_cuda,0.692226231098175,146,3.94389009475708,0.3874773999365709,0.00305298978403971,0.002489213341356659,4.9743293082877384,-0.008797883987426758,3,0.07338142395019531,0.011262113798995,-7.774755008419388e-06,-0.0006857314231296513,48.46741921478437
s5_010_ood_terrain_default_g10_50ep,learned,45,168,results/stage5_d/s5_010_parallel/ood_terrain_default_g10_50ep_seed123_cuda/runs/s5_010_ood_terrain_default_g10_50ep_episode_0045_learned,True,False,0.6838418841362,86,8.6,5.851794242858887,4.500235080718994,0.2505420493500762,0.03415021672844887,0.019431689754128456,0.0022574813152976144,0.0012915415216115664,51.66831404663796,60.599327087402344,ood_terrain,OOD terrain,default g1.0,Default learned,results/stage5_d/s5_010_parallel/ood_terrain_default_g10_50ep_seed123_cuda,0.6535773873329163,64,4.797844886779785,0.27056129535631046,0.0028061169455908443,0.0015312593232976429,5.502898246049881,0.03026449680328369,22,-0.297609806060791,-0.02001924600623428,-0.0005486356302932299,-0.00023971780168607643,46.16541580058808
s5_010_ood_terrain_default_g10_50ep,learned,46,169,results/stage5_d/s5_010_parallel/ood_terrain_default_g10_50ep_seed123_cuda/runs/s5_010_ood_terrain_default_g10_50ep_episode_0046_learned,True,False,0.6930385828018188,134,13.4,11.795829772949219,1.116439938545227,0.3686131721889816,0.03774309903383255,0.021380245685577393,0.003168283336612159,0.0017676512023341547,50.95630795208376,56.66637420654297,ood_terrain,OOD terrain,default g1.0,Default learned,results/stage5_d/s5_010_parallel/ood_terrain_default_g10_50ep_seed123_cuda,0.6767286658287048,118,1.0129660367965698,0.3673736527651057,0.0030131320175022214,0.002583520407163447,5.583864147380247,0.016309916973114014,16,0.10347390174865723,0.001239519423875901,0.00015515131910993777,-0.0008158692048292921,45.372443804703515
s5_010_ood_terrain_default_g10_50ep,learned,47,170,results/stage5_d/s5_010_parallel/ood_terrain_default_g10_50ep_seed123_cuda/runs/s5_010_ood_terrain_default_g10_50ep_episode_0047_learned,True,False,0.6916751861572266,195,19.5,17.387298583984375,2.7352428436279297,0.4102355857329586,0.04792061820626259,0.03402584791183472,0.0027103338439057874,0.002537643328503491,50.34426664694762,52.95586585998535,ood_terrain,OOD terrain,default g1.0,Default learned,results/stage5_d/s5_010_parallel/ood_terrain_default_g10_50ep_seed123_cuda,0.6811531782150269,201,3.466928005218506,0.4247385555222649,0.0032519711154296886,0.0035468595124569075,6.587780530179911,0.010522007942199707,-6,-0.7316851615905762,-0.01450296978930632,-0.0005416372715239012,-0.0010092161839534166,43.756486116767704
s5_010_ood_terrain_default_g10_50ep,learned,48,171,results/stage5_d/s5_010_parallel/ood_terrain_default_g10_50ep_seed123_cuda/runs/s5_010_ood_terrain_default_g10_50ep_episode_0048_learned,True,False,0.687696099281311,148,14.8,13.644238471984863,5.055644989013672,0.4270682376456239,0.03698452189564705,0.024863267317414284,0.00320964150931348,0.0016948718883609088,51.270594467987884,55.0379753112793,ood_terrain,OOD terrain,default g1.0,Default learned,results/stage5_d/s5_010_parallel/ood_terrain_default_g10_50ep_seed123_cuda,0.6939964294433594,125,5.04799747467041,0.47127287807082757,0.003432561791717835,0.0032243861213669288,5.466154098510742,-0.00630033016204834,23,0.007647514343261719,-0.04420464042520367,-0.00022292028240435526,-0.00152951423300602,45.80444036947714
s5_010_ood_terrain_default_g10_50ep,learned,49,172,results/stage5_d/s5_010_parallel/ood_terrain_default_g10_50ep_seed123_cuda/runs/s5_010_ood_terrain_default_g10_50ep_episode_0049_learned,True,False,0.6879763007164001,122,12.200000000000001,10.766160011291504,5.618462562561035,0.3860502795417396,0.036563027650117874,0.025035535916686058,0.0030913212093080914,0.0015678936196269054,51.346659660339355,55.304527282714844,ood_terrain,OOD terrain,default g1.0,Default learned,results/stage5_d/s5_010_parallel/ood_terrain_default_g10_50ep_seed123_cuda,0.6904634237289429,112,5.889573574066162,0.38275943630225295,0.002930751909091909,0.0027593908866201055,5.479589104652405,-0.0024871230125427246,10,-0.27111101150512695,0.0032908432394866405,0.00016056930021618237,-0.0011914972669932,45.86707055568695
s5_010_ood_terrain_current_efficiency_g05_goal35_smooth10_50ep,learned,0,123,results/stage5_d/s5_010_parallel/ood_terrain_current_efficiency_g05_goal35_smooth10_50ep_seed123_cuda/runs/s5_010_ood_terrain_current_efficiency_g05_goal35_smooth10_50ep_episode_0000_learned,True,False,0.6767306923866272,103,10.3,8.273585319519043,5.438689708709717,0.37595248889043525,0.045019835233688354,0.029983272776007652,0.0028012810410316343,0.0018993769397195872,55.16016830518408,250.96940994262695,ood_terrain,OOD terrain,current 0.5/3.5/1.0,Efficiency,results/stage5_d/s5_010_parallel/ood_terrain_current_efficiency_g05_goal35_smooth10_50ep_seed123_cuda,0.6912273168563843,103,5.438689708709717,0.37199476521622693,0.002608536057740967,0.001867401100307809,6.629876720095144,-0.01449662446975708,0,0.0,0.003957723674208324,0.00019274498329066754,3.197583941177821e-05,48.53029158508893
s5_010_ood_terrain_current_efficiency_g05_goal35_smooth10_50ep,learned,1,124,results/stage5_d/s5_010_parallel/ood_terrain_current_efficiency_g05_goal35_smooth10_50ep_seed123_cuda/runs/s5_010_ood_terrain_current_efficiency_g05_goal35_smooth10_50ep_episode_0001_learned,True,False,0.6897109150886536,172,17.2,19.509363174438477,0.4238109588623047,0.43217112054661877,0.03787095472216606,0.024272801354527473,0.003890375449509082,0.003686124417248312,51.61065279051315,68.9082145690918,ood_terrain,OOD terrain,current 0.5/3.5/1.0,Efficiency,results/stage5_d/s5_010_parallel/ood_terrain_current_efficiency_g05_goal35_smooth10_50ep_seed123_cuda,0.6988660097122192,213,1.0033371448516846,0.36878416871169956,0.003291504154976883,0.003123209827495318,6.750610512746891,-0.009155094623565674,-41,-0.5795261859893799,0.06338695183491921,0.0005988712945321989,0.0005629145897529941,44.86004227776626
s5_010_ood_terrain_current_efficiency_g05_goal35_smooth10_50ep,learned,2,125,results/stage5_d/s5_010_parallel/ood_terrain_current_efficiency_g05_goal35_smooth10_50ep_seed123_cuda/runs/s5_010_ood_terrain_current_efficiency_g05_goal35_smooth10_50ep_episode_0002_learned,True,False,0.6915740966796875,113,11.3,10.645861625671387,2.98750638961792,0.34925845702574393,0.04133934527635574,0.030770502984523773,0.0035242637912934797,0.002387792240911399,50.535237894649,62.19911575317383,ood_terrain,OOD terrain,current 0.5/3.5/1.0,Efficiency,results/stage5_d/s5_010_parallel/ood_terrain_current_efficiency_g05_goal35_smooth10_50ep_seed123_cuda,0.6888574957847595,130,2.505457878112793,0.36499104426764045,0.0029269648801651354,0.002442203498638798,7.304261280940129,0.0027166008949279785,-17,0.48204851150512695,-0.015732587241896523,0.0005972989111283442,-5.441125772739919e-05,43.23097661370887
s5_010_ood_terrain_current_efficiency_g05_goal35_smooth10_50ep,learned,3,126,results/stage5_d/s5_010_parallel/ood_terrain_current_efficiency_g05_goal35_smooth10_50ep_seed123_cuda/runs/s5_010_ood_terrain_current_efficiency_g05_goal35_smooth10_50ep_episode_0003_learned,True,False,0.6798925399780273,67,6.7,5.3284149169921875,5.96503210067749,0.24402890066634045,0.03187420591711998,0.015064556151628494,0.0031121457301000748,0.0015715080624995458,51.90650028968925,54.32295799255371,ood_terrain,OOD terrain,current 0.5/3.5/1.0,Efficiency,results/stage5_d/s5_010_parallel/ood_terrain_current_efficiency_g05_goal35_smooth10_50ep_seed123_cuda,0.6868587732315063,62,5.872976779937744,0.24665845652400037,0.002990273263547201,0.0016451474218765138,7.408145935304703,-0.006966233253479004,5,0.0920553207397461,-0.002629555857659921,0.00012187246655287389,-7.363935937696798e-05,44.498354354384546
s5_010_ood_terrain_current_efficiency_g05_goal35_smooth10_50ep,learned,4,127,results/stage5_d/s5_010_parallel/ood_terrain_current_efficiency_g05_goal35_smooth10_50ep_seed123_cuda/runs/s5_010_ood_terrain_current_efficiency_g05_goal35_smooth10_50ep_episode_0004_learned,True,False,0.680793046951294,112,11.200000000000001,8.926777839660645,4.277987957000732,0.3323569229182665,0.04985693842172623,0.03525061532855034,0.002649240820184606,0.002439792093968945,50.453584109033855,53.54475975036621,ood_terrain,OOD terrain,current 0.5/3.5/1.0,Efficiency,results/stage5_d/s5_010_parallel/ood_terrain_current_efficiency_g05_goal35_smooth10_50ep_seed123_cuda,0.6695688962936401,117,4.212652206420898,0.34030213719383745,0.0026353325442994586,0.0025326734325023244,6.172942300128121,0.011224150657653809,-5,0.06533575057983398,-0.007945214275570933,1.3908275885147602e-05,-9.288133853337923e-05,44.280641808905735
s5_010_ood_terrain_current_efficiency_g05_goal35_smooth10_50ep,learned,5,128,results/stage5_d/s5_010_parallel/ood_terrain_current_efficiency_g05_goal35_smooth10_50ep_seed123_cuda/runs/s5_010_ood_terrain_current_efficiency_g05_goal35_smooth10_50ep_episode_0005_learned,True,False,0.6852962374687195,118,11.8,10.964064598083496,4.631110191345215,0.33353298018090893,0.04110467806458473,0.02853561006486416,0.003446704607577356,0.0026936462185311416,52.76674941434698,63.33589553833008,ood_terrain,OOD terrain,current 0.5/3.5/1.0,Efficiency,results/stage5_d/s5_010_parallel/ood_terrain_current_efficiency_g05_goal35_smooth10_50ep_seed123_cuda,0.6980000138282776,132,4.54279899597168,0.33525252325965665,0.003295503942292071,0.0030245166250158946,5.896311817747174,-0.012703776359558105,-14,0.08831119537353516,-0.0017195430787477206,0.00015120066528528497,-0.000330870406484753,46.87043759659981
s5_010_ood_terrain_current_efficiency_g05_goal35_smooth10_50ep,learned,6,129,results/stage5_d/s5_010_parallel/ood_terrain_current_efficiency_g05_goal35_smooth10_50ep_seed123_cuda/runs/s5_010_ood_terrain_current_efficiency_g05_goal35_smooth10_50ep_episode_0006_learned,True,False,0.6726371645927429,194,19.400000000000002,19.027345657348633,0.20016765594482422,0.378806123668799,0.045686762779951096,0.033372920006513596,0.0039015954630645918,0.0037989745208679006,52.14857563530047,80.08861541748047,ood_terrain,OOD terrain,current 0.5/3.5/1.0,Efficiency,results/stage5_d/s5_010_parallel/ood_terrain_current_efficiency_g05_goal35_smooth10_50ep_seed123_cuda,0.6936333775520325,227,0.19052958488464355,0.38468301724104037,0.0036406119824811496,0.0032892261125117605,5.052867965026048,-0.02099621295928955,-33,0.009638071060180664,-0.0058768935722413596,0.0002609834805834422,0.0005097484083561401,47.09570767027442
s5_010_ood_terrain_current_efficiency_g05_goal35_smooth10_50ep,learned,7,130,results/stage5_d/s5_010_parallel/ood_terrain_current_efficiency_g05_goal35_smooth10_50ep_seed123_cuda/runs/s5_010_ood_terrain_current_efficiency_g05_goal35_smooth10_50ep_episode_0007_learned,True,False,0.680830180644989,94,9.4,9.148918151855469,5.1395344734191895,0.3214623427776462,0.03188234567642212,0.02634667046368122,0.003754171910760297,0.0025122810765776994,53.1986064099251,70.37186622619629,ood_terrain,OOD terrain,current 0.5/3.5/1.0,Efficiency,results/stage5_d/s5_010_parallel/ood_terrain_current_efficiency_g05_goal35_smooth10_50ep_seed123_cuda,0.6975409984588623,92,5.1395344734191895,0.32466782251367876,0.0036013067883703545,0.0021447443573931963,5.96736306729524,-0.01671081781387329,2,0.0,-0.0032054797360325793,0.00015286512238994266,0.0003675367191845031,47.23124334262986
s5_010_ood_terrain_current_efficiency_g05_goal35_smooth10_50ep,learned,8,131,results/stage5_d/s5_010_parallel/ood_terrain_current_efficiency_g05_goal35_smooth10_50ep_seed123_cuda/runs/s5_010_ood_terrain_current_efficiency_g05_goal35_smooth10_50ep_episode_0008_learned,True,False,0.6931962966918945,148,14.8,12.667472839355469,5.246313095092773,0.40685575733781715,0.0529322549700737,0.03999112918972969,0.0029652104980091515,0.002855588738594199,57.472697786382724,66.63680076599121,ood_terrain,OOD terrain,current 0.5/3.5/1.0,Efficiency,results/stage5_d/s5_010_parallel/ood_terrain_current_efficiency_g05_goal35_smooth10_50ep_seed123_cuda,0.6888251900672913,156,5.4172844886779785,0.43501122174332135,0.0030290986150733517,0.0034991432315667546,5.4679161463028345,0.0043711066246032715,-8,-0.17097139358520508,-0.028155464405504205,-6.388811706420014e-05,-0.0006435544929725557,52.00478164007989
s5_010_ood_terrain_current_efficiency_g05_goal35_smooth10_50ep,learned,9,132,results/stage5_d/s5_010_parallel/ood_terrain_current_efficiency_g05_goal35_smooth10_50ep_seed123_cuda/runs/s5_010_ood_terrain_current_efficiency_g05_goal35_smooth10_50ep_episode_0009_learned,True,False,0.673181414604187,153,15.3,15.923994064331055,0.22235500812530518,0.32977807980581086,0.04895157366991043,0.03539355844259262,0.00393781957805809,0.0037165006893026464,51.39139742633097,77.96001434326172,ood_terrain,OOD terrain,current 0.5/3.5/1.0,Efficiency,results/stage5_d/s5_010_parallel/ood_terrain_current_efficiency_g05_goal35_smooth10_50ep_seed123_cuda,0.6589301824569702,179,0.22514331340789795,0.3400604965674168,0.003809290420070861,0.003780945484599501,5.094080663926109,0.014251232147216797,-26,-0.0027883052825927734,-0.010282416761605961,0.00012852915798722882,-6.444479529685472e-05,46.29731676240486
s5_010_ood_terrain_current_efficiency_g05_goal35_smooth10_50ep,learned,10,133,results/stage5_d/s5_010_parallel/ood_terrain_current_efficiency_g05_goal35_smooth10_50ep_seed123_cuda/runs/s5_010_ood_terrain_current_efficiency_g05_goal35_smooth10_50ep_episode_0010_learned,True,False,0.6652786135673523,112,11.200000000000001,9.767993927001953,5.389712333679199,0.41395241761727963,0.04378929361701012,0.028572184965014458,0.0028162151563296107,0.002533364977624879,54.70823177269527,76.6904354095459,ood_terrain,OOD terrain,current 0.5/3.5/1.0,Efficiency,results/stage5_d/s5_010_parallel/ood_terrain_current_efficiency_g05_goal35_smooth10_50ep_seed123_cuda,0.6869566440582275,111,5.392648220062256,0.4138523622528541,0.0027629821314316258,0.0025156142899708327,5.799360103435345,-0.021678030490875244,1,-0.0029358863830566406,0.00010005536442553309,5.32330248979849e-05,1.775068765404609e-05,48.90887166925992
s5_010_ood_terrain_current_efficiency_g05_goal35_smooth10_50ep,learned,11,134,results/stage5_d/s5_010_parallel/ood_terrain_current_efficiency_g05_goal35_smooth10_50ep_seed123_cuda/runs/s5_010_ood_terrain_current_efficiency_g05_goal35_smooth10_50ep_episode_0011_learned,True,False,0.6953069567680359,133,13.3,13.1697998046875,4.4649176597595215,0.38609539461042036,0.03935785964131355,0.02521512471139431,0.0036985912656229314,0.003412631266685533,53.51549700686806,76.95126533508301,ood_terrain,OOD terrain,current 0.5/3.5/1.0,Efficiency,results/stage5_d/s5_010_parallel/ood_terrain_current_efficiency_g05_goal35_smooth10_50ep_seed123_cuda,0.6949215531349182,144,4.4649176597595215,0.3902673330019146,0.003369410786977477,0.002775154357662558,5.691101153691609,0.0003854036331176758,-11,0.0,-0.004171938391494212,0.00032918047864545453,0.000637476909022975,47.82439585317645
s5_010_ood_terrain_current_efficiency_g05_goal35_smooth10_50ep,learned,12,135,results/stage5_d/s5_010_parallel/ood_terrain_current_efficiency_g05_goal35_smooth10_50ep_seed123_cuda/runs/s5_010_ood_terrain_current_efficiency_g05_goal35_smooth10_50ep_episode_0012_learned,True,False,0.6787811517715454,200,20.0,19.182758331298828,0.14847254753112793,0.41012426009734926,0.04856663569808006,0.033642031252384186,0.0034750458772675537,0.003077017292945716,52.039068937301636,73.85611534118652,ood_terrain,OOD terrain,current 0.5/3.5/1.0,Efficiency,results/stage5_d/s5_010_parallel/ood_terrain_current_efficiency_g05_goal35_smooth10_50ep_seed123_cuda,0.690882682800293,214,0.15830755233764648,0.416366379486203,0.0034195654047317918,0.0031784340454232185,6.036761765168092,-0.012101531028747559,-14,-0.009835004806518555,-0.006242119388853717,5.5480472535761934e-05,-0.00010141675247750262,46.00230717213354
s5_010_ood_terrain_current_efficiency_g05_goal35_smooth10_50ep,learned,13,136,results/stage5_d/s5_010_parallel/ood_terrain_current_efficiency_g05_goal35_smooth10_50ep_seed123_cuda/runs/s5_010_ood_terrain_current_efficiency_g05_goal35_smooth10_50ep_episode_0013_learned,True,False,0.6993391513824463,75,7.5,6.455633640289307,6.802934169769287,0.34251741192303603,0.03814231976866722,0.023742010816931725,0.0029227685369817816,0.0013809087500170761,53.84661356608073,69.93961334228516,ood_terrain,OOD terrain,current 0.5/3.5/1.0,Efficiency,results/stage5_d/s5_010_parallel/ood_terrain_current_efficiency_g05_goal35_smooth10_50ep_seed123_cuda,0.6622809767723083,77,6.804360866546631,0.3457340621966233,0.0030598087833489497,0.001975845885936918,5.496777497328721,0.03705817461013794,-2,-0.00142669677734375,-0.0032166502735872515,-0.00013704024636716815,-0.0005949371359198418,48.349836068752005
s5_010_ood_terrain_current_efficiency_g05_goal35_smooth10_50ep,learned,14,137,results/stage5_d/s5_010_parallel/ood_terrain_current_efficiency_g05_goal35_smooth10_50ep_seed123_cuda/runs/s5_010_ood_terrain_current_efficiency_g05_goal35_smooth10_50ep_episode_0014_learned,True,False,0.6614460945129395,122,12.200000000000001,10.823744773864746,4.533112049102783,0.3634866565749094,0.05049954727292061,0.03399531915783882,0.003047586632680328,0.002628518426928747,51.28788948059082,61.530113220214844,ood_terrain,OOD terrain,current 0.5/3.5/1.0,Efficiency,results/stage5_d/s5_010_parallel/ood_terrain_current_efficiency_g05_goal35_smooth10_50ep_seed123_cuda,0.6831457614898682,129,4.356725215911865,0.35691859615558774,0.0025063737600093915,0.002697462946895536,5.629598632339359,-0.02169966697692871,-7,0.17638683319091797,0.006568060419321675,0.0005412128726709365,-6.894451996678885e-05,45.65829084825146
s5_010_ood_terrain_current_efficiency_g05_goal35_smooth10_50ep,learned,15,138,results/stage5_d/s5_010_parallel/ood_terrain_current_efficiency_g05_goal35_smooth10_50ep_seed123_cuda/runs/s5_010_ood_terrain_current_efficiency_g05_goal35_smooth10_50ep_episode_0015_learned,True,False,0.68134605884552,135,13.5,12.74537181854248,5.602327823638916,0.31139692254588697,0.0434645414352417,0.026738423854112625,0.003394518363603556,0.003167416485180038,53.17113311202438,69.98825073242188,ood_terrain,OOD terrain,current 0.5/3.5/1.0,Efficiency,results/stage5_d/s5_010_parallel/ood_terrain_current_efficiency_g05_goal35_smooth10_50ep_seed123_cuda,0.6761354804039001,153,5.691549777984619,0.3084210134699508,0.002962909032819946,0.002842792332920708,5.788073820226333,0.005210578441619873,-18,-0.08922195434570312,0.002975909075936145,0.00043160933078361004,0.00032462415225932963,47.38305929179805
s5_010_ood_terrain_current_efficiency_g05_goal35_smooth10_50ep,learned,16,139,results/stage5_d/s5_010_parallel/ood_terrain_current_efficiency_g05_goal35_smooth10_50ep_seed123_cuda/runs/s5_010_ood_terrain_current_efficiency_g05_goal35_smooth10_50ep_episode_0016_learned,True,False,0.6844054460525513,84,8.4,6.549181938171387,4.845154285430908,0.31391187291481487,0.041392721235752106,0.026066211983561516,0.002780889564712429,0.002052659874215536,53.228043374561125,72.52645492553711,ood_terrain,OOD terrain,current 0.5/3.5/1.0,Efficiency,results/stage5_d/s5_010_parallel/ood_terrain_current_efficiency_g05_goal35_smooth10_50ep_seed123_cuda,0.6729075908660889,83,5.07538366317749,0.31314262496314504,0.0023413777386917154,0.0016969311993418807,6.615785231073219,0.011497855186462402,1,-0.23022937774658203,0.000769247951669827,0.0004395118260207137,0.00035572867487365526,46.61225814348791
s5_010_ood_terrain_current_efficiency_g05_goal35_smooth10_50ep,learned,17,140,results/stage5_d/s5_010_parallel/ood_terrain_current_efficiency_g05_goal35_smooth10_50ep_seed123_cuda/runs/s5_010_ood_terrain_current_efficiency_g05_goal35_smooth10_50ep_episode_0017_learned,True,False,0.6774840354919434,214,21.400000000000002,15.639642715454102,0.2037508487701416,0.4664825930309625,0.05481390282511711,0.04554392024874687,0.00303774601486402,0.0035856666028971414,52.4337826488174,74.76615905761719,ood_terrain,OOD terrain,current 0.5/3.5/1.0,Efficiency,results/stage5_d/s5_010_parallel/ood_terrain_current_efficiency_g05_goal35_smooth10_50ep_seed123_cuda,0.6794809103012085,216,0.19862902164459229,0.448858486968513,0.002866694165648277,0.003259786343383772,5.126777622434828,-0.0019968748092651367,-2,0.005121827125549316,0.01762410606244952,0.00017105184921574305,0.0003258802595133693,47.30700502638257
s5_010_ood_terrain_current_efficiency_g05_goal35_smooth10_50ep,learned,18,141,results/stage5_d/s5_010_parallel/ood_terrain_current_efficiency_g05_goal35_smooth10_50ep_seed123_cuda/runs/s5_010_ood_terrain_current_efficiency_g05_goal35_smooth10_50ep_episode_0018_learned,True,False,0.6612913608551025,113,11.3,10.719443321228027,4.59269380569458,0.3975068543918135,0.044579096138477325,0.034821443259716034,0.003679908902166801,0.002676595496489446,52.251469772473904,71.13504409790039,ood_terrain,OOD terrain,current 0.5/3.5/1.0,Efficiency,results/stage5_d/s5_010_parallel/ood_terrain_current_efficiency_g05_goal35_smooth10_50ep_seed123_cuda,0.6945480108261108,131,4.59269380569458,0.3927313505402652,0.0030934911002419513,0.002643149614696796,5.281925201416016,-0.0332566499710083,-18,0.0,0.004775503851548291,0.0005864178019248495,3.344588179264975e-05,46.96954457105789
s5_010_ood_terrain_current_efficiency_g05_goal35_smooth10_50ep,learned,19,142,results/stage5_d/s5_010_parallel/ood_terrain_current_efficiency_g05_goal35_smooth10_50ep_seed123_cuda/runs/s5_010_ood_terrain_current_efficiency_g05_goal35_smooth10_50ep_episode_0019_learned,True,False,0.6423714756965637,141,14.100000000000001,14.152822494506836,0.4607638120651245,0.3614944664922218,0.04593419283628464,0.03553777188062668,0.0037575806056077965,0.0034164860355137324,50.65792672177579,55.70244789123535,ood_terrain,OOD terrain,current 0.5/3.5/1.0,Efficiency,results/stage5_d/s5_010_parallel/ood_terrain_current_efficiency_g05_goal35_smooth10_50ep_seed123_cuda,0.6833301782608032,168,0.21003955602645874,0.366342533318883,0.0034765240010810688,0.003631566136349875,6.015534911836896,-0.0409587025642395,-27,0.25072425603866577,-0.004848066826661224,0.00028105660452672774,-0.0002150801008361427,44.64239180993889
s5_010_ood_terrain_current_efficiency_g05_goal35_smooth10_50ep,learned,20,143,results/stage5_d/s5_010_parallel/ood_terrain_current_efficiency_g05_goal35_smooth10_50ep_seed123_cuda/runs/s5_010_ood_terrain_current_efficiency_g05_goal35_smooth10_50ep_episode_0020_learned,True,False,0.6999270915985107,143,14.3,12.044073104858398,4.344806671142578,0.37981975706518006,0.04968876764178276,0.036778490990400314,0.0032002796514224905,0.0033371907132973156,52.290277881222174,70.45841217041016,ood_terrain,OOD terrain,current 0.5/3.5/1.0,Efficiency,results/stage5_d/s5_010_parallel/ood_terrain_current_efficiency_g05_goal35_smooth10_50ep_seed123_cuda,0.6933167576789856,143,4.2863569259643555,0.37366905993750643,0.0027710887956143865,0.0025510304668927833,5.431770444749953,0.0066103339195251465,0,0.058449745178222656,0.006150697127673632,0.00042919085580810394,0.0007861602464045324,46.85850743647222
s5_010_ood_terrain_current_efficiency_g05_goal35_smooth10_50ep,learned,21,144,results/stage5_d/s5_010_parallel/ood_terrain_current_efficiency_g05_goal35_smooth10_50ep_seed123_cuda/runs/s5_010_ood_terrain_current_efficiency_g05_goal35_smooth10_50ep_episode_0021_learned,True,False,0.6604673862457275,110,11.0,9.088494300842285,4.75968074798584,0.4195976861274473,0.04641697555780411,0.031293075531721115,0.002971147119494811,0.002407162022068593,53.721900419755414,70.51753997802734,ood_terrain,OOD terrain,current 0.5/3.5/1.0,Efficiency,results/stage5_d/s5_010_parallel/ood_terrain_current_efficiency_g05_goal35_smooth10_50ep_seed123_cuda,0.6858237385749817,113,4.442628383636475,0.4262976553159214,0.003018679606064147,0.002504402548894658,5.889749104997753,-0.02535635232925415,-3,0.31705236434936523,-0.0066999691884740975,-4.753248656933591e-05,-9.724052682606515e-05,47.83215131475766
s5_010_ood_terrain_current_efficiency_g05_goal35_smooth10_50ep,learned,22,145,results/stage5_d/s5_010_parallel/ood_terrain_current_efficiency_g05_goal35_smooth10_50ep_seed123_cuda/runs/s5_010_ood_terrain_current_efficiency_g05_goal35_smooth10_50ep_episode_0022_learned,True,False,0.6909000277519226,173,17.3,18.743192672729492,0.22051119804382324,0.43037967126890697,0.0380464605987072,0.020821405574679375,0.004230622443513616,0.0034386976081744155,53.8810043665715,62.479496002197266,ood_terrain,OOD terrain,current 0.5/3.5/1.0,Efficiency,results/stage5_d/s5_010_parallel/ood_terrain_current_efficiency_g05_goal35_smooth10_50ep_seed123_cuda,0.6995312571525574,168,0.25605177879333496,0.4250297603030915,0.0037515963365297384,0.0037043915848204616,5.351313522883824,-0.008631229400634766,5,-0.03554058074951172,0.005349910965815496,0.00047902610698387794,-0.00026569397664604616,48.52969084368768
s5_010_ood_terrain_current_efficiency_g05_goal35_smooth10_50ep,learned,23,146,results/stage5_d/s5_010_parallel/ood_terrain_current_efficiency_g05_goal35_smooth10_50ep_seed123_cuda/runs/s5_010_ood_terrain_current_efficiency_g05_goal35_smooth10_50ep_episode_0023_learned,True,False,0.6756617426872253,120,12.0,11.312049865722656,1.6645807027816772,0.4197168452389694,0.03983790799975395,0.03428076207637787,0.0037654096881804696,0.0030255712318412406,55.29794295628866,63.448429107666016,ood_terrain,OOD terrain,current 0.5/3.5/1.0,Efficiency,results/stage5_d/s5_010_parallel/ood_terrain_current_efficiency_g05_goal35_smooth10_50ep_seed123_cuda,0.6902281045913696,126,1.305861473083496,0.4210239031171013,0.0036118660257749595,0.0028073222492799557,5.635878396412683,-0.014566361904144287,-6,0.35871922969818115,-0.0013070578781319009,0.00015354366240551013,0.00021824898256128482,49.66206455987597
s5_010_ood_terrain_current_efficiency_g05_goal35_smooth10_50ep,learned,24,147,results/stage5_d/s5_010_parallel/ood_terrain_current_efficiency_g05_goal35_smooth10_50ep_seed123_cuda/runs/s5_010_ood_terrain_current_efficiency_g05_goal35_smooth10_50ep_episode_0024_learned,True,False,0.67041015625,144,14.4,13.895674705505371,0.4337354898452759,0.4035237870740174,0.042043644934892654,0.030186854302883148,0.0034472484128706083,0.002532917757059487,52.57467263274722,59.17835235595703,ood_terrain,OOD terrain,current 0.5/3.5/1.0,Efficiency,results/stage5_d/s5_010_parallel/ood_terrain_current_efficiency_g05_goal35_smooth10_50ep_seed123_cuda,0.6847191452980042,145,0.2036951184272766,0.3942148093049061,0.0029569029328817466,0.00310701467738787,6.402864127323546,-0.01430898904800415,-1,0.23004037141799927,0.009308977769111326,0.0004903454799888617,-0.000574096920328383,46.17180850542368
s5_010_ood_terrain_current_efficiency_g05_goal35_smooth10_50ep,learned,25,148,results/stage5_d/s5_010_parallel/ood_terrain_current_efficiency_g05_goal35_smooth10_50ep_seed123_cuda/runs/s5_010_ood_terrain_current_efficiency_g05_goal35_smooth10_50ep_episode_0025_learned,True,False,0.6660770773887634,186,18.6,15.77960205078125,0.19987738132476807,0.4397694697064066,0.05257973447442055,0.04163043573498726,0.002938352986907435,0.003404668509151614,53.7181156937794,69.71430778503418,ood_terrain,OOD terrain,current 0.5/3.5/1.0,Efficiency,results/stage5_d/s5_010_parallel/ood_terrain_current_efficiency_g05_goal35_smooth10_50ep_seed123_cuda,0.6932765245437622,182,0.18744421005249023,0.4441125129889389,0.0030670945017648686,0.0037830020946086136,6.357677690275422,-0.02719944715499878,4,0.012433171272277832,-0.004343043282532266,-0.00012874151485743352,-0.0003783335854569995,47.36043800350398
s5_010_ood_terrain_current_efficiency_g05_goal35_smooth10_50ep,learned,26,149,results/stage5_d/s5_010_parallel/ood_terrain_current_efficiency_g05_goal35_smooth10_50ep_seed123_cuda/runs/s5_010_ood_terrain_current_efficiency_g05_goal35_smooth10_50ep_episode_0026_learned,True,False,0.6896795034408569,93,9.3,8.354509353637695,5.1634650230407715,0.35174303281969677,0.035506464540958405,0.020457252860069275,0.003647251824269734,0.002614902443396566,55.29254739002515,66.44964218139648,ood_terrain,OOD terrain,current 0.5/3.5/1.0,Efficiency,results/stage5_d/s5_010_parallel/ood_terrain_current_efficiency_g05_goal35_smooth10_50ep_seed123_cuda,0.6937029957771301,100,5.1634650230407715,0.34474174280854647,0.0033738888022777354,0.0023384714417895576,6.086244583129883,-0.004023492336273193,-7,0.0,0.007001290011150296,0.0002733630219919985,0.0002764310016070085,49.206302806895266
s5_010_ood_terrain_current_efficiency_g05_goal35_smooth10_50ep,learned,27,150,results/stage5_d/s5_010_parallel/ood_terrain_current_efficiency_g05_goal35_smooth10_50ep_seed123_cuda/runs/s5_010_ood_terrain_current_efficiency_g05_goal35_smooth10_50ep_episode_0027_learned,True,False,0.6903167963027954,173,17.3,16.93341827392578,1.5022715330123901,0.40484595416895003,0.047568634152412415,0.03197949007153511,0.003628146260511999,0.003946265399646956,53.51769993070922,59.0362548828125,ood_terrain,OOD terrain,current 0.5/3.5/1.0,Efficiency,results/stage5_d/s5_010_parallel/ood_terrain_current_efficiency_g05_goal35_smooth10_50ep_seed123_cuda,0.6701014637947083,184,1.288984775543213,0.40403894032004095,0.003201362601936669,0.002833719168458605,5.600505548974742,0.020215332508087158,-11,0.21328675746917725,0.0008070138489090772,0.00042678365857533014,0.0011125462311883513,47.917194381734475
s5_010_ood_terrain_current_efficiency_g05_goal35_smooth10_50ep,learned,28,151,results/stage5_d/s5_010_parallel/ood_terrain_current_efficiency_g05_goal35_smooth10_50ep_seed123_cuda/runs/s5_010_ood_terrain_current_efficiency_g05_goal35_smooth10_50ep_episode_0028_learned,True,False,0.6877723336219788,151,15.100000000000001,15.672904014587402,0.20548689365386963,0.46994232156833204,0.045088112354278564,0.028789283707737923,0.003631443010479476,0.004106576497779012,91.3351040012789,169.02875900268555,ood_terrain,OOD terrain,current 0.5/3.5/1.0,Efficiency,results/stage5_d/s5_010_parallel/ood_terrain_current_efficiency_g05_goal35_smooth10_50ep_seed123_cuda,0.6950429081916809,155,0.21263444423675537,0.4653825205982655,0.0033079284593652554,0.0031939568470086234,5.569648742675781,-0.0072705745697021484,-4,-0.007147550582885742,0.00455980097006653,0.00032351455111422067,0.0009126196507703889,85.76545525860313
s5_010_ood_terrain_current_efficiency_g05_goal35_smooth10_50ep,learned,29,152,results/stage5_d/s5_010_parallel/ood_terrain_current_efficiency_g05_goal35_smooth10_50ep_seed123_cuda/runs/s5_010_ood_terrain_current_efficiency_g05_goal35_smooth10_50ep_episode_0029_learned,True,False,0.6960064768791199,59,5.9,5.069794654846191,4.624989986419678,0.22339572848000372,0.026754392310976982,0.014470372349023819,0.003366894470668944,0.0010788800771501066,53.98766469147246,71.10905647277832,ood_terrain,OOD terrain,current 0.5/3.5/1.0,Efficiency,results/stage5_d/s5_010_parallel/ood_terrain_current_efficiency_g05_goal35_smooth10_50ep_seed123_cuda,0.6750970482826233,63,4.85609245300293,0.21725428074391354,0.0029963907423720343,0.00125624157141474,6.300127695477198,0.020909428596496582,-4,-0.23110246658325195,0.006141447736090183,0.00037050372829690965,-0.00017736149426463336,47.68753699599526
s5_010_ood_terrain_current_efficiency_g05_goal35_smooth10_50ep,learned,30,153,results/stage5_d/s5_010_parallel/ood_terrain_current_efficiency_g05_goal35_smooth10_50ep_seed123_cuda/runs/s5_010_ood_terrain_current_efficiency_g05_goal35_smooth10_50ep_episode_0030_learned,True,False,0.6621960401535034,69,6.9,6.231286525726318,5.942300319671631,0.45404603375709096,0.03769965469837189,0.020962221547961235,0.003368853073213047,0.0013396720646318449,51.68972153594528,57.56998062133789,ood_terrain,OOD terrain,current 0.5/3.5/1.0,Efficiency,results/stage5_d/s5_010_parallel/ood_terrain_current_efficiency_g05_goal35_smooth10_50ep_seed123_cuda,0.6879571676254272,79,5.944199085235596,0.43871607318950834,0.002717794017733539,0.0011762960881933333,5.210278909417648,-0.025761127471923828,-10,-0.0018987655639648438,0.015329960567582623,0.000651059055479508,0.00016337597643851154,46.479442626527636
s5_010_ood_terrain_current_efficiency_g05_goal35_smooth10_50ep,learned,31,154,results/stage5_d/s5_010_parallel/ood_terrain_current_efficiency_g05_goal35_smooth10_50ep_seed123_cuda/runs/s5_010_ood_terrain_current_efficiency_g05_goal35_smooth10_50ep_episode_0031_learned,True,False,0.6952304244041443,99,9.9,8.160148620605469,4.944582462310791,0.3734996816962857,0.037719693034887314,0.01972058042883873,0.003086871405263238,0.0024300311545837664,52.741084435973505,60.91761589050293,ood_terrain,OOD terrain,current 0.5/3.5/1.0,Efficiency,results/stage5_d/s5_010_parallel/ood_terrain_current_efficiency_g05_goal35_smooth10_50ep_seed123_cuda,0.6843926310539246,84,5.399478435516357,0.3943919082321892,0.0032036863883170975,0.002093594528912339,4.804080440884545,0.010837793350219727,15,-0.4548959732055664,-0.020892226535903502,-0.00011681498305385948,0.0003364366256714273,47.93700399508896
s5_010_ood_terrain_current_efficiency_g05_goal35_smooth10_50ep,learned,32,155,results/stage5_d/s5_010_parallel/ood_terrain_current_efficiency_g05_goal35_smooth10_50ep_seed123_cuda/runs/s5_010_ood_terrain_current_efficiency_g05_goal35_smooth10_50ep_episode_0032_learned,True,False,0.6983602046966553,117,11.700000000000001,10.434818267822266,4.732032775878906,0.3651126347204597,0.045723073184490204,0.036696016788482666,0.0035577012776001468,0.0021905917701141773,52.58549788059332,57.89494514465332,ood_terrain,OOD terrain,current 0.5/3.5/1.0,Efficiency,results/stage5_d/s5_010_parallel/ood_terrain_current_efficiency_g05_goal35_smooth10_50ep_seed123_cuda,0.6608138680458069,123,4.799050807952881,0.35472283280308825,0.0031351797451565546,0.0024176563566215004,5.910501247499047,0.03754633665084839,-6,-0.06701803207397461,0.010389801917371433,0.0004225215324435922,-0.0002270645865073231,46.674996633094274
s5_010_ood_terrain_current_efficiency_g05_goal35_smooth10_50ep,learned,33,156,results/stage5_d/s5_010_parallel/ood_terrain_current_efficiency_g05_goal35_smooth10_50ep_seed123_cuda/runs/s5_010_ood_terrain_current_efficiency_g05_goal35_smooth10_50ep_episode_0033_learned,True,False,0.6638813614845276,64,6.4,5.855746746063232,8.218615531921387,0.29638349546830794,0.03021267056465149,0.02028658613562584,0.004014831364559612,0.001491987621740292,51.46921053528786,67.90328025817871,ood_terrain,OOD terrain,current 0.5/3.5/1.0,Efficiency,results/stage5_d/s5_010_parallel/ood_terrain_current_efficiency_g05_goal35_smooth10_50ep_seed123_cuda,0.6985933780670166,64,8.218615531921387,0.3007681408511417,0.0037886352371492176,0.0014881376229735465,4.7821179032325745,-0.034712016582489014,0,0.0,-0.0043846453828337295,0.000226196127410394,3.84999876674552e-06,46.68709263205528
s5_010_ood_terrain_current_efficiency_g05_goal35_smooth10_50ep,learned,34,157,results/stage5_d/s5_010_parallel/ood_terrain_current_efficiency_g05_goal35_smooth10_50ep_seed123_cuda/runs/s5_010_ood_terrain_current_efficiency_g05_goal35_smooth10_50ep_episode_0034_learned,True,False,0.6947422027587891,118,11.8,11.444001197814941,2.824617385864258,0.41840337021764706,0.040538445115089417,0.035244036465883255,0.003928039946341047,0.0032139281628580612,52.66324140257755,66.07174873352051,ood_terrain,OOD terrain,current 0.5/3.5/1.0,Efficiency,results/stage5_d/s5_010_parallel/ood_terrain_current_efficiency_g05_goal35_smooth10_50ep_seed123_cuda,0.6977803111076355,128,2.9063353538513184,0.40011445283034847,0.0035514522611319634,0.0025620081058288784,5.881329998373985,-0.0030381083488464355,-10,-0.08171796798706055,0.018288917387298598,0.0003765876852090833,0.0006519200570291829,46.78191140420356
s5_010_ood_terrain_current_efficiency_g05_goal35_smooth10_50ep,learned,35,158,results/stage5_d/s5_010_parallel/ood_terrain_current_efficiency_g05_goal35_smooth10_50ep_seed123_cuda/runs/s5_010_ood_terrain_current_efficiency_g05_goal35_smooth10_50ep_episode_0035_learned,True,False,0.6911793351173401,142,14.200000000000001,13.319424629211426,5.01958703994751,0.4118581956245898,0.0431506410241127,0.03169750049710274,0.0033550371567553274,0.003739074809504531,51.358073530062825,60.49823760986328,ood_terrain,OOD terrain,current 0.5/3.5/1.0,Efficiency,results/stage5_d/s5_010_parallel/ood_terrain_current_efficiency_g05_goal35_smooth10_50ep_seed123_cuda,0.6982452869415283,154,5.01958703994751,0.4025273861424006,0.0030722002967432833,0.0028150856260566034,5.681206653644512,-0.007065951824188232,-12,0.0,0.009330809482189228,0.00028283686001204407,0.0009239891834479275,45.676866876418316
s5_010_ood_terrain_current_efficiency_g05_goal35_smooth10_50ep,learned,36,159,results/stage5_d/s5_010_parallel/ood_terrain_current_efficiency_g05_goal35_smooth10_50ep_seed123_cuda/runs/s5_010_ood_terrain_current_efficiency_g05_goal35_smooth10_50ep_episode_0036_learned,True,False,0.6719885468482971,104,10.4,10.067907333374023,5.337263584136963,0.35861567375793063,0.03835064917802811,0.022805996239185333,0.0031655380708451035,0.0017887572139240254,53.93134401394771,70.93667984008789,ood_terrain,OOD terrain,current 0.5/3.5/1.0,Efficiency,results/stage5_d/s5_010_parallel/ood_terrain_current_efficiency_g05_goal35_smooth10_50ep_seed123_cuda,0.6774553060531616,102,5.1993021965026855,0.35866576967967495,0.0030137259184845216,0.0016921036639173587,5.669451227375105,-0.005466759204864502,2,0.13796138763427734,-5.009592174431976e-05,0.00015181215236058192,9.665355000666666e-05,48.2618927865726
s5_010_ood_terrain_current_efficiency_g05_goal35_smooth10_50ep,learned,37,160,results/stage5_d/s5_010_parallel/ood_terrain_current_efficiency_g05_goal35_smooth10_50ep_seed123_cuda/runs/s5_010_ood_terrain_current_efficiency_g05_goal35_smooth10_50ep_episode_0037_learned,True,False,0.6829307675361633,114,11.4,10.070574760437012,3.305856227874756,0.3563898431825484,0.040809523314237595,0.03253115713596344,0.0035497331177170703,0.003244451340712626,53.55131416990046,58.736324310302734,ood_terrain,OOD terrain,current 0.5/3.5/1.0,Efficiency,results/stage5_d/s5_010_parallel/ood_terrain_current_efficiency_g05_goal35_smooth10_50ep_seed123_cuda,0.691124439239502,127,2.69553279876709,0.3656454464989462,0.0031008347777997246,0.0025052603473267217,5.715353282417838,-0.008193671703338623,-13,0.610323429107666,-0.009255603316397798,0.00044889833991734567,0.0007391909933859042,47.83596088748262
s5_010_ood_terrain_current_efficiency_g05_goal35_smooth10_50ep,learned,38,161,results/stage5_d/s5_010_parallel/ood_terrain_current_efficiency_g05_goal35_smooth10_50ep_seed123_cuda/runs/s5_010_ood_terrain_current_efficiency_g05_goal35_smooth10_50ep_episode_0038_learned,True,False,0.680766224861145,103,10.3,8.621703147888184,4.917675495147705,0.3597460709542892,0.038946330547332764,0.02115905098617077,0.003253174070955215,0.00214514671064962,51.25760800630144,57.10959434509277,ood_terrain,OOD terrain,current 0.5/3.5/1.0,Efficiency,results/stage5_d/s5_010_parallel/ood_terrain_current_efficiency_g05_goal35_smooth10_50ep_seed123_cuda,0.6918919682502747,100,5.056025505065918,0.3415196563883014,0.0029312299959169397,0.0022604659933404695,6.301174163818359,-0.011125743389129639,3,-0.1383500099182129,0.01822641456598778,0.0003219440750382753,-0.00011531928269084947,44.95643384248308
s5_010_ood_terrain_current_efficiency_g05_goal35_smooth10_50ep,learned,39,162,results/stage5_d/s5_010_parallel/ood_terrain_current_efficiency_g05_goal35_smooth10_50ep_seed123_cuda/runs/s5_010_ood_terrain_current_efficiency_g05_goal35_smooth10_50ep_episode_0039_learned,True,False,0.6909221410751343,174,17.400000000000002,14.628035545349121,1.7908908128738403,0.40717894266862903,0.05493966490030289,0.04145478457212448,0.002950352838065088,0.0033869159457473315,55.120546242286416,68.87555122375488,ood_terrain,OOD terrain,current 0.5/3.5/1.0,Efficiency,results/stage5_d/s5_010_parallel/ood_terrain_current_efficiency_g05_goal35_smooth10_50ep_seed123_cuda,0.6827477812767029,191,1.2236393690109253,0.4161944795077705,0.002812015863864249,0.0029265332230190566,5.412347653773443,0.008174359798431396,-17,0.567251443862915,-0.00901553683914147,0.0001383369742008391,0.00046038272272827486,49.70819858851297
s5_010_ood_terrain_current_efficiency_g05_goal35_smooth10_50ep,learned,40,163,results/stage5_d/s5_010_parallel/ood_terrain_current_efficiency_g05_goal35_smooth10_50ep_seed123_cuda/runs/s5_010_ood_terrain_current_efficiency_g05_goal35_smooth10_50ep_episode_0040_learned,True,False,0.6669964790344238,100,10.0,10.020445823669434,2.6540284156799316,0.32475924835009207,0.03894325718283653,0.02691439352929592,0.0035888426473353364,0.002961931767328992,54.007930755615234,67.66152381896973,ood_terrain,OOD terrain,current 0.5/3.5/1.0,Efficiency,results/stage5_d/s5_010_parallel/ood_terrain_current_efficiency_g05_goal35_smooth10_50ep_seed123_cuda,0.6990237832069397,114,2.3783679008483887,0.31373318387333327,0.0032334299145613584,0.0019020199739478924,5.556654511836538,-0.03202730417251587,-14,0.27566051483154297,0.011026064476758801,0.00035541273277397804,0.0010599117933810997,48.45127624377869
s5_010_ood_terrain_current_efficiency_g05_goal35_smooth10_50ep,learned,41,164,results/stage5_d/s5_010_parallel/ood_terrain_current_efficiency_g05_goal35_smooth10_50ep_seed123_cuda/runs/s5_010_ood_terrain_current_efficiency_g05_goal35_smooth10_50ep_episode_0041_learned,True,False,0.6504340767860413,129,12.9,9.954290390014648,4.906461715698242,0.4355479654740682,0.05689115449786186,0.045355699956417084,0.0022653583868666857,0.0021473273015200993,50.07792997729871,52.78611183166504,ood_terrain,OOD terrain,current 0.5/3.5/1.0,Efficiency,results/stage5_d/s5_010_parallel/ood_terrain_current_efficiency_g05_goal35_smooth10_50ep_seed123_cuda,0.6659966707229614,142,4.915183067321777,0.4318780433848946,0.002174208947656351,0.0019952196361382457,5.591202789629009,-0.015562593936920166,-13,-0.008721351623535156,0.003669922089173605,9.114943921033477e-05,0.00015210766538185363,44.4867271876697
s5_010_ood_terrain_current_efficiency_g05_goal35_smooth10_50ep,learned,42,165,results/stage5_d/s5_010_parallel/ood_terrain_current_efficiency_g05_goal35_smooth10_50ep_seed123_cuda/runs/s5_010_ood_terrain_current_efficiency_g05_goal35_smooth10_50ep_episode_0042_learned,True,False,0.6505367159843445,159,15.9,16.242033004760742,0.23603111505508423,0.3679860755744275,0.04528934508562088,0.03165295347571373,0.0038982157561235123,0.0033982020722575857,51.1242113773178,67.39592552185059,ood_terrain,OOD terrain,current 0.5/3.5/1.0,Efficiency,results/stage5_d/s5_010_parallel/ood_terrain_current_efficiency_g05_goal35_smooth10_50ep_seed123_cuda,0.6926804184913635,167,0.36759263277053833,0.36165425380561006,0.003603848526445579,0.003498029566929227,5.5796957301522445,-0.04214370250701904,-8,-0.1315615177154541,0.006331821768817414,0.00029436722967793316,-9.982749467164114e-05,45.544515647165554
s5_010_ood_terrain_current_efficiency_g05_goal35_smooth10_50ep,learned,43,166,results/stage5_d/s5_010_parallel/ood_terrain_current_efficiency_g05_goal35_smooth10_50ep_seed123_cuda/runs/s5_010_ood_terrain_current_efficiency_g05_goal35_smooth10_50ep_episode_0043_learned,True,False,0.6981366872787476,150,15.0,16.08484649658203,2.853670597076416,0.4383458615023022,0.03957105055451393,0.024105049669742584,0.004067265179552254,0.003519050896999604,50.22258599599203,57.00278282165527,ood_terrain,OOD terrain,current 0.5/3.5/1.0,Efficiency,results/stage5_d/s5_010_parallel/ood_terrain_current_efficiency_g05_goal35_smooth10_50ep_seed123_cuda,0.6657609939575195,141,2.8398818969726562,0.4348003827146063,0.003635862428626941,0.0038840408385621803,6.038664080572467,0.03237569332122803,9,0.013788700103759766,0.0035454787876958993,0.0004314027509253128,-0.0003649899415625762,44.18392191541956
s5_010_ood_terrain_current_efficiency_g05_goal35_smooth10_50ep,learned,44,167,results/stage5_d/s5_010_parallel/ood_terrain_current_efficiency_g05_goal35_smooth10_50ep_seed123_cuda/runs/s5_010_ood_terrain_current_efficiency_g05_goal35_smooth10_50ep_episode_0044_learned,True,False,0.6902980804443359,138,13.8,13.405473709106445,4.001327991485596,0.4031356864220352,0.03840574994683266,0.02567557618021965,0.003424718255654797,0.0023226455117044,52.05574070197949,56.654930114746094,ood_terrain,OOD terrain,current 0.5/3.5/1.0,Efficiency,results/stage5_d/s5_010_parallel/ood_terrain_current_efficiency_g05_goal35_smooth10_50ep_seed123_cuda,0.692226231098175,146,3.94389009475708,0.3874773999365709,0.00305298978403971,0.002489213341356659,4.9743293082877384,-0.0019281506538391113,-8,0.057437896728515625,0.0156582864854643,0.0003717284716150868,-0.00016656782965225906,47.08141139369175
s5_010_ood_terrain_current_efficiency_g05_goal35_smooth10_50ep,learned,45,168,results/stage5_d/s5_010_parallel/ood_terrain_current_efficiency_g05_goal35_smooth10_50ep_seed123_cuda/runs/s5_010_ood_terrain_current_efficiency_g05_goal35_smooth10_50ep_episode_0045_learned,True,False,0.6491104960441589,66,6.6000000000000005,5.777068614959717,4.787951946258545,0.26844800393463986,0.04003995656967163,0.02195906825363636,0.002906863478321664,0.0013131130536729004,49.955624522584856,51.378488540649414,ood_terrain,OOD terrain,current 0.5/3.5/1.0,Efficiency,results/stage5_d/s5_010_parallel/ood_terrain_current_efficiency_g05_goal35_smooth10_50ep_seed123_cuda,0.6535773873329163,64,4.797844886779785,0.27056129535631046,0.0028061169455908443,0.0015312593232976429,5.502898246049881,-0.004466891288757324,2,-0.009892940521240234,-0.0021132914216706045,0.00010074653273081961,-0.00021814626962474246,44.452726276534975
s5_010_ood_terrain_current_efficiency_g05_goal35_smooth10_50ep,learned,46,169,results/stage5_d/s5_010_parallel/ood_terrain_current_efficiency_g05_goal35_smooth10_50ep_seed123_cuda/runs/s5_010_ood_terrain_current_efficiency_g05_goal35_smooth10_50ep_episode_0046_learned,True,False,0.6677165031433105,114,11.4,11.645767211914062,0.8789535760879517,0.38251813058427614,0.041089609265327454,0.02283474989235401,0.003736250302199141,0.0027854819362532084,50.58842792845609,52.77752876281738,ood_terrain,OOD terrain,current 0.5/3.5/1.0,Efficiency,results/stage5_d/s5_010_parallel/ood_terrain_current_efficiency_g05_goal35_smooth10_50ep_seed123_cuda,0.6767286658287048,118,1.0129660367965698,0.3673736527651057,0.0030131320175022214,0.002583520407163447,5.583864147380247,-0.009012162685394287,-4,-0.13401246070861816,0.015144477819170443,0.0007231182846969197,0.00020196152908976165,45.004563781075845
s5_010_ood_terrain_current_efficiency_g05_goal35_smooth10_50ep,learned,47,170,results/stage5_d/s5_010_parallel/ood_terrain_current_efficiency_g05_goal35_smooth10_50ep_seed123_cuda/runs/s5_010_ood_terrain_current_efficiency_g05_goal35_smooth10_50ep_episode_0047_learned,True,False,0.6558547616004944,188,18.8,17.276378631591797,3.1400833129882812,0.43059412160802396,0.050413284450769424,0.03537401929497719,0.0033720620553948696,0.003957593431886505,51.932721696001416,59.27777290344238,ood_terrain,OOD terrain,current 0.5/3.5/1.0,Efficiency,results/stage5_d/s5_010_parallel/ood_terrain_current_efficiency_g05_goal35_smooth10_50ep_seed123_cuda,0.6811531782150269,201,3.466928005218506,0.4247385555222649,0.0032519711154296886,0.0035468595124569075,6.587780530179911,-0.02529841661453247,-13,-0.3268446922302246,0.005855566085759045,0.00012009093996518099,0.0004107339194295979,45.3449411658215
s5_010_ood_terrain_current_efficiency_g05_goal35_smooth10_50ep,learned,48,171,results/stage5_d/s5_010_parallel/ood_terrain_current_efficiency_g05_goal35_smooth10_50ep_seed123_cuda/runs/s5_010_ood_terrain_current_efficiency_g05_goal35_smooth10_50ep_episode_0048_learned,True,False,0.6947920918464661,137,13.700000000000001,14.8030424118042,5.055644989013672,0.4500313520515643,0.039771705865859985,0.02697405219078064,0.003983493915394216,0.0038709034511377836,52.966224016064274,87.75901794433594,ood_terrain,OOD terrain,current 0.5/3.5/1.0,Efficiency,results/stage5_d/s5_010_parallel/ood_terrain_current_efficiency_g05_goal35_smooth10_50ep_seed123_cuda,0.6939964294433594,125,5.04799747467041,0.47127287807082757,0.003432561791717835,0.0032243861213669288,5.466154098510742,0.0007956624031066895,12,0.007647514343261719,-0.021241526019263268,0.0005509321236763813,0.0006465173297708548,47.50006991755353
s5_010_ood_terrain_current_efficiency_g05_goal35_smooth10_50ep,learned,49,172,results/stage5_d/s5_010_parallel/ood_terrain_current_efficiency_g05_goal35_smooth10_50ep_seed123_cuda/runs/s5_010_ood_terrain_current_efficiency_g05_goal35_smooth10_50ep_episode_0049_learned,True,False,0.6692875623703003,112,11.200000000000001,10.763762474060059,5.736807346343994,0.39732207876087555,0.036344777792692184,0.025596488267183304,0.0033244498843990633,0.0024061424415302473,51.469349435397554,61.901092529296875,ood_terrain,OOD terrain,current 0.5/3.5/1.0,Efficiency,results/stage5_d/s5_010_parallel/ood_terrain_current_efficiency_g05_goal35_smooth10_50ep_seed123_cuda,0.6904634237289429,112,5.889573574066162,0.38275943630225295,0.002930751909091909,0.0027593908866201055,5.479589104652405,-0.021175861358642578,0,-0.15276622772216797,0.014562642458622599,0.0003936979753071542,-0.0003532484450898582,45.98976033074515
s5_010_ood_terrain_balanced_g05_goal30_smooth075_50ep,learned,0,123,results/stage5_d/s5_010_parallel/ood_terrain_balanced_g05_goal30_smooth075_50ep_seed123_cuda/runs/s5_010_ood_terrain_balanced_g05_goal30_smooth075_50ep_episode_0000_learned,True,False,0.69320148229599,107,10.700000000000001,8.172298431396484,5.438689708709717,0.3747227686196217,0.0437312051653862,0.02983132191002369,0.0026262008678632444,0.0021736745899857976,55.64965043112496,248.61764907836914,ood_terrain,OOD terrain,balanced 0.5/3.0/0.75,Balanced,results/stage5_d/s5_010_parallel/ood_terrain_balanced_g05_goal30_smooth075_50ep_seed123_cuda,0.6912273168563843,103,5.438689708709717,0.37199476521622693,0.002608536057740967,0.001867401100307809,6.629876720095144,0.001974165439605713,4,0.0,0.0027280034033947964,1.7664810122277556e-05,0.0003062734896779886,49.01977371102981
s5_010_ood_terrain_balanced_g05_goal30_smooth075_50ep,learned,1,124,results/stage5_d/s5_010_parallel/ood_terrain_balanced_g05_goal30_smooth075_50ep_seed123_cuda/runs/s5_010_ood_terrain_balanced_g05_goal30_smooth075_50ep_episode_0001_learned,True,False,0.6713652014732361,175,17.5,19.420730590820312,0.22955751419067383,0.43356913148042175,0.03692186623811722,0.02388855442404747,0.0038105408772381643,0.0039749008467618386,56.914862224033904,69.04101371765137,ood_terrain,OOD terrain,balanced 0.5/3.0/0.75,Balanced,results/stage5_d/s5_010_parallel/ood_terrain_balanced_g05_goal30_smooth075_50ep_seed123_cuda,0.6988660097122192,213,1.0033371448516846,0.36878416871169956,0.003291504154976883,0.003123209827495318,6.750610512746891,-0.027500808238983154,-38,-0.7737796306610107,0.0647849627687222,0.0005190367222612812,0.0008516910192665206,50.164251711287015
s5_010_ood_terrain_balanced_g05_goal30_smooth075_50ep,learned,2,125,results/stage5_d/s5_010_parallel/ood_terrain_balanced_g05_goal30_smooth075_50ep_seed123_cuda/runs/s5_010_ood_terrain_balanced_g05_goal30_smooth075_50ep_episode_0002_learned,True,False,0.6855563521385193,121,12.100000000000001,10.705048561096191,2.860316753387451,0.3478090589776566,0.04030006751418114,0.030480453744530678,0.0033655542088025596,0.0024279657355123735,54.75802263937706,67.34800338745117,ood_terrain,OOD terrain,balanced 0.5/3.0/0.75,Balanced,results/stage5_d/s5_010_parallel/ood_terrain_balanced_g05_goal30_smooth075_50ep_seed123_cuda,0.6888574957847595,130,2.505457878112793,0.36499104426764045,0.0029269648801651354,0.002442203498638798,7.304261280940129,-0.0033011436462402344,-9,0.3548588752746582,-0.017181985289983825,0.0004385893286374242,-1.4237763126424743e-05,47.45376135843693
s5_010_ood_terrain_balanced_g05_goal30_smooth075_50ep,learned,3,126,results/stage5_d/s5_010_parallel/ood_terrain_balanced_g05_goal30_smooth075_50ep_seed123_cuda/runs/s5_010_ood_terrain_balanced_g05_goal30_smooth075_50ep_episode_0003_learned,True,False,0.6670526266098022,70,7.0,5.345617771148682,5.9574408531188965,0.2432091121950206,0.029379643499851227,0.01479796040803194,0.0027150543796132403,0.0014498227028128367,54.49817180633545,64.96930122375488,ood_terrain,OOD terrain,balanced 0.5/3.0/0.75,Balanced,results/stage5_d/s5_010_parallel/ood_terrain_balanced_g05_goal30_smooth075_50ep_seed123_cuda,0.6868587732315063,62,5.872976779937744,0.24665845652400037,0.002990273263547201,0.0016451474218765138,7.408145935304703,-0.0198061466217041,8,0.08446407318115234,-0.003449344328979781,-0.00027521888393396057,-0.00019532471906367707,47.09002587103075
s5_010_ood_terrain_balanced_g05_goal30_smooth075_50ep,learned,4,127,results/stage5_d/s5_010_parallel/ood_terrain_balanced_g05_goal30_smooth075_50ep_seed123_cuda/runs/s5_010_ood_terrain_balanced_g05_goal30_smooth075_50ep_episode_0004_learned,True,False,0.6805049180984497,117,11.700000000000001,8.963973999023438,4.137134552001953,0.3350837775388669,0.0496802031993866,0.03549487516283989,0.0027391652909758406,0.002928975728218625,51.47197103907919,58.7916374206543,ood_terrain,OOD terrain,balanced 0.5/3.0/0.75,Balanced,results/stage5_d/s5_010_parallel/ood_terrain_balanced_g05_goal30_smooth075_50ep_seed123_cuda,0.6695688962936401,117,4.212652206420898,0.34030213719383745,0.0026353325442994586,0.0025326734325023244,6.172942300128121,0.01093602180480957,0,-0.07551765441894531,-0.005218359654970528,0.00010383274667638207,0.0003963022957163007,45.29902873895107
s5_010_ood_terrain_balanced_g05_goal30_smooth075_50ep,learned,5,128,results/stage5_d/s5_010_parallel/ood_terrain_balanced_g05_goal30_smooth075_50ep_seed123_cuda/runs/s5_010_ood_terrain_balanced_g05_goal30_smooth075_50ep_episode_0005_learned,True,False,0.6885972619056702,118,11.8,11.006486892700195,4.447657108306885,0.33483749703658056,0.04191151261329651,0.029185013845562935,0.00307989660475625,0.002488391970040208,56.45856210740946,75.53219795227051,ood_terrain,OOD terrain,balanced 0.5/3.0/0.75,Balanced,results/stage5_d/s5_010_parallel/ood_terrain_balanced_g05_goal30_smooth075_50ep_seed123_cuda,0.6980000138282776,132,4.54279899597168,0.33525252325965665,0.003295503942292071,0.0030245166250158946,5.896311817747174,-0.009402751922607422,-14,-0.09514188766479492,-0.00041502622307609816,-0.00021560733753582138,-0.0005361246549756868,50.56225028966229
s5_010_ood_terrain_balanced_g05_goal30_smooth075_50ep,learned,6,129,results/stage5_d/s5_010_parallel/ood_terrain_balanced_g05_goal30_smooth075_50ep_seed123_cuda/runs/s5_010_ood_terrain_balanced_g05_goal30_smooth075_50ep_episode_0006_learned,True,False,0.6750028729438782,222,22.200000000000003,19.38420867919922,0.1801447868347168,0.3756198876724133,0.043113406747579575,0.03152729570865631,0.0038012342551704587,0.0034267269869465247,54.578353692819405,68.15576553344727,ood_terrain,OOD terrain,balanced 0.5/3.0/0.75,Balanced,results/stage5_d/s5_010_parallel/ood_terrain_balanced_g05_goal30_smooth075_50ep_seed123_cuda,0.6936333775520325,227,0.19052958488464355,0.38468301724104037,0.0036406119824811496,0.0032892261125117605,5.052867965026048,-0.018630504608154297,-5,-0.010384798049926758,-0.009063129568627093,0.0001606222726893091,0.00013750087443476422,49.52548572779336
s5_010_ood_terrain_balanced_g05_goal30_smooth075_50ep,learned,7,130,results/stage5_d/s5_010_parallel/ood_terrain_balanced_g05_goal30_smooth075_50ep_seed123_cuda/runs/s5_010_ood_terrain_balanced_g05_goal30_smooth075_50ep_episode_0007_learned,True,False,0.6804099082946777,95,9.5,9.183873176574707,5.1395344734191895,0.3194205926464086,0.031007342040538788,0.026470297947525978,0.0035617006988318445,0.0022553908189681697,75.21024754172878,117.73419380187988,ood_terrain,OOD terrain,balanced 0.5/3.0/0.75,Balanced,results/stage5_d/s5_010_parallel/ood_terrain_balanced_g05_goal30_smooth075_50ep_seed123_cuda,0.6975409984588623,92,5.1395344734191895,0.32466782251367876,0.0036013067883703545,0.0021447443573931963,5.96736306729524,-0.01713109016418457,3,0.0,-0.0052472298672701645,-3.960608953851004e-05,0.00011064646157497339,69.24288447443354
s5_010_ood_terrain_balanced_g05_goal30_smooth075_50ep,learned,8,131,results/stage5_d/s5_010_parallel/ood_terrain_balanced_g05_goal30_smooth075_50ep_seed123_cuda/runs/s5_010_ood_terrain_balanced_g05_goal30_smooth075_50ep_episode_0008_learned,True,False,0.6904719471931458,156,15.600000000000001,12.727249145507812,5.215930461883545,0.4156217861977684,0.05298760160803795,0.040821246802806854,0.0025807723327553574,0.0026718442280850704,73.49707224430182,123.55542182922363,ood_terrain,OOD terrain,balanced 0.5/3.0/0.75,Balanced,results/stage5_d/s5_010_parallel/ood_terrain_balanced_g05_goal30_smooth075_50ep_seed123_cuda,0.6888251900672913,156,5.4172844886779785,0.43501122174332135,0.0030290986150733517,0.0034991432315667546,5.4679161463028345,0.0016467571258544922,0,-0.2013540267944336,-0.019389435545552947,-0.00044832628231799426,-0.0008272990034816842,68.02915609799898
s5_010_ood_terrain_balanced_g05_goal30_smooth075_50ep,learned,9,132,results/stage5_d/s5_010_parallel/ood_terrain_balanced_g05_goal30_smooth075_50ep_seed123_cuda/runs/s5_010_ood_terrain_balanced_g05_goal30_smooth075_50ep_episode_0009_learned,True,False,0.6846400499343872,169,16.900000000000002,15.907882690429688,0.21215903759002686,0.3281522419063592,0.04675382003188133,0.03441418334841728,0.003715059811434295,0.003855167209719823,52.09442990771412,71.3658332824707,ood_terrain,OOD terrain,balanced 0.5/3.0/0.75,Balanced,results/stage5_d/s5_010_parallel/ood_terrain_balanced_g05_goal30_smooth075_50ep_seed123_cuda,0.6589301824569702,179,0.22514331340789795,0.3400604965674168,0.003809290420070861,0.003780945484599501,5.094080663926109,0.025709867477416992,-10,-0.012984275817871094,-0.011908254661057605,-9.42306086365659e-05,7.422172512032204e-05,47.000349243788015
s5_010_ood_terrain_balanced_g05_goal30_smooth075_50ep,learned,10,133,results/stage5_d/s5_010_parallel/ood_terrain_balanced_g05_goal30_smooth075_50ep_seed123_cuda/runs/s5_010_ood_terrain_balanced_g05_goal30_smooth075_50ep_episode_0010_learned,True,False,0.6729018092155457,112,11.200000000000001,9.757242202758789,5.4184770584106445,0.40610460436083873,0.04457114264369011,0.028529491275548935,0.0028849832597003062,0.002950467595933356,54.195003850119456,64.34321403503418,ood_terrain,OOD terrain,balanced 0.5/3.0/0.75,Balanced,results/stage5_d/s5_010_parallel/ood_terrain_balanced_g05_goal30_smooth075_50ep_seed123_cuda,0.6869566440582275,111,5.392648220062256,0.4138523622528541,0.0027629821314316258,0.0025156142899708327,5.799360103435345,-0.014054834842681885,1,0.025828838348388672,-0.007747757892015372,0.00012200112826868045,0.00043485330596252335,48.39564374668411
s5_010_ood_terrain_balanced_g05_goal30_smooth075_50ep,learned,11,134,results/stage5_d/s5_010_parallel/ood_terrain_balanced_g05_goal30_smooth075_50ep_seed123_cuda/runs/s5_010_ood_terrain_balanced_g05_goal30_smooth075_50ep_episode_0011_learned,True,False,0.6988916993141174,139,13.9,13.111295700073242,4.4649176597595215,0.3991647773778352,0.03750011324882507,0.023349929600954056,0.003715730239228126,0.0030008434845490415,53.26361107311661,60.721397399902344,ood_terrain,OOD terrain,balanced 0.5/3.0/0.75,Balanced,results/stage5_d/s5_010_parallel/ood_terrain_balanced_g05_goal30_smooth075_50ep_seed123_cuda,0.6949215531349182,144,4.4649176597595215,0.3902673330019146,0.003369410786977477,0.002775154357662558,5.691101153691609,0.003970146179199219,-5,0.0,0.008897444375920605,0.00034631945225064914,0.00022568912688648336,47.572509919424995
s5_010_ood_terrain_balanced_g05_goal30_smooth075_50ep,learned,12,135,results/stage5_d/s5_010_parallel/ood_terrain_balanced_g05_goal30_smooth075_50ep_seed123_cuda/runs/s5_010_ood_terrain_balanced_g05_goal30_smooth075_50ep_episode_0012_learned,True,False,0.6937467455863953,199,19.900000000000002,19.2612247467041,0.15359771251678467,0.43414615508257853,0.04654365032911301,0.03192378580570221,0.003513654703299771,0.0035132003101135565,51.275482129811046,59.417724609375,ood_terrain,OOD terrain,balanced 0.5/3.0/0.75,Balanced,results/stage5_d/s5_010_parallel/ood_terrain_balanced_g05_goal30_smooth075_50ep_seed123_cuda,0.690882682800293,214,0.15830755233764648,0.416366379486203,0.0034195654047317918,0.0031784340454232185,6.036761765168092,0.002864062786102295,-15,-0.004709839820861816,0.017779775596375558,9.408929856797926e-05,0.000334766264690338,45.23872036464295
s5_010_ood_terrain_balanced_g05_goal30_smooth075_50ep,learned,13,136,results/stage5_d/s5_010_parallel/ood_terrain_balanced_g05_goal30_smooth075_50ep_seed123_cuda/runs/s5_010_ood_terrain_balanced_g05_goal30_smooth075_50ep_episode_0013_learned,True,False,0.6797300577163696,78,7.800000000000001,6.377124309539795,6.803417682647705,0.33800100527990323,0.03736837953329086,0.023051921278238297,0.002965618929742946,0.0013254059964217975,51.737164839720116,56.70738220214844,ood_terrain,OOD terrain,balanced 0.5/3.0/0.75,Balanced,results/stage5_d/s5_010_parallel/ood_terrain_balanced_g05_goal30_smooth075_50ep_seed123_cuda,0.6622809767723083,77,6.804360866546631,0.3457340621966233,0.0030598087833489497,0.001975845885936918,5.496777497328721,0.01744908094406128,1,-0.0009431838989257812,-0.007733056916720049,-9.418985360600375e-05,-0.0006504398895151205,46.240387342391394
s5_010_ood_terrain_balanced_g05_goal30_smooth075_50ep,learned,14,137,results/stage5_d/s5_010_parallel/ood_terrain_balanced_g05_goal30_smooth075_50ep_seed123_cuda/runs/s5_010_ood_terrain_balanced_g05_goal30_smooth075_50ep_episode_0014_learned,True,False,0.6657955646514893,125,12.5,10.893237113952637,4.5563812255859375,0.3660325368814635,0.04998379945755005,0.0339076854288578,0.002856955620537908,0.002611012171333152,54.89882278442383,67.39020347595215,ood_terrain,OOD terrain,balanced 0.5/3.0/0.75,Balanced,results/stage5_d/s5_010_parallel/ood_terrain_balanced_g05_goal30_smooth075_50ep_seed123_cuda,0.6831457614898682,129,4.356725215911865,0.35691859615558774,0.0025063737600093915,0.002697462946895536,5.629598632339359,-0.017350196838378906,-4,0.19965600967407227,0.009113940725875735,0.0003505818605285165,-8.645077556238391e-05,49.26922415208447
s5_010_ood_terrain_balanced_g05_goal30_smooth075_50ep,learned,15,138,results/stage5_d/s5_010_parallel/ood_terrain_balanced_g05_goal30_smooth075_50ep_seed123_cuda/runs/s5_010_ood_terrain_balanced_g05_goal30_smooth075_50ep_episode_0015_learned,True,False,0.6651081442832947,146,14.600000000000001,12.806193351745605,5.69234037399292,0.3051066504013549,0.041707299649715424,0.02568541094660759,0.00328026436465295,0.0030831027246577287,53.34316704371204,62.42203712463379,ood_terrain,OOD terrain,balanced 0.5/3.0/0.75,Balanced,results/stage5_d/s5_010_parallel/ood_terrain_balanced_g05_goal30_smooth075_50ep_seed123_cuda,0.6761354804039001,153,5.691549777984619,0.3084210134699508,0.002962909032819946,0.002842792332920708,5.788073820226333,-0.011027336120605469,-7,0.0007905960083007812,-0.003314363068595949,0.00031735533183300385,0.00024031039173702052,47.55509322348571
s5_010_ood_terrain_balanced_g05_goal30_smooth075_50ep,learned,16,139,results/stage5_d/s5_010_parallel/ood_terrain_balanced_g05_goal30_smooth075_50ep_seed123_cuda/runs/s5_010_ood_terrain_balanced_g05_goal30_smooth075_50ep_episode_0016_learned,True,False,0.6866495609283447,85,8.5,6.575913429260254,4.811248779296875,0.31435713788742714,0.04115450009703636,0.02601063996553421,0.002639205454690983,0.002205715552507917,53.29079627990723,75.83236694335938,ood_terrain,OOD terrain,balanced 0.5/3.0/0.75,Balanced,results/stage5_d/s5_010_parallel/ood_terrain_balanced_g05_goal30_smooth075_50ep_seed123_cuda,0.6729075908660889,83,5.07538366317749,0.31314262496314504,0.0023413777386917154,0.0016969311993418807,6.615785231073219,0.01374197006225586,2,-0.26413488388061523,0.0012145129242820962,0.00029782771599926776,0.0005087843531660363,46.67501104883401
s5_010_ood_terrain_balanced_g05_goal30_smooth075_50ep,learned,17,140,results/stage5_d/s5_010_parallel/ood_terrain_balanced_g05_goal30_smooth075_50ep_seed123_cuda/runs/s5_010_ood_terrain_balanced_g05_goal30_smooth075_50ep_episode_0017_learned,True,False,0.6977865695953369,196,19.6,15.930703163146973,0.1962064504623413,0.4523906543995231,0.054367560893297195,0.045516811311244965,0.002913575556339508,0.0035623929813962244,54.93830053173766,75.33669471740723,ood_terrain,OOD terrain,balanced 0.5/3.0/0.75,Balanced,results/stage5_d/s5_010_parallel/ood_terrain_balanced_g05_goal30_smooth075_50ep_seed123_cuda,0.6794809103012085,216,0.19862902164459229,0.448858486968513,0.002866694165648277,0.003259786343383772,5.126777622434828,0.018305659294128418,-20,-0.0024225711822509766,0.0035321674310100915,4.688139069123102e-05,0.0003026066380124523,49.81152290930283
s5_010_ood_terrain_balanced_g05_goal30_smooth075_50ep,learned,18,141,results/stage5_d/s5_010_parallel/ood_terrain_balanced_g05_goal30_smooth075_50ep_seed123_cuda/runs/s5_010_ood_terrain_balanced_g05_goal30_smooth075_50ep_episode_0018_learned,True,False,0.6809887290000916,130,13.0,10.960061073303223,4.59269380569458,0.39047616699970183,0.041403330862522125,0.035055749118328094,0.003208360029625296,0.0022993427523395242,50.65070849198561,52.43182182312012,ood_terrain,OOD terrain,balanced 0.5/3.0/0.75,Balanced,results/stage5_d/s5_010_parallel/ood_terrain_balanced_g05_goal30_smooth075_50ep_seed123_cuda,0.6945480108261108,131,4.59269380569458,0.3927313505402652,0.0030934911002419513,0.002643149614696796,5.281925201416016,-0.013559281826019287,-1,0.0,-0.002255183540563366,0.00011486892938334476,-0.00034380686235727185,45.368783290569596
s5_010_ood_terrain_balanced_g05_goal30_smooth075_50ep,learned,19,142,results/stage5_d/s5_010_parallel/ood_terrain_balanced_g05_goal30_smooth075_50ep_seed123_cuda/runs/s5_010_ood_terrain_balanced_g05_goal30_smooth075_50ep_episode_0019_learned,True,False,0.6773371696472168,150,15.0,14.109222412109375,0.22563403844833374,0.36117266701445144,0.045953262597322464,0.03456507995724678,0.003685357928471312,0.00410927201177059,54.60635503133138,72.85904884338379,ood_terrain,OOD terrain,balanced 0.5/3.0/0.75,Balanced,results/stage5_d/s5_010_parallel/ood_terrain_balanced_g05_goal30_smooth075_50ep_seed123_cuda,0.6833301782608032,168,0.21003955602645874,0.366342533318883,0.0034765240010810688,0.003631566136349875,6.015534911836896,-0.005993008613586426,-18,0.015594482421875,-0.0051698663044315585,0.00020883392739024344,0.00047770587542071523,48.59082011949449
s5_010_ood_terrain_balanced_g05_goal30_smooth075_50ep,learned,20,143,results/stage5_d/s5_010_parallel/ood_terrain_balanced_g05_goal30_smooth075_50ep_seed123_cuda/runs/s5_010_ood_terrain_balanced_g05_goal30_smooth075_50ep_episode_0020_learned,True,False,0.6729605197906494,141,14.100000000000001,12.098784446716309,4.248547077178955,0.3677970964406247,0.04879595711827278,0.036281611770391464,0.0029587761558377713,0.003080236609069237,52.20554737334556,56.80131912231445,ood_terrain,OOD terrain,balanced 0.5/3.0/0.75,Balanced,results/stage5_d/s5_010_parallel/ood_terrain_balanced_g05_goal30_smooth075_50ep_seed123_cuda,0.6933167576789856,143,4.2863569259643555,0.37366905993750643,0.0027710887956143865,0.0025510304668927833,5.431770444749953,-0.02035623788833618,-2,-0.03780984878540039,-0.005871963496881738,0.00018768736022338472,0.0005292061421764537,46.77377692859561
s5_010_ood_terrain_balanced_g05_goal30_smooth075_50ep,learned,21,144,results/stage5_d/s5_010_parallel/ood_terrain_balanced_g05_goal30_smooth075_50ep_seed123_cuda/runs/s5_010_ood_terrain_balanced_g05_goal30_smooth075_50ep_episode_0021_learned,True,False,0.6910417079925537,113,11.3,9.016274452209473,4.739401817321777,0.4195370888535296,0.04575476422905922,0.03128836303949356,0.0026439557576504393,0.0021989318620220417,51.538659408029204,60.34350395202637,ood_terrain,OOD terrain,balanced 0.5/3.0/0.75,Balanced,results/stage5_d/s5_010_parallel/ood_terrain_balanced_g05_goal30_smooth075_50ep_seed123_cuda,0.6858237385749817,113,4.442628383636475,0.4262976553159214,0.003018679606064147,0.002504402548894658,5.889749104997753,0.0052179694175720215,0,0.29677343368530273,-0.006760566462391815,-0.00037472384841370776,-0.00030547068687261647,45.64891030303145
s5_010_ood_terrain_balanced_g05_goal30_smooth075_50ep,learned,22,145,results/stage5_d/s5_010_parallel/ood_terrain_balanced_g05_goal30_smooth075_50ep_seed123_cuda/runs/s5_010_ood_terrain_balanced_g05_goal30_smooth075_50ep_episode_0022_learned,True,False,0.6922674775123596,172,17.2,18.87741470336914,0.2635033130645752,0.4260308401245967,0.03614652901887894,0.02088143490254879,0.003980286459960325,0.004160470027598957,50.73673503343449,57.58380889892578,ood_terrain,OOD terrain,balanced 0.5/3.0/0.75,Balanced,results/stage5_d/s5_010_parallel/ood_terrain_balanced_g05_goal30_smooth075_50ep_seed123_cuda,0.6995312571525574,168,0.25605177879333496,0.4250297603030915,0.0037515963365297384,0.0037043915848204616,5.351313522883824,-0.007263779640197754,4,0.007451534271240234,0.001001079821505213,0.0002286901234305862,0.0004560784427784957,45.38542151055067
s5_010_ood_terrain_balanced_g05_goal30_smooth075_50ep,learned,23,146,results/stage5_d/s5_010_parallel/ood_terrain_balanced_g05_goal30_smooth075_50ep_seed123_cuda/runs/s5_010_ood_terrain_balanced_g05_goal30_smooth075_50ep_episode_0023_learned,True,False,0.6879718899726868,118,11.8,11.235179901123047,1.8688381910324097,0.411886968747545,0.038350336253643036,0.032685618847608566,0.003618861630988606,0.003039567968170472,50.63924749018782,53.77483367919922,ood_terrain,OOD terrain,balanced 0.5/3.0/0.75,Balanced,results/stage5_d/s5_010_parallel/ood_terrain_balanced_g05_goal30_smooth075_50ep_seed123_cuda,0.6902281045913696,126,1.305861473083496,0.4210239031171013,0.0036118660257749595,0.0028073222492799557,5.635878396412683,-0.0022562146186828613,-8,0.5629767179489136,-0.009136934369556315,6.995605213646651e-06,0.0002322457188905164,45.003369093775135
s5_010_ood_terrain_balanced_g05_goal30_smooth075_50ep,learned,24,147,results/stage5_d/s5_010_parallel/ood_terrain_balanced_g05_goal30_smooth075_50ep_seed123_cuda/runs/s5_010_ood_terrain_balanced_g05_goal30_smooth075_50ep_episode_0024_learned,True,False,0.6973191499710083,143,14.3,13.888311386108398,0.44103825092315674,0.3979556371236441,0.04245086386799812,0.030000893399119377,0.0031186623807199893,0.002850679844491374,52.49547791647744,62.26515769958496,ood_terrain,OOD terrain,balanced 0.5/3.0/0.75,Balanced,results/stage5_d/s5_010_parallel/ood_terrain_balanced_g05_goal30_smooth075_50ep_seed123_cuda,0.6847191452980042,145,0.2036951184272766,0.3942148093049061,0.0029569029328817466,0.00310701467738787,6.402864127323546,0.01260000467300415,-2,0.23734313249588013,0.003740827818738024,0.00016175944783824265,-0.0002563348328964961,46.092613789153894
s5_010_ood_terrain_balanced_g05_goal30_smooth075_50ep,learned,25,148,results/stage5_d/s5_010_parallel/ood_terrain_balanced_g05_goal30_smooth075_50ep_seed123_cuda/runs/s5_010_ood_terrain_balanced_g05_goal30_smooth075_50ep_episode_0025_learned,True,False,0.6780365109443665,189,18.900000000000002,15.827988624572754,0.21098148822784424,0.4458443670532365,0.05306650698184967,0.04238463565707207,0.003025909515807508,0.00359965068047609,52.15910881284683,80.02519607543945,ood_terrain,OOD terrain,balanced 0.5/3.0/0.75,Balanced,results/stage5_d/s5_010_parallel/ood_terrain_balanced_g05_goal30_smooth075_50ep_seed123_cuda,0.6932765245437622,182,0.18744421005249023,0.4441125129889389,0.0030670945017648686,0.0037830020946086136,6.357677690275422,-0.015240013599395752,7,0.023537278175354004,0.0017318540642976,-4.118498595736056e-05,-0.00018335141413252385,45.80143112257141
s5_010_ood_terrain_balanced_g05_goal30_smooth075_50ep,learned,26,149,results/stage5_d/s5_010_parallel/ood_terrain_balanced_g05_goal30_smooth075_50ep_seed123_cuda/runs/s5_010_ood_terrain_balanced_g05_goal30_smooth075_50ep_episode_0026_learned,True,False,0.6812517642974854,99,9.9,8.410634994506836,5.1634650230407715,0.34333347247612445,0.033031903207302094,0.01941308192908764,0.0033083875677248024,0.0023300410706041524,52.86886475302956,57.3580265045166,ood_terrain,OOD terrain,balanced 0.5/3.0/0.75,Balanced,results/stage5_d/s5_010_parallel/ood_terrain_balanced_g05_goal30_smooth075_50ep_seed123_cuda,0.6937029957771301,100,5.1634650230407715,0.34474174280854647,0.0033738888022777354,0.0023384714417895576,6.086244583129883,-0.012451231479644775,-1,0.0,-0.0014082703324220236,-6.550123455293299e-05,-8.430371185405138e-06,46.78262016989968
s5_010_ood_terrain_balanced_g05_goal30_smooth075_50ep,learned,27,150,results/stage5_d/s5_010_parallel/ood_terrain_balanced_g05_goal30_smooth075_50ep_seed123_cuda/runs/s5_010_ood_terrain_balanced_g05_goal30_smooth075_50ep_episode_0027_learned,True,False,0.6809945106506348,178,17.8,17.18267250061035,1.3065910339355469,0.3986138788908995,0.0467703752219677,0.03233109414577484,0.0033554330375247976,0.003845698170597108,54.31800344017115,69.69547271728516,ood_terrain,OOD terrain,balanced 0.5/3.0/0.75,Balanced,results/stage5_d/s5_010_parallel/ood_terrain_balanced_g05_goal30_smooth075_50ep_seed123_cuda,0.6701014637947083,184,1.288984775543213,0.40403894032004095,0.003201362601936669,0.002833719168458605,5.600505548974742,0.010893046855926514,-6,0.017606258392333984,-0.005425061429141453,0.00015407043558812858,0.001011979002138503,48.7174978911964
s5_010_ood_terrain_balanced_g05_goal30_smooth075_50ep,learned,28,151,results/stage5_d/s5_010_parallel/ood_terrain_balanced_g05_goal30_smooth075_50ep_seed123_cuda/runs/s5_010_ood_terrain_balanced_g05_goal30_smooth075_50ep_episode_0028_learned,True,False,0.6853793263435364,160,16.0,15.604841232299805,0.2251516580581665,0.45789267772111086,0.04299803078174591,0.027445990592241287,0.003235866398872679,0.00365813542187102,52.845077216625214,64.42618370056152,ood_terrain,OOD terrain,balanced 0.5/3.0/0.75,Balanced,results/stage5_d/s5_010_parallel/ood_terrain_balanced_g05_goal30_smooth075_50ep_seed123_cuda,0.6950429081916809,155,0.21263444423675537,0.4653825205982655,0.0033079284593652554,0.0031939568470086234,5.569648742675781,-0.009663581848144531,5,0.012517213821411133,-0.007489842877154651,-7.206206049257657e-05,0.0004641785748623968,47.27542847394943
s5_010_ood_terrain_balanced_g05_goal30_smooth075_50ep,learned,29,152,results/stage5_d/s5_010_parallel/ood_terrain_balanced_g05_goal30_smooth075_50ep_seed123_cuda/runs/s5_010_ood_terrain_balanced_g05_goal30_smooth075_50ep_episode_0029_learned,True,False,0.6603177189826965,62,6.2,5.116063594818115,4.70775032043457,0.21876408600223995,0.025307612493634224,0.014160765334963799,0.003184114111446151,0.0011893805210371848,52.00344131838891,56.7476749420166,ood_terrain,OOD terrain,balanced 0.5/3.0/0.75,Balanced,results/stage5_d/s5_010_parallel/ood_terrain_balanced_g05_goal30_smooth075_50ep_seed123_cuda,0.6750970482826233,63,4.85609245300293,0.21725428074391354,0.0029963907423720343,0.00125624157141474,6.300127695477198,-0.014779329299926758,-1,-0.14834213256835938,0.0015098052583264188,0.00018772336907411664,-6.686105037755508e-05,45.70331362291171
s5_010_ood_terrain_balanced_g05_goal30_smooth075_50ep,learned,30,153,results/stage5_d/s5_010_parallel/ood_terrain_balanced_g05_goal30_smooth075_50ep_seed123_cuda/runs/s5_010_ood_terrain_balanced_g05_goal30_smooth075_50ep_episode_0030_learned,True,False,0.6912837624549866,80,8.0,6.338108062744141,5.942598819732666,0.43543266281718396,0.03325752913951874,0.019781704992055893,0.002804808709085746,0.0012543998453637506,51.161715388298035,53.83038520812988,ood_terrain,OOD terrain,balanced 0.5/3.0/0.75,Balanced,results/stage5_d/s5_010_parallel/ood_terrain_balanced_g05_goal30_smooth075_50ep_seed123_cuda,0.6879571676254272,79,5.944199085235596,0.43871607318950834,0.002717794017733539,0.0011762960881933333,5.210278909417648,0.003326594829559326,1,-0.0016002655029296875,-0.00328341037232438,8.70146913522071e-05,7.810375717041723e-05,45.95143647888039
s5_010_ood_terrain_balanced_g05_goal30_smooth075_50ep,learned,31,154,results/stage5_d/s5_010_parallel/ood_terrain_balanced_g05_goal30_smooth075_50ep_seed123_cuda/runs/s5_010_ood_terrain_balanced_g05_goal30_smooth075_50ep_episode_0031_learned,True,False,0.6966339349746704,102,10.200000000000001,8.143330574035645,4.949443817138672,0.36338711653735645,0.03725111484527588,0.019578536972403526,0.0028306805481905697,0.0020212946857008714,51.58016494676178,58.19058418273926,ood_terrain,OOD terrain,balanced 0.5/3.0/0.75,Balanced,results/stage5_d/s5_010_parallel/ood_terrain_balanced_g05_goal30_smooth075_50ep_seed123_cuda,0.6843926310539246,84,5.399478435516357,0.3943919082321892,0.0032036863883170975,0.002093594528912339,4.804080440884545,0.01224130392074585,18,-0.45003461837768555,-0.03100479169483278,-0.00037300584012652785,-7.229984321146772e-05,46.776084505877236
s5_010_ood_terrain_balanced_g05_goal30_smooth075_50ep,learned,32,155,results/stage5_d/s5_010_parallel/ood_terrain_balanced_g05_goal30_smooth075_50ep_seed123_cuda/runs/s5_010_ood_terrain_balanced_g05_goal30_smooth075_50ep_episode_0032_learned,True,False,0.6716471910476685,124,12.4,10.514676094055176,4.488207817077637,0.35982941123381146,0.04285701364278793,0.03610703721642494,0.0029913646073824775,0.0026209897960595705,50.38224112602972,52.52385139465332,ood_terrain,OOD terrain,balanced 0.5/3.0/0.75,Balanced,results/stage5_d/s5_010_parallel/ood_terrain_balanced_g05_goal30_smooth075_50ep_seed123_cuda,0.6608138680458069,123,4.799050807952881,0.35472283280308825,0.0031351797451565546,0.0024176563566215004,5.910501247499047,0.010833323001861572,1,-0.31084299087524414,0.005106578430723208,-0.00014381513777407713,0.00020333343943807012,44.47173987853067
s5_010_ood_terrain_balanced_g05_goal30_smooth075_50ep,learned,33,156,results/stage5_d/s5_010_parallel/ood_terrain_balanced_g05_goal30_smooth075_50ep_seed123_cuda/runs/s5_010_ood_terrain_balanced_g05_goal30_smooth075_50ep_episode_0033_learned,True,False,0.6888595223426819,65,6.5,5.8670830726623535,8.218615531921387,0.29730599133942565,0.029002249240875244,0.020329279825091362,0.003735427590314062,0.0012276464343053484,51.591719113863434,52.81424522399902,ood_terrain,OOD terrain,balanced 0.5/3.0/0.75,Balanced,results/stage5_d/s5_010_parallel/ood_terrain_balanced_g05_goal30_smooth075_50ep_seed123_cuda,0.6985933780670166,64,8.218615531921387,0.3007681408511417,0.0037886352371492176,0.0014881376229735465,4.7821179032325745,-0.009733855724334717,1,0.0,-0.0034621495117160284,-5.3207646835155744e-05,-0.0002604911886681981,46.80960121063086
s5_010_ood_terrain_balanced_g05_goal30_smooth075_50ep,learned,34,157,results/stage5_d/s5_010_parallel/ood_terrain_balanced_g05_goal30_smooth075_50ep_seed123_cuda/runs/s5_010_ood_terrain_balanced_g05_goal30_smooth075_50ep_episode_0034_learned,True,False,0.6979034543037415,132,13.200000000000001,11.563331604003906,2.6818227767944336,0.40856025740923185,0.03874005377292633,0.034292228519916534,0.003656063526139895,0.0025691214377145007,51.8659461628307,66.2691593170166,ood_terrain,OOD terrain,balanced 0.5/3.0/0.75,Balanced,results/stage5_d/s5_010_parallel/ood_terrain_balanced_g05_goal30_smooth075_50ep_seed123_cuda,0.6977803111076355,128,2.9063353538513184,0.40011445283034847,0.0035514522611319634,0.0025620081058288784,5.881329998373985,0.00012314319610595703,4,-0.22451257705688477,0.008445804578883387,0.00010461126500793151,7.113331885622281e-06,45.98461616445672
s5_010_ood_terrain_balanced_g05_goal30_smooth075_50ep,learned,35,158,results/stage5_d/s5_010_parallel/ood_terrain_balanced_g05_goal30_smooth075_50ep_seed123_cuda/runs/s5_010_ood_terrain_balanced_g05_goal30_smooth075_50ep_episode_0035_learned,True,False,0.6834250092506409,147,14.700000000000001,13.309040069580078,5.01958703994751,0.4117306009442609,0.04153537377715111,0.03089333139359951,0.003223655995341648,0.002534059534376076,49.340442735321666,57.544708251953125,ood_terrain,OOD terrain,balanced 0.5/3.0/0.75,Balanced,results/stage5_d/s5_010_parallel/ood_terrain_balanced_g05_goal30_smooth075_50ep_seed123_cuda,0.6982452869415283,154,5.01958703994751,0.4025273861424006,0.0030722002967432833,0.0028150856260566034,5.681206653644512,-0.014820277690887451,-7,0.0,0.009203214801860315,0.00015145569859836448,-0.0002810260916805275,43.65923608167715
s5_010_ood_terrain_balanced_g05_goal30_smooth075_50ep,learned,36,159,results/stage5_d/s5_010_parallel/ood_terrain_balanced_g05_goal30_smooth075_50ep_seed123_cuda/runs/s5_010_ood_terrain_balanced_g05_goal30_smooth075_50ep_episode_0036_learned,True,False,0.6750246286392212,107,10.700000000000001,10.257113456726074,5.203551769256592,0.35848581353806297,0.0377458818256855,0.022622523829340935,0.003213063726745874,0.002221291170330906,49.14074077784458,65.0017261505127,ood_terrain,OOD terrain,balanced 0.5/3.0/0.75,Balanced,results/stage5_d/s5_010_parallel/ood_terrain_balanced_g05_goal30_smooth075_50ep_seed123_cuda,0.6774553060531616,102,5.1993021965026855,0.35866576967967495,0.0030137259184845216,0.0016921036639173587,5.669451227375105,-0.0024306774139404297,5,0.00424957275390625,-0.00017995614161198104,0.00019933780826135233,0.0005291875064135471,43.47128955046947
s5_010_ood_terrain_balanced_g05_goal30_smooth075_50ep,learned,37,160,results/stage5_d/s5_010_parallel/ood_terrain_balanced_g05_goal30_smooth075_50ep_seed123_cuda/runs/s5_010_ood_terrain_balanced_g05_goal30_smooth075_50ep_episode_0037_learned,True,False,0.6896023154258728,115,11.5,10.017916679382324,3.267124652862549,0.3484321228634951,0.04006524384021759,0.032147616147994995,0.003390894536644101,0.003177344853785227,49.340349694956906,53.41958999633789,ood_terrain,OOD terrain,balanced 0.5/3.0/0.75,Balanced,results/stage5_d/s5_010_parallel/ood_terrain_balanced_g05_goal30_smooth075_50ep_seed123_cuda,0.691124439239502,127,2.69553279876709,0.3656454464989462,0.0031008347777997246,0.0025052603473267217,5.715353282417838,-0.0015221238136291504,-12,0.571591854095459,-0.017213323635451083,0.0002900597588443763,0.0006720845064585052,43.62499641253907
s5_010_ood_terrain_balanced_g05_goal30_smooth075_50ep,learned,38,161,results/stage5_d/s5_010_parallel/ood_terrain_balanced_g05_goal30_smooth075_50ep_seed123_cuda/runs/s5_010_ood_terrain_balanced_g05_goal30_smooth075_50ep_episode_0038_learned,True,False,0.6979287266731262,101,10.100000000000001,8.573882102966309,4.897014141082764,0.350425588364075,0.0357547402381897,0.02052726410329342,0.002718120232026127,0.0018043298836515809,49.521535930067,54.58998680114746,ood_terrain,OOD terrain,balanced 0.5/3.0/0.75,Balanced,results/stage5_d/s5_010_parallel/ood_terrain_balanced_g05_goal30_smooth075_50ep_seed123_cuda,0.6918919682502747,100,5.056025505065918,0.3415196563883014,0.0029312299959169397,0.0022604659933404695,6.301174163818359,0.0060367584228515625,1,-0.1590113639831543,0.008905931975773607,-0.00021310976389081254,-0.0004561361096888886,43.220361766248644
s5_010_ood_terrain_balanced_g05_goal30_smooth075_50ep,learned,39,162,results/stage5_d/s5_010_parallel/ood_terrain_balanced_g05_goal30_smooth075_50ep_seed123_cuda/runs/s5_010_ood_terrain_balanced_g05_goal30_smooth075_50ep_episode_0039_learned,True,False,0.6690102219581604,181,18.1,14.593632698059082,2.002450466156006,0.4065034953544179,0.053613755851984024,0.03949350118637085,0.00293436289789415,0.0034522530191259527,49.45544775019693,61.036109924316406,ood_terrain,OOD terrain,balanced 0.5/3.0/0.75,Balanced,results/stage5_d/s5_010_parallel/ood_terrain_balanced_g05_goal30_smooth075_50ep_seed123_cuda,0.6827477812767029,191,1.2236393690109253,0.4161944795077705,0.002812015863864249,0.0029265332230190566,5.412347653773443,-0.01373755931854248,-10,0.7788110971450806,-0.009690984153352622,0.00012234703402990094,0.0005257197961068961,44.04310009642349
s5_010_ood_terrain_balanced_g05_goal30_smooth075_50ep,learned,40,163,results/stage5_d/s5_010_parallel/ood_terrain_balanced_g05_goal30_smooth075_50ep_seed123_cuda/runs/s5_010_ood_terrain_balanced_g05_goal30_smooth075_50ep_episode_0040_learned,True,False,0.6828917860984802,114,11.4,9.986319541931152,2.561568260192871,0.31732490576513667,0.03752977401018143,0.02554246596992016,0.003674164137525341,0.0028414623887076424,49.14916398232443,50.78315734863281,ood_terrain,OOD terrain,balanced 0.5/3.0/0.75,Balanced,results/stage5_d/s5_010_parallel/ood_terrain_balanced_g05_goal30_smooth075_50ep_seed123_cuda,0.6990237832069397,114,2.3783679008483887,0.31373318387333327,0.0032334299145613584,0.0019020199739478924,5.556654511836538,-0.016131997108459473,0,0.18320035934448242,0.003591721891803401,0.0004407342229639827,0.00093944241475975,43.5925094704879
s5_010_ood_terrain_balanced_g05_goal30_smooth075_50ep,learned,41,164,results/stage5_d/s5_010_parallel/ood_terrain_balanced_g05_goal30_smooth075_50ep_seed123_cuda/runs/s5_010_ood_terrain_balanced_g05_goal30_smooth075_50ep_episode_0041_learned,True,False,0.676429271697998,140,14.0,10.020155906677246,4.757328510284424,0.4325288512727586,0.05456043779850006,0.04356958344578743,0.0023777926412844094,0.002800723974569131,49.23625332968576,55.05728721618652,ood_terrain,OOD terrain,balanced 0.5/3.0/0.75,Balanced,results/stage5_d/s5_010_parallel/ood_terrain_balanced_g05_goal30_smooth075_50ep_seed123_cuda,0.6659966707229614,142,4.915183067321777,0.4318780433848946,0.002174208947656351,0.0019952196361382457,5.591202789629009,0.010432600975036621,-2,-0.15785455703735352,0.00065080788786398,0.00020358369362805844,0.0008055043384308852,43.64505054005675
s5_010_ood_terrain_balanced_g05_goal30_smooth075_50ep,learned,42,165,results/stage5_d/s5_010_parallel/ood_terrain_balanced_g05_goal30_smooth075_50ep_seed123_cuda/runs/s5_010_ood_terrain_balanced_g05_goal30_smooth075_50ep_episode_0042_learned,True,False,0.6626638174057007,162,16.2,16.135009765625,0.23636382818222046,0.3606992399056814,0.04290883243083954,0.030325401574373245,0.0034251203378534967,0.00354305951973194,50.04140624293574,65.7050609588623,ood_terrain,OOD terrain,balanced 0.5/3.0/0.75,Balanced,results/stage5_d/s5_010_parallel/ood_terrain_balanced_g05_goal30_smooth075_50ep_seed123_cuda,0.6926804184913635,167,0.36759263277053833,0.36165425380561006,0.003603848526445579,0.003498029566929227,5.5796957301522445,-0.030016601085662842,-5,-0.13122880458831787,-0.0009550138999286362,-0.00017872818859208245,4.502995280271328e-05,44.4617105127835
s5_010_ood_terrain_balanced_g05_goal30_smooth075_50ep,learned,43,166,results/stage5_d/s5_010_parallel/ood_terrain_balanced_g05_goal30_smooth075_50ep_seed123_cuda/runs/s5_010_ood_terrain_balanced_g05_goal30_smooth075_50ep_episode_0043_learned,True,False,0.6828630566596985,149,14.9,15.912702560424805,2.798186779022217,0.4431350637281208,0.038459111005067825,0.024763213470578194,0.0038216939053433542,0.004024136315238177,48.724836951134186,49.46112632751465,ood_terrain,OOD terrain,balanced 0.5/3.0/0.75,Balanced,results/stage5_d/s5_010_parallel/ood_terrain_balanced_g05_goal30_smooth075_50ep_seed123_cuda,0.6657609939575195,141,2.8398818969726562,0.4348003827146063,0.003635862428626941,0.0038840408385621803,6.038664080572467,0.017102062702178955,8,-0.04169511795043945,0.008334681013514478,0.00018583147671641332,0.00014009547667599665,42.68617287056172
s5_010_ood_terrain_balanced_g05_goal30_smooth075_50ep,learned,44,167,results/stage5_d/s5_010_parallel/ood_terrain_balanced_g05_goal30_smooth075_50ep_seed123_cuda/runs/s5_010_ood_terrain_balanced_g05_goal30_smooth075_50ep_episode_0044_learned,True,False,0.6954006552696228,141,14.100000000000001,13.493057250976562,3.9679670333862305,0.398102196390639,0.03761647269129753,0.02574245259165764,0.0032321133962668206,0.0022099464601397553,48.59508013894372,53.38263511657715,ood_terrain,OOD terrain,balanced 0.5/3.0/0.75,Balanced,results/stage5_d/s5_010_parallel/ood_terrain_balanced_g05_goal30_smooth075_50ep_seed123_cuda,0.692226231098175,146,3.94389009475708,0.3874773999365709,0.00305298978403971,0.002489213341356659,4.9743293082877384,0.003174424171447754,-5,0.02407693862915039,0.010624796454068108,0.00017912361222711037,-0.00027926688121690394,43.620750830655986
s5_010_ood_terrain_balanced_g05_goal30_smooth075_50ep,learned,45,168,results/stage5_d/s5_010_parallel/ood_terrain_balanced_g05_goal30_smooth075_50ep_seed123_cuda/runs/s5_010_ood_terrain_balanced_g05_goal30_smooth075_50ep_episode_0045_learned,True,False,0.6933323740959167,66,6.6000000000000005,5.737704277038574,4.697494029998779,0.2686613279454777,0.039995498955249786,0.021832507103681564,0.002975412239175913,0.0016586693805074565,50.515565005215734,53.76458168029785,ood_terrain,OOD terrain,balanced 0.5/3.0/0.75,Balanced,results/stage5_d/s5_010_parallel/ood_terrain_balanced_g05_goal30_smooth075_50ep_seed123_cuda,0.6535773873329163,64,4.797844886779785,0.27056129535631046,0.0028061169455908443,0.0015312593232976429,5.502898246049881,0.03975498676300049,2,-0.10035085678100586,-0.001899967410832759,0.00016929529358506888,0.0001274100572098136,45.01266675916585
s5_010_ood_terrain_balanced_g05_goal30_smooth075_50ep,learned,46,169,results/stage5_d/s5_010_parallel/ood_terrain_balanced_g05_goal30_smooth075_50ep_seed123_cuda/runs/s5_010_ood_terrain_balanced_g05_goal30_smooth075_50ep_episode_0046_learned,True,False,0.6996722221374512,116,11.600000000000001,11.664023399353027,0.9837247133255005,0.37645473384146844,0.03998025879263878,0.02211780659854412,0.0034714771635314823,0.002388654600361184,48.85021776988589,49.52406883239746,ood_terrain,OOD terrain,balanced 0.5/3.0/0.75,Balanced,results/stage5_d/s5_010_parallel/ood_terrain_balanced_g05_goal30_smooth075_50ep_seed123_cuda,0.6767286658287048,118,1.0129660367965698,0.3673736527651057,0.0030131320175022214,0.002583520407163447,5.583864147380247,0.022943556308746338,-2,-0.029241323471069336,0.00908108107636274,0.0004583451460292609,-0.00019486580680226281,43.26635362250564
s5_010_ood_terrain_balanced_g05_goal30_smooth075_50ep,learned,47,170,results/stage5_d/s5_010_parallel/ood_terrain_balanced_g05_goal30_smooth075_50ep_seed123_cuda/runs/s5_010_ood_terrain_balanced_g05_goal30_smooth075_50ep_episode_0047_learned,True,False,0.6892526149749756,190,19.0,17.239526748657227,3.1606245040893555,0.41980670795745323,0.04881676286458969,0.03498703986406326,0.0031538719132418974,0.003406981829110588,49.408498563264544,59.54551696777344,ood_terrain,OOD terrain,balanced 0.5/3.0/0.75,Balanced,results/stage5_d/s5_010_parallel/ood_terrain_balanced_g05_goal30_smooth075_50ep_seed123_cuda,0.6811531782150269,201,3.466928005218506,0.4247385555222649,0.0032519711154296886,0.0035468595124569075,6.587780530179911,0.00809943675994873,-11,-0.3063035011291504,-0.004931847564811687,-9.809920218779118e-05,-0.0001398776833463197,42.82071803308463
s5_010_ood_terrain_balanced_g05_goal30_smooth075_50ep,learned,48,171,results/stage5_d/s5_010_parallel/ood_terrain_balanced_g05_goal30_smooth075_50ep_seed123_cuda/runs/s5_010_ood_terrain_balanced_g05_goal30_smooth075_50ep_episode_0048_learned,True,False,0.6755327582359314,142,14.200000000000001,14.265442848205566,5.055644989013672,0.4494873256579986,0.03746063634753227,0.02448333241045475,0.0036788191525217594,0.0032316121468239614,49.08081679277017,52.004098892211914,ood_terrain,OOD terrain,balanced 0.5/3.0/0.75,Balanced,results/stage5_d/s5_010_parallel/ood_terrain_balanced_g05_goal30_smooth075_50ep_seed123_cuda,0.6939964294433594,125,5.04799747467041,0.47127287807082757,0.003432561791717835,0.0032243861213669288,5.466154098510742,-0.01846367120742798,17,0.007647514343261719,-0.02178555241282898,0.0002462573608039242,7.226025457032683e-06,43.61466269425943
s5_010_ood_terrain_balanced_g05_goal30_smooth075_50ep,learned,49,172,results/stage5_d/s5_010_parallel/ood_terrain_balanced_g05_goal30_smooth075_50ep_seed123_cuda/runs/s5_010_ood_terrain_balanced_g05_goal30_smooth075_50ep_episode_0049_learned,True,False,0.6927059888839722,114,11.4,10.750835418701172,5.654042720794678,0.38328734762944167,0.035177987068891525,0.024794260039925575,0.003259536860807591,0.0024222342618780294,48.79643624288994,49.457550048828125,ood_terrain,OOD terrain,balanced 0.5/3.0/0.75,Balanced,results/stage5_d/s5_010_parallel/ood_terrain_balanced_g05_goal30_smooth075_50ep_seed123_cuda,0.6904634237289429,112,5.889573574066162,0.38275943630225295,0.002930751909091909,0.0027593908866201055,5.479589104652405,0.002242565155029297,2,-0.23553085327148438,0.0005279113271887126,0.0003287849517156819,-0.00033715662474207613,43.316847138237534
