x,y,theta,dx,dy,x_d,y_d,theta_d,v,w,state_cost,min_Traj_cost,t_mppi
0.01,0.01,0.0,0.0,0.0,20.0,0.1,0.0,0.99879456,-0.0011354353,999.0204999999999,1000003200.0,0.05806708335876465
0.10987945556640626,0.01,-0.00011354353046044707,0.9987945492257662,-0.00011340665981109555,20.0,0.1,-0.00011354353046044707,0.99446654,-0.00016439117,989.0624881802482,1000003200.0,0.0025174617767333984
0.20932610924512968,0.009988708475800316,-0.00012998264719499275,0.9944665347966328,-0.00012926339346768707,20.0,0.1,-0.00012998264719499275,1.0004439,-0.0007297982,979.197187707021,1000003100.0,0.0025238990783691406
0.30937050193940896,0.009975704440727663,-0.00020296246948419138,1.0004439147882616,-0.00020305257031402404,20.0,0.1,-0.00020296246948419138,1.0037892,0.0011082928,969.3224860092121,1000003100.0,0.002496004104614258
0.40974941851968233,0.009955331287654634,-9.213318553520365e-05,1.0037891822173168,-9.24822952251378e-05,20.0,0.1,-9.213318553520365e-05,1.0068473,-0.0012216227,959.4650647188837,1000003100.0,0.0024192333221435547
0.5104341443306007,0.009946054883104688,-0.00021429545449791476,1.0068472392640146,-0.00021576279005084466,20.0,0.1,-0.00021429545449791476,1.0093827,-0.00033811407,949.6282173887643,1000002940.0,0.002337932586669922
0.611372414489126,0.009924424270293723,-0.00024810686154523863,1.0093826936946695,-0.0002504347773693358,20.0,0.1,-0.00024810686154523863,1.007701,0.0011402676,939.8174831474407,1000002940.0,0.002349853515625
0.7121425153189997,0.009899422516326214,-0.00013408010272542015,1.0077010302563105,-0.00013511265846293926,20.0,0.1,-0.00013408010272542015,1.0053039,0.0012871145,930.0739111585696,1000002940.0,0.0024831295013427734
0.8126729003864279,0.009885943391888573,-5.368657002691163e-06,1.0053038596962056,-5.397131606242342e-06,20.0,0.1,-5.368657002691163e-06,1.0010084,0.0013990221,920.4041044269093,1000002940.0,0.002324342727661133
0.9127737395230163,0.009885405984817562,0.00013453354913508522,1.0010083823215465,0.0001346692112001597,20.0,0.1,0.00013453354913508522,0.999197,0.0020804617,910.825817396742,1000002900.0,0.002512693405151367
1.0126934392413378,0.00989884853673028,0.0003425797200179659,0.9991969475922742,0.0003423046239400231,20.0,0.1,0.0003425797200179659,0.9927236,0.0008331758,901.3148216243097,1000002900.0,0.002585172653198242
1.111965791833504,0.009932857232817258,0.0004258972985553555,0.9927234941407859,0.00042279827993057747,20.0,0.1,0.0004258972985553555,0.98696196,0.0017913332,891.9148708476849,1000002900.0,0.0024340152740478516
1.2106619789615802,0.00997489167483434,0.0006050306183169596,0.986961780147888,0.000597142168961781,20.0,0.1,0.0006050306183169596,0.9803624,0.0023603528,882.6183194724223,1000002900.0,0.0024166107177734375
1.308698202549279,0.010034206599046714,0.0008410658963839523,0.9803620685635537,0.000824549296403722,20.0,0.1,0.0008410658963839523,0.97507083,0.00075868034,873.432141818417,1000002750.0,0.002365589141845703
1.4062052514774086,0.010116216471894911,0.0009169339304207824,0.9750704242557838,0.0008940754071198771,20.0,0.1,0.0009169339304207824,0.96903086,0.002145969,864.343205611819,1000002750.0,0.00287628173828125
1.503108296449531,0.010205070186692724,0.0011315308380289934,0.9690302367310866,0.0010964880638110305,20.0,0.1,0.0011315308380289934,0.95892984,0.0034404716,855.3576645557358,1000002750.0,0.0024242401123046875
1.5990012187356726,0.010313576031717137,0.0014755779979168436,0.958928792796664,0.0014149752551760922,20.0,0.1,0.0014755779979168436,0.96282995,0.012476374,846.5119995068388,1000002700.0,0.002367258071899414
1.6952841086629065,0.010455649048782928,0.0027232154374360103,0.9628263773474051,0.0026219901358404893,20.0,0.1,0.0027232154374360103,0.975192,0.012432623,837.67660513339,1000002700.0,0.0024557113647460938
1.7928029481069634,0.010721214514267335,0.003966477709764149,0.9751843390913993,0.003868067229301931,20.0,0.1,0.003966477709764149,0.96869415,0.015485916,828.7749879700007,1000002700.0,0.0024421215057373047
1.889671601132137,0.01110544388228857,0.005515069338434842,0.9686794185894825,0.005342388325021857,20.0,0.1,0.005515069338434842,0.9591422,0.018793922,819.979742392368,1000002700.0,0.0027167797088623047
1.9855843632827894,0.011634414779058903,0.007394461530202534,0.9591159862006104,0.007092275527392607,20.0,0.1,0.007394461530202534,0.95495063,0.017740468,811.3174480226324,1000002560.0,0.002972126007080078
2.0810768156187107,0.012340542914234311,0.009168508286529688,0.9549104936336674,0.008755350104565898,20.0,0.1,0.009168508286529688,0.9447898,0.019199412,802.7387306704346,1000002560.0,0.0026886463165283203
2.175551827308935,0.013206762113829991,0.011088449518138078,0.9447317447566107,0.010476039619424213,20.0,0.1,0.011088449518138078,0.93358254,0.019750223,794.2962143177314,1000002560.0,0.0028734207153320312
2.268904342428422,0.014241939191759761,0.013063471774512437,0.9335028855242635,0.012195482341511132,20.0,0.1,0.013063471774512437,0.9584771,0.031468965,785.9977691573682,1000002400.0,0.0024988651275634766
2.3647438721200524,0.015494007407185357,0.01621036828582874,0.9583511502202395,0.01553658599690632,20.0,0.1,0.01621036828582874,0.9577969,0.011764816,777.5234998967783,1000002400.0,0.0024709701538085938
2.460510975258384,0.017046563412613378,0.01738684988667956,0.9576521030913322,0.01665223139792988,20.0,0.1,0.01738684988667956,0.95080286,0.012838632,769.1013913041832,1000002400.0,0.0024538040161132812
2.5555768903783975,0.018699626786592566,0.018670713073515803,0.9506371446459924,0.017751136068191006,20.0,0.1,0.018670713073515803,0.9411543,0.015289925,760.786268445462,1000002400.0,0.0027451515197753906
2.649675916862614,0.020456726887733322,0.020199705577397257,0.9409622989919879,0.019009746973082886,20.0,0.1,0.020199705577397257,0.9402609,0.019618664,752.6001823054867,1000002370.0,0.0024585723876953125
2.743682823586041,0.022355897037747763,0.022161571971082598,0.9400299989526185,0.020835953679051614,20.0,0.1,0.022161571971082598,0.94033533,0.022995269,744.4662777493105,1000002370.0,0.002406597137451172
2.837693266273352,0.02443965737663317,0.02446109886368504,0.9400540247337253,0.02299934180234033,20.0,0.1,0.02446109886368504,0.93275696,0.029967591,736.3762044697411,1000002370.0,0.002433300018310547
2.9309410581641013,0.02672105587244443,0.02745785798033467,0.932405363906172,0.025608290038945852,20.0,0.1,0.02745785798033467,0.9208644,0.03438862,728.3953574088013,1000002370.0,0.0026009082794189453
3.0229927871222744,0.029249234564887625,0.030896720020973593,0.9204249062672207,0.028447163162008446,20.0,0.1,0.030896720020973593,0.94201064,0.01953395,720.55944894228,1000002240.0,0.0027208328247070312
3.1171488922966453,0.03215927542575165,0.03285011510452023,0.9415024108034256,0.03093959264833581,20.0,0.1,0.03285011510452023,0.95180607,0.0281204,712.5881597219781,1000002240.0,0.0023636817932128906
3.2122781476297493,0.03528540699501035,0.03566215514292708,0.9512008841721559,0.03393626131481298,20.0,0.1,0.03566215514292708,0.94524944,0.039402995,704.5794824277436,1000002240.0,0.002423524856567383
3.3067429899219265,0.038655655726307483,0.03960245466878405,0.9445082920931354,0.03742441378273422,20.0,0.1,0.03960245466878405,0.93046606,0.047035515,696.6714818327379,1000002240.0,0.0024232864379882812
3.399716640017312,0.042339566583617094,0.044306006199622064,0.9295529425013359,0.04121174848858708,20.0,0.1,0.044306006199622064,0.9139283,0.058035344,688.9318308932496,1000002240.0,0.0025353431701660156
3.491019778650917,0.04638749307983311,0.05010954058816424,0.912781088981445,0.045777362576376185,20.0,0.1,0.05010954058816424,0.91038704,0.06880029,681.3732556244837,1000002200.0,0.0024232864379882812
3.5819442089360614,0.050947491816066885,0.05698956987907878,0.9089090567126566,0.05185448621823436,20.0,0.1,0.05698956987907878,0.90775985,0.08198885,673.8874052676182,1000002200.0,0.002347707748413086
3.6725728217305718,0.05611797627589589,0.06518845475366107,0.9058317497437856,0.05913355914175164,20.0,0.1,0.06518845475366107,0.8888145,0.09449352,666.4670097342433,1000002200.0,0.0023345947265625
3.7612654870885907,0.06190791792220214,0.07463780707767001,0.8863399530757785,0.06627758926926988,20.0,0.1,0.07463780707767001,0.8686366,0.10250075,659.244873968843,1000002200.0,0.002379894256591797
3.847887310063131,0.06838521321385548,0.08488788223912708,0.8655088099400168,0.07364819678036957,20.0,0.1,0.08488788223912708,0.8448723,0.10928139,652.2293596079081,1000002200.0,0.0023751258850097656
3.932070316915385,0.07554854486688357,0.0958160213296651,0.840996998306075,0.08082849216683533,20.0,0.1,0.0958160213296651,0.82454336,0.11212364,645.4474054355243,1000002200.0,0.0031599998474121094
4.014146447417371,0.08343690818414418,0.10702838516881458,0.8198252602296587,0.08808115626957012,20.0,0.1,0.10702838516881458,0.86562216,0.14485757,638.8694703515729,1000002050.0,0.0025398731231689453
4.100213348443117,0.09268384472860093,0.12151414222171299,0.8592392697497913,0.10492667002783802,20.0,0.1,0.12151414222171299,0.8359048,0.12015905,632.0081727278861,1000002050.0,0.0023491382598876953
4.18318744973852,0.10281629148003303,0.13353004745295038,0.8284636379483398,0.11128700235177032,20.0,0.1,0.13353004745295038,0.8044303,0.12625168,625.4289179540169,1000002050.0,0.0023589134216308594
4.262914384677404,0.1135259607879288,0.14615521571686257,0.7958537320582959,0.11715355014779726,20.0,0.1,0.14615521571686257,0.7817696,0.12870266,619.1401165390214,1000002050.0,0.0024056434631347656
4.340257844790935,0.12491129526337358,0.15902548126032343,0.7719052623946656,0.12379794922587563,20.0,0.1,0.15902548126032343,0.75746936,0.13024057,613.0703623506589,1000002050.0,0.002519369125366211
4.4150490111044,0.13690628151478781,0.17204953870823372,0.746286041637637,0.1296802584313463,20.0,0.1,0.17204953870823372,0.83942336,0.21728618,607.2301484997329,2056.7234,0.002562284469604492
4.497752018218395,0.15127737615841494,0.19377815715124597,0.823712450174882,0.16164582927577018,20.0,0.1,0.19377815715124597,0.8220163,0.25371847,600.8058046448938,2021.6921,0.002431631088256836
4.5784151368624,0.16710675533364985,0.2191500037079095,0.8023557988626762,0.1787063722323684,20.0,0.1,0.2191500037079095,0.7803679,0.25107822,594.5744575189153,2004.6648,0.002447366714477539
4.654585490109977,0.1840719564574248,0.24425782553007594,0.7572043101592789,0.18872124676168417,20.0,0.1,0.24425782553007594,0.84390867,0.25680456,588.7220364355146,1980.4076,0.0024750232696533203
4.736471389256534,0.20448072694618394,0.26993828109552853,0.8133485041788537,0.2250467727836346,20.0,0.1,0.26993828109552853,0.81952745,0.21427904,582.4655546832189,1951.6096,0.0024871826171875
4.815456408483396,0.2263352254593448,0.2913661851649522,0.7849862647285878,0.23541835302370498,20.0,0.1,0.2913661851649522,0.88360447,0.21865675,576.4658116796495,1928.4215,0.002928018569946289
4.900092667138428,0.2517177442548108,0.31323186001827713,0.8406106515753478,0.2722693269732041,20.0,0.1,0.31323186001827713,0.8265375,0.2260399,570.0755493373211,1904.5955,0.002699136734008789
4.978724707145476,0.27718624453032753,0.3358358501558542,0.7803631201409558,0.2723924061336395,20.0,0.1,0.3358358501558542,0.88460046,0.19699302,564.1752659724314,1894.4482,0.0025098323822021484
5.062242948471442,0.3063389993487775,0.3555351524715662,0.8292778491286733,0.3079224313251949,20.0,0.1,0.3555351524715662,0.86717284,0.14004701,557.9479037828585,1881.7471,0.002499818801879883
5.143536962819264,0.33652460068428675,0.3695398538475275,0.8086331579920506,0.3132110238686163,20.0,0.1,0.3695398538475275,0.8398853,0.18263,551.9260946546157,1860.7393,0.002471923828125
5.221855732597615,0.36686011417141595,0.3878028540973902,0.777517223373072,0.31760710818626314,20.0,0.1,0.3878028540973902,0.7926943,0.18970205,546.1619057717339,1846.7122,0.003257274627685547
5.295238782920208,0.39683627122904863,0.4067730589871645,0.7280122685305553,0.3136277148598282,20.0,0.1,0.4067730589871645,0.8239355,0.22390522,540.7952855581278,1825.2416,0.00244140625
5.370909212374651,0.42943509531227614,0.42916358104994295,0.7492161840787842,0.34284811806008003,20.0,0.1,0.42916358104994295,0.9369736,0.17007042,535.2970618865206,1804.1562,0.0023870468139648438
5.456109541355911,0.4684235382611443,0.4461706235175371,0.8452496148753869,0.4043174034866707,20.0,0.1,0.4461706235175371,0.7881919,0.056964993,529.1512139414585,1792.5818,0.0024309158325195312
5.527212818150009,0.5024351387952919,0.4518671228652239,0.7090837713041896,0.34416086274921,20.0,0.1,0.4518671228652239,0.7988346,0.06886628,524.0588071301465,1784.8939,0.002438068389892578
5.599078648779217,0.5373159346511127,0.45875375113537314,0.7162391731798039,0.35374878085848027,20.0,0.1,0.45875375113537314,0.50405216,-0.07918751,518.9444524768661,1764.8982,0.0027267932891845703
5.644272221262456,0.5596369298818105,0.45083499989559656,0.4536890808391208,0.21962422479321167,20.0,0.1,0.45083499989559656,0.49838668,-0.07204176,515.7454654113199,1734.6404,0.0026853084564208984
5.689131188689153,0.5813524975738743,0.4436308241551161,0.45014244750932353,0.21391835084470548,20.0,0.1,0.4436308241551161,0.47595662,-0.15948203,512.5816659036753,1717.803,0.002562284469604492
5.7321195520266945,0.6017815858359616,0.4276826209490538,0.43308689951634377,0.19740932205290368,20.0,0.1,0.4276826209490538,0.49508303,-0.18217663,509.56049309385736,1707.7571,0.0024454593658447266
5.777168610649276,0.6223158114884504,0.4094649574821234,0.45415648235770545,0.19710175069056335,20.0,0.1,0.4094649574821234,0.5901032,-0.17814846,506.4043663420777,1677.0059,0.002437114715576172
5.83130078226699,0.6458089161979629,0.3916501111452818,0.5454208582795053,0.22525071508837433,20.0,0.1,0.3916501111452818,0.57567626,-0.18712299,502.62486223897304,1670.699,0.0024747848510742188
5.884509413624859,0.6677832908121657,0.37293781257321834,0.5361048318811763,0.20974929868764045,20.0,0.1,0.37293781257321834,0.6417405,-0.12879683,498.92363089842684,1654.7572,0.0025093555450439453
5.944272201470101,0.6911652901763051,0.360058129495883,0.6005897541720685,0.22610355528725015,20.0,0.1,0.360058129495883,0.67520916,-0.26031178,494.78240086668853,1628.8464,0.002348661422729492
6.007463429950734,0.7149548425674147,0.3340269512598753,0.6378901994097126,0.22136736318420328,20.0,0.1,0.3340269512598753,0.76540875,-0.16990404,490.42312280640795,1603.8833,0.00238800048828125
6.079773873665853,0.7400487729502739,0.3170365474288702,0.7272634239833874,0.23861783958805802,20.0,0.1,0.3170365474288702,0.93219036,0.024081565,485.4558946000772,1576.7334,0.0024178028106689453
6.168347194545199,0.76911000960316,0.3194447039728403,0.8850308011189509,0.29274450602840413,20.0,0.1,0.3194447039728403,0.9103535,0.00023240794,479.40581883899205,1535.9982,0.002459287643432617
6.254777059841002,0.7976986962230289,0.31946794476680235,0.8642920084868531,0.2859069531083937,20.0,0.1,0.31946794476680235,0.9135691,-0.04735788,473.5448428634612,1465.73,0.0028204917907714844
6.341511551648521,0.8263903814851747,0.3147321568088956,0.8686939641194755,0.28280608892216774,20.0,0.1,0.3147321568088956,0.9696727,-0.0797477,467.7048742001624,1433.5701,0.002797365188598633
6.4337157221798975,0.856407743096202,0.3067573868887849,0.9244061760980157,0.29281107857878336,20.0,0.1,0.3067573868887849,0.96916103,-0.09376136,461.54055445111203,1390.1346,0.00258636474609375
6.526107563642607,0.8856734008233822,0.29738125067524385,0.926621750926569,0.283981055384455,20.0,0.1,0.29738125067524385,0.9834645,-0.093457244,455.40765019822584,1344.5219,0.002504110336303711
6.620137301353489,0.9144906222257062,0.28803552624158335,0.9429494523122589,0.2793719970161853,20.0,0.1,0.28803552624158335,0.99707985,-0.0888438,449.2103020208147,1323.5819,0.002518892288208008
6.715737693376256,0.9428145926882142,0.27915114622883275,0.9584825667920305,0.27473513594466165,20.0,0.1,0.27915114622883275,1.0082028,-0.08289973,442.95490367208157,1303.3751,0.002767324447631836
6.812655186985537,0.9705945875516357,0.2708611735361047,0.9714445612757305,0.2697560612469761,20.0,0.1,0.2708611735361047,1.0165553,-0.07664243,436.65999538303413,1283.8522,0.002541780471801758
6.910604442339427,0.9977936747457015,0.26319693040422876,0.9815483694421843,0.2644758879417417,20.0,0.1,0.26319693040422876,1.0221173,-0.07051925,430.3457738682944,1264.9637,0.0024976730346679688
7.009296320482116,1.0243859680213345,0.2561450050430723,0.9887694950960769,0.2589567007558077,20.0,0.1,0.2561450050430723,1.025045,-0.06470023,424.0321787672856,1246.7074,0.0025174617767333984
7.10845649578425,1.0503558143504965,0.24967498194746454,0.9932612416071547,0.2532773861836726,20.0,0.1,0.24967498194746454,1.0255398,-0.059246343,417.73767523739275,1229.0526,0.002504110336303711
7.207830557815496,1.0756957769216755,0.24375034768454512,0.9952244708958436,0.2475076631135937,20.0,0.1,0.24375034768454512,1.0238155,-0.054168753,411.4789532166545,1211.9818,0.0025625228881835938
7.307185677506907,1.100404929693067,0.2383334723519512,0.9948750777484145,0.2417059859261676,20.0,0.1,0.2383334723519512,1.0200824,-0.04945759,405.27086362159986,1195.4792,0.0029637813568115234
7.406310422076798,1.1244873945691283,0.23338771324924906,0.9924263783462458,0.23591925232552652,20.0,0.1,0.23338771324924906,1.0145397,-0.045094423,399.1264790168063,1179.5276,0.0027740001678466797
7.5050138232443295,1.1479511326493612,0.22887827094964464,0.9880820561335592,0.23018403728433642,20.0,0.1,0.22887827094964464,1.0073737,-0.04105793,393.0572028343409,1164.112,0.0025839805603027344
7.603124113973425,1.1708069498145202,0.2247724780099817,0.9820330477048579,0.22452805111828697,20.0,0.1,0.2247724780099817,0.9987574,-0.037326228,387.0728981432956,1149.2164,0.0026187896728515625
7.7004874662390765,1.193067711594016,0.22103985522262534,0.9744576484404585,0.21897186882516767,20.0,0.1,0.22103985522262534,1.0226257,-0.054786846,381.18201397567856,1130.144,0.002588510513305664
7.800261985863555,1.2154881965255788,0.2155611706184574,0.9989585636409464,0.21873518055997823,20.0,0.1,0.2155611706184574,1.0042975,-0.053509943,375.1948038253843,1106.5338,0.0027713775634765625
7.898367441059383,1.236969682582383,0.2102101762997337,0.9821899742685082,0.20956219288162056,20.0,0.1,0.2102101762997337,0.99489206,-0.04721636,369.3555266268078,1092.7258,0.0024688243865966797
7.995666599180177,1.2577296429520815,0.2054885403471418,0.9739609414762811,0.20300319464312913,20.0,0.1,0.2054885403471418,0.9831476,-0.040884968,363.6108958105209,1079.3452,0.002454042434692383
8.09191295800445,1.277790322474282,0.2014000435578056,0.9632757220298152,0.19667010024467682,20.0,0.1,0.2014000435578056,0.9775724,-0.10145541,357.974317608641,1065.411,0.002500295639038086
8.187694275210537,1.2973458046957114,0.19125450227729757,0.95974785315244,0.18582739150588892,20.0,0.1,0.19125450227729757,0.97085196,-0.10296348,352.41050877979086,1045.605,0.002458810806274414
8.28300927181459,1.3158007948602066,0.18095815453998526,0.9549995988841617,0.17472632913017946,20.0,0.1,0.18095815453998526,0.9897189,-0.08954789,346.9151082429139,1023.6708,0.0037004947662353516
8.380365120800297,1.333612980470023,0.17200336579553566,0.9751144784212097,0.169396820412837,20.0,0.1,0.17200336579553566,0.9694473,-0.10353355,341.34428927874603,1003.7995,0.002719402313232422
8.4758793217786,1.3502057009229012,0.16165001068584403,0.9568086910473894,0.1560295638373689,20.0,0.1,0.16165001068584403,0.97112167,-0.08887783,335.9209292520755,986.1963,0.0025565624237060547
8.571725443446095,1.3658356055205612,0.1527622279929348,0.959812494880494,0.14777438991416025,20.0,0.1,0.1527622279929348,0.9567893,-0.078840286,330.5194978004524,974.19666,0.002796649932861328
8.666290148235577,1.3803949508429185,0.1448781994389721,0.9467655093778495,0.1381334972635552,20.0,0.1,0.1448781994389721,0.9916608,-0.1339839,325.2309755853149,956.86914,0.002634286880493164
8.764417311982358,1.3947117464703844,0.13147980992071115,0.9831017240459032,0.13000803967675395,20.0,0.1,0.13147980992071115,0.960502,-0.10016883,319.7864921143253,930.06085,0.003023386001586914
8.859638503051466,1.4073040551641713,0.1214629267560669,0.9534254753517947,0.11637873360758268,20.0,0.1,0.1214629267560669,0.9574888,-0.09044051,314.54174543835524,918.3092,0.0025599002838134766
8.954681945296823,1.4189054185975734,0.11241887558571778,0.9514447713343047,0.10741322933730824,20.0,0.1,0.11241887558571778,0.94414115,-0.06837756,309.346406081895,895.3296,0.002539396286010742
9.04850008534505,1.429497004884676,0.10558111939899407,0.9388836894775171,0.09949838115106462,20.0,0.1,0.10558111939899407,0.94609106,-0.100411646,304.25728166671166,875.28986,0.002554178237915039
9.142582359120293,1.4394673921014967,0.09553995479218445,0.9417764351000345,0.09025204866144639,20.0,0.1,0.09553995479218445,0.94153166,-0.14025591,299.1942268074726,854.0081,0.0025377273559570312
9.236306142160624,1.4484491027415514,0.0815143634783455,0.9384053432338957,0.0766633884675999,20.0,0.1,0.0815143634783455,0.95196563,-0.06772486,294.18855111993406,832.2085,0.0038061141967773438
9.331186609117196,1.4562003992881078,0.07474187735788308,0.9493078619116333,0.07108547051103191,20.0,0.1,0.07474187735788308,0.9944539,-0.069687046,289.1571467312736,807.74176,0.002721071243286133
9.430354360812402,1.4636262161085642,0.06777317274682008,0.9921709167600278,0.0673457133666727,20.0,0.1,0.06777317274682008,0.9816778,-0.07530147,283.94221348813994,782.5547,0.002534151077270508
9.528296771895008,1.470274265786083,0.060243025909585586,0.9798969459315853,0.0591034742874757,20.0,0.1,0.060243025909585586,0.9767271,-0.07294803,278.8355501524503,768.72253,0.0025773048400878906
9.625792300307022,1.476154807082357,0.0529482227968403,0.97535831363058,0.05169180456547382,20.0,0.1,0.0529482227968403,0.9720172,-0.071630485,273.79496862356234,755.1249,0.002669095993041992
9.72285780178682,1.4812990611092354,0.04578517426125489,0.9709985953687167,0.04448843101011306,20.0,0.1,0.04578517426125489,0.9671695,-0.07022151,268.81909714628824,742.0078,0.0031349658966064453
9.819473398806432,1.4857257166605502,0.03876302291027985,0.9664429933220184,0.037481026418630686,20.0,0.1,0.03876302291027985,0.9594027,-0.06739097,263.9083940985607,729.29456,0.0026214122772216797
9.91534159729337,1.4894437202107071,0.03202392582170449,0.958910773447157,0.0307185891601146,20.0,0.1,0.03202392582170449,0.96221346,-0.06543039,259.07722237728603,712.6105,0.0026280879974365234
10.011513608146746,1.4925245787972539,0.02548088703624688,0.9619011026698832,0.024515399317080647,20.0,0.1,0.02548088703624688,0.956294,-0.062428426,254.27246275698025,700.13257,0.0026264190673828125
10.107111964923078,1.4949610370609188,0.019238044436497317,0.956117042276423,0.018396091680747708,20.0,0.1,0.019238044436497317,0.9479371,-0.12822792,249.5378749237155,685.3003,0.0026884078979492188
10.201888130909364,1.496784570123861,0.00641525250248395,0.9479175649949698,0.0060812139562734105,20.0,0.1,0.00641525250248395,0.986789,-0.09750506,244.88500833637727,674.687,0.0031812191009521484
10.3005649991397,1.4974176158341668,-0.0033352537793687725,0.9867834996387097,-0.0032911856002237976,20.0,0.1,-0.0033352537793687725,0.9991921,-0.0887908,240.07953832239374,661.0874,0.002780914306640625
10.400483655258139,1.4970843605230157,-0.012214333449082748,0.9991175848644456,-0.012204162255164403,20.0,0.1,-0.012214333449082748,1.0246307,-0.102567896,235.25639690846035,644.0244,0.0026464462280273438
10.502939078701614,1.4958328735803699,-0.022471123073773757,1.024371982334262,-0.023022664127428753,20.0,0.1,-0.022471123073773757,0.99316496,-0.135187,230.35628888455147,618.1931,0.002676248550415039
10.602230500413318,1.4936013081996042,-0.03598982307739772,0.992521818915545,-0.03573611527034976,20.0,0.1,-0.03598982307739772,0.97852004,-0.1380666,225.6504904339434,607.67566,0.002674579620361328
10.700019138574307,1.4900803921060217,-0.049796483550744425,0.9773070733591744,-0.048706721445846375,20.0,0.1,-0.049796483550744425,0.9714106,-0.11266383,221.05491879850453,596.16785,0.0027244091033935547
10.797039780869767,1.4852451079587992,-0.061062866334395775,0.9696000986891237,-0.05928025845801165,20.0,0.1,-0.061062866334395775,0.952686,-0.14451467,216.53345201004345,577.3187,0.0024907588958740234
10.892130824469161,1.479431348606634,-0.07551433283515491,0.9499709970910024,-0.07187309474765131,20.0,0.1,-0.07551433283515491,0.94392246,-0.13892959,212.14027941025878,566.589,0.0025167465209960938
10.986254066490114,1.4723101536307415,-0.08940729189343967,0.9401522731303563,-0.08428116023038387,20.0,0.1,-0.08940729189343967,0.9373565,-0.118249685,207.8271272790601,555.6852,0.002705812454223633
11.079615317564146,1.463940664149128,-0.10123226035066166,0.9325575716120008,-0.09472872456783854,20.0,0.1,-0.10123226035066166,0.92800915,-0.12477608,203.58399254488944,542.70233,0.0027081966400146484
11.171941128228974,1.4545622551852149,-0.11370986837573566,0.922016065484526,-0.10529654291401143,20.0,0.1,-0.11370986837573566,0.9222678,-0.115843914,199.4236558665689,532.22107,0.002576112747192383
11.263572306768326,1.4440977452005,-0.12529425982065714,0.9150380797332764,-0.11525275532981996,20.0,0.1,-0.12529425982065714,0.91425896,-0.06344063,195.32941896929594,517.6759,0.003288745880126953
11.354281509149587,1.4326725534628426,-0.13163832265563524,0.9063489534661772,-0.12000422842311251,20.0,0.1,-0.13163832265563524,0.9396918,-0.084817216,191.31116089446482,494.8152,0.002521038055419922
11.44743768298393,1.420338303259224,-0.14012004423566377,0.9304820862364942,-0.13123921802174118,20.0,0.1,-0.14012004423566377,0.94898564,-0.1078584,187.22403855374185,494.12363,0.0025637149810791016
11.541406168345645,1.407084581645475,-0.15090588394232307,0.9382006978878399,-0.1426646005908889,20.0,0.1,-0.15090588394232307,0.9658559,-0.084091716,183.14069928119108,477.83658,0.002576589584350586
11.636894091611353,1.3925645045824067,-0.15931505549378905,0.9536244673125251,-0.15322528542780273,20.0,0.1,-0.15931505549378905,0.97457683,-0.10458198,179.03065858357866,457.17813,0.003536701202392578
11.733117587743813,1.3771036254154658,-0.16977325368352447,0.9605654401941535,-0.16466339715139366,20.0,0.1,-0.16977325368352447,0.96982414,-0.06716888,174.93084622030003,457.08258,0.0025343894958496094
11.828705695108615,1.3607175867060375,-0.17649014133639845,0.9547588871519842,-0.1702771882005368,20.0,0.1,-0.17649014133639845,0.9819311,-0.12361151,170.8986486264507,436.0765,0.0027267932891845703
11.925373472384937,1.3434772996286284,-0.1888512923163942,0.9644728768183846,-0.1843386451270325,20.0,0.1,-0.1888512923163942,0.9678854,-0.13717774,166.8645733878915,436.8475,0.0027616024017333984
12.020441161069828,1.3253071163619494,-0.20256906587310347,0.948094973918595,-0.1947254981082235,20.0,0.1,-0.20256906587310347,0.9475178,-0.15185666,162.9368419833897,428.6079,0.0026264190673828125
12.113255547842979,1.3062443344749073,-0.21775473195739303,0.9251421535872593,-0.20469978063209762,20.0,0.1,-0.21775473195739303,0.87650037,-0.13251768,159.13940862020593,424.30365,0.0029251575469970703
12.19883572667399,1.2873086025279452,-0.231006500009971,0.8532174001750873,-0.2006812481273626,20.0,0.1,-0.231006500009971,0.8682378,-0.19450708,155.6696643426375,424.01523,0.002577543258666992
12.283353157561985,1.2674296554792324,-0.25045720774360214,0.8411480844216874,-0.21519006956871353,20.0,0.1,-0.25045720774360214,0.92758155,-0.18037021,152.27382622850237,416.1319,0.002521991729736328
12.373217184297083,1.244439831781131,-0.26849422890372787,0.8943476376121586,-0.2460687557760357,20.0,0.1,-0.26849422890372787,0.92729145,-0.18490764,148.69389661617134,413.3238,0.002591848373413086
12.462623977849184,1.2198406518626497,-0.2869849934024385,0.8893667779874482,-0.262480804641396,20.0,0.1,-0.2869849934024385,0.9882257,-0.1318585,145.16520096214555,417.39178,0.0026111602783203125
12.55740486929809,1.1918677555639654,-0.3001708431882432,0.9440381623056561,-0.2922019493932109,20.0,0.1,-0.3001708431882432,0.91783255,-0.12738334,141.4609936879702,403.6077,0.003000974655151367
12.645084127016649,1.1647289691783176,-0.312909176830726,0.8732645060460776,-0.28253442009147844,20.0,0.1,-0.312909176830726,0.87438715,-0.119288184,138.07108819117497,361.0157,0.0025627613067626953
12.728276998689267,1.1378128978264745,-0.3248379952055982,0.8286588339505306,-0.2790652546111392,20.0,0.1,-0.3248379952055982,0.9584026,-0.09930712,134.88752754671637,353.87213,0.0026733875274658203
12.819105044821987,1.107224975775344,-0.3347687071902326,0.9051981263077254,-0.3148838612858975,20.0,0.1,-0.3347687071902326,0.94446033,-0.086436756,131.4493862728167,329.74255,0.002685546875
12.908308031791332,1.0761946630086625,-0.34341238278575453,0.8893144205568944,-0.3180018566843156,20.0,0.1,-0.34341238278575453,0.8283189,-0.059767783,128.1126274801048,327.91385,0.0025768280029296875
12.986303465999404,1.0483049849400956,-0.34938916105456863,0.7782735171111627,-0.28355338575090694,20.0,0.1,-0.34938916105456863,1.0095235,-0.0069083455,125.22805353878553,325.909,0.003130674362182617
13.081156477229408,1.0137465785551913,-0.3500799956047556,0.9482911445636074,-0.3462392587049852,20.0,0.1,-0.3500799956047556,1.05,0.025144761,121.76332125601472,321.0704,0.0025179386138916016
13.179787727100308,0.9777344202257341,-0.3475655194619319,0.987214896861255,-0.3576403882105892,20.0,0.1,-0.3475655194619319,1.05,-0.051814213,118.21428289965147,318.47293,0.0024976730346679688
13.278509216786434,0.9419703814046751,-0.3527469408014438,0.9853485677013123,-0.3627507408581979,20.0,0.1,-0.3527469408014438,1.05,0.014949239,114.71838117996914,312.61786,0.002572298049926758
13.377044073556565,0.9056953073188554,-0.3512520169155321,0.985889751219455,-0.3612773149599076,20.0,0.1,-0.3512520169155321,1.05,-0.14391366,111.2817253296196,308.40515,0.0025634765625
13.47563304867851,0.8695675758228646,-0.36564338256284806,0.9805885640056112,-0.375427713422454,20.0,0.1,-0.36564338256284806,1.05,0.027547304,107.89899592313488,305.28424,0.0034699440002441406
13.573691905079071,0.8320248044806192,-0.36288865220412825,0.9816190442021686,-0.3727250352791184,20.0,0.1,-0.36288865220412825,1.05,-0.21284725,104.58324011305285,300.8934,0.002617359161376953
13.671853809499288,0.7947523009527073,-0.3841733769761047,0.9734639457070372,-0.3935325225094942,20.0,0.1,-0.3841733769761047,1.05,-0.3636861,101.3202874200694,303.52548,0.0027642250061035156
13.76920020406999,0.7553990487017579,-0.4205419884310684,0.9585111514736087,-0.42866802115965663,20.0,0.1,-0.4205419884310684,0.8406635,-0.020465342,98.13103502500152,305.22577,0.0026161670684814453
13.845941667780783,0.7210785180128596,-0.4225885226638636,0.7667106491070931,-0.3447751273947079,20.0,0.1,-0.4225885226638636,0.79279554,-0.07398482,95.64543120473454,304.95087,0.0025682449340820312
13.918247029858954,0.6885641784104893,-0.42998700433090536,0.7206282862780924,-0.330483947445652,20.0,0.1,-0.42998700433090536,0.83457524,-0.13906625,93.33531745481864,304.90228,0.0032358169555664062
13.994107512475807,0.6537741594399116,-0.443893629244121,0.7536935109547409,-0.35841584204414567,20.0,0.1,-0.443893629244121,0.748428,-0.016075842,90.9435259784073,293.9849,0.0024263858795166016
14.061697023051565,0.6216322463223704,-0.44550121345237104,0.675377524293834,-0.32250527367987997,20.0,0.1,-0.44550121345237104,0.79817426,-0.025186395,88.83885611609493,277.1256,0.0024576187133789062
14.133723853467936,0.587238101092243,-0.4480198529796323,0.7193997560167279,-0.3457544557009329,20.0,0.1,-0.4480198529796323,0.86824167,-0.018569995,86.62649198631765,259.60965,0.0025429725646972656
14.211979050815364,0.5496274639765978,-0.44987685245141595,0.7818521952489883,-0.37755892043135963,20.0,0.1,-0.44987685245141595,1.05,-0.14581357,84.2583784114056,244.6409,0.002534151077270508
14.306531615870162,0.5039677285393431,-0.4644582093940696,0.9387675623225199,-0.47033537374434503,20.0,0.1,-0.4644582093940696,1.05,0.13005613,81.44693041696819,236.67001,0.00390934944152832
14.400408372102413,0.45693419116490863,-0.4514525966034851,0.9448049963792277,-0.45808669341189856,20.0,0.1,-0.4514525966034851,1.05,-0.055402815,78.70707104010823,217.71074,0.002797365188598633
14.494888871740336,0.41112552182371875,-0.45699287813768,0.9422525798890691,-0.46331412190499066,20.0,0.1,-0.45699287813768,1.0020925,-0.030349879,76.00761906204616,219.02432,0.002482175827026367
14.584814992508807,0.366908034316206,-0.46002786599710793,0.897915072754994,-0.44490208126471364,20.0,0.1,-0.46002786599710793,0.89868844,-0.03330492,73.48867141034982,211.85503,0.002526521682739258
14.665341082422579,0.3270086873893038,-0.46335835785284846,0.8039275910507617,-0.40167316632645744,20.0,0.1,-0.46335835785284846,0.9073785,0.08977075,71.2752967775963,208.49829,0.0025382041931152344
14.746511216429825,0.28645296433566514,-0.4543812829317173,0.8153093023933077,-0.3982542832747914,20.0,0.1,-0.4543812829317173,0.91715264,0.10957848,69.08477276751798,196.54181,0.0031871795654296875
14.82892038592786,0.24619854231770297,-0.44342343465104905,0.8284531495178793,-0.3934899617391842,20.0,0.1,-0.44342343465104905,0.9102189,0.049762774,66.90359597212073,188.4764,0.0024034976959228516
14.911139383547486,0.20714702776143856,-0.43844715722516386,0.8241230998163858,-0.3864188818114933,20.0,0.1,-0.43844715722516386,1.004626,0.020511601,64.76995714809894,179.9338,0.002405405044555664
15.002099429280312,0.16449723531000485,-0.43639599711314053,0.9104733587843181,-0.42463129245361286,20.0,0.1,-0.43639599711314053,0.97595197,-0.0052861334,62.457925020407046,171.35283,0.002472400665283203
15.090548089401366,0.12324608995728223,-0.4369246104513875,0.8842684185872268,-0.4129789472858904,20.0,0.1,-0.4369246104513875,1.0360094,-0.09605027,60.25814610794719,159.36006,0.002465486526489258
15.184416481453873,0.07940683377848709,-0.4465296374415627,0.9344299133476467,-0.4473882854125974,20.0,0.1,-0.4465296374415627,0.94712836,0.03774944,57.97567175647031,145.43306,0.0028607845306396484
15.269842833838092,0.03850622820464807,-0.44275469349377067,0.8558014084033546,-0.40577835227228115,20.0,0.1,-0.44275469349377067,1.0172712,-0.018714283,55.94542075140616,135.05338,0.002675294876098633
15.361760902526623,-0.005076736359606142,-0.4446261217599383,0.9183634538463603,-0.43754906216700806,20.0,0.1,-0.4446261217599383,0.92485565,-0.006308955,53.81075761463659,125.47494,0.002429485321044922
15.445254238527275,-0.04485666304470275,-0.4452570172739795,0.8346822240863249,-0.39832594335952415,20.0,0.1,-0.4452570172739795,0.9795033,0.14318061,51.916731011205506,116.53916,0.0024383068084716797
15.533654409048959,-0.08704287511449654,-0.4309389563990405,0.8899511346998248,-0.4091621213560078,20.0,0.1,-0.4309389563990405,0.9903661,0.06784018,49.95806993734726,105.72194,0.0024840831756591797
15.623636490683271,-0.12841285372342667,-0.42415493826993017,0.9026066355612431,-0.4075859123860363,20.0,0.1,-0.42415493826993017,0.9728119,0.110785365,48.01182499356278,101.57216,0.0025115013122558594
15.712297285400307,-0.16844899957465292,-0.41307640175946264,0.8909888675763508,-0.3905147721952823,20.0,0.1,-0.41307640175946264,0.9135078,0.110904194,46.14114858539552,92.65252,0.0026025772094726562
15.795964571539006,-0.20511984067677405,-0.4019859823180011,0.8406882743403897,-0.3574069964085173,20.0,0.1,-0.4019859823180011,0.96251947,0.12412272,44.417530002324575,84.67435,0.002397775650024414
15.884543871315332,-0.2427781052717766,-0.3895737106693557,0.8903988900952645,-0.3655592163169654,20.0,0.1,-0.3895737106693557,0.95189553,0.12586862,42.63618994145476,80.280975,0.002597332000732422
15.972600971146647,-0.27893053623677516,-0.3769868488205245,0.885051581589964,-0.3504123391994413,20.0,0.1,-0.3769868488205245,0.95456016,0.13853471,40.90882822225404,75.50411,0.002447366714477539
16.061353880351266,-0.3140698605112719,-0.36313337783940347,0.892311787094329,-0.33906455858386697,20.0,0.1,-0.36313337783940347,0.9749273,0.13444757,39.21096776301963,73.034836,0.002444744110107422
16.15248895624631,-0.34869976759843807,-0.34968862037785564,0.9159241583747806,-0.3340152517948008,20.0,0.1,-0.34968862037785564,0.97078305,0.12526998,37.51168178312378,68.9792,0.003363370895385742
16.243692028190896,-0.3819593085347583,-0.3371616224540046,0.9161254728963004,-0.3211446052060716,20.0,0.1,-0.3371616224540046,0.9778198,0.11263133,35.85533588539982,66.13413,0.0026450157165527344
16.33596863134872,-0.41430655153542495,-0.3258984896136096,0.9263507379151287,-0.31305889601351644,20.0,0.1,-0.3258984896136096,0.98014104,0.07779206,34.22409274853208,63.14397,0.002418041229248047
16.428823611244624,-0.4456867580876356,-0.31811928327806505,0.9309628094121744,-0.3065692629149819,20.0,0.1,-0.31811928327806505,0.9563734,0.07706106,32.6276870938902,57.46983,0.0024759769439697266
16.5196623805268,-0.475600278006358,-0.3104131775689891,0.9106658657295236,-0.2921262549958901,20.0,0.1,-0.3104131775689891,0.95272803,0.08977907,31.11016406390345,57.17921,0.002456188201904297
16.610381853161766,-0.5047015552073268,-0.30143527041800533,0.9097708159187711,-0.28285644325684717,20.0,0.1,-0.30143527041800533,0.92245734,0.06628793,29.637937880613066,52.903923,0.003526926040649414
16.69846835165362,-0.5320884896158492,-0.2948064776850513,0.8826610418149908,-0.2680242984269704,20.0,0.1,-0.2948064776850513,0.8978078,0.061571512,28.249117709344027,51.316986,0.002374410629272461
16.78437584196467,-0.55817471493842,-0.28864932644792113,0.8606647773742514,-0.25556788784906914,20.0,0.1,-0.28864932644792113,0.90687877,0.06123329,26.933581702811722,49.288456,0.002360820770263672
16.871311891554246,-0.5839897164995773,-0.28252599749393975,0.8709249251290713,-0.25282182890975385,20.0,0.1,-0.28252599749393975,0.89470124,0.0674997,25.641328030517606,46.00237,0.0025653839111328125
16.95723491003095,-0.6089324113862903,-0.2757760277730993,0.8608942222468959,-0.24362153299316053,20.0,0.1,-0.2757760277730993,0.8761427,0.13025373,24.40251139162083,41.942642,0.0025391578674316406
17.041538601123225,-0.6327892266954673,-0.26275065455265556,0.8460727483312761,-0.22756735569705167,20.0,0.1,-0.26275065455265556,0.8901114,0.109707214,23.223684748512163,39.14582,0.0024862289428710938
17.127494804829237,-0.6559087823385419,-0.25177993315883196,0.8620466417007654,-0.22175181713048822,20.0,0.1,-0.25177993315883196,0.9030803,0.16236442,22.056710458748906,36.197525,0.002530336380004883
17.214955468526785,-0.6784070558241917,-0.23554349083133258,0.8781441154095727,-0.2107532040008153,20.0,0.1,-0.23554349083133258,0.8750801,0.16689272,20.905976467114364,33.20719,0.0025446414947509766
17.300047177539195,-0.6988289319076025,-0.21885421860642948,0.8542066934140913,-0.18998979306391983,20.0,0.1,-0.21885421860642948,0.88535446,0.18869688,19.819682264916768,30.175522,0.002454042434692383
17.386470774384406,-0.718050978991822,-0.19998453098960436,0.8677090358720478,-0.1758793553636678,20.0,0.1,-0.19998453098960436,0.87237203,0.21408778,18.749356043440805,27.35696,0.002450227737426758
17.471969309596535,-0.7353810131806843,-0.17857575256057298,0.858499289621836,-0.1549578347793271,20.0,0.1,-0.17857575256057298,0.8823186,0.23629627,17.722001522011517,25.279247,0.002498626708984375
17.558798079648863,-0.7510534760079833,-0.15494612592883622,0.8717483033925625,-0.13616547109862678,20.0,0.1,-0.15494612592883622,0.8891095,0.2402298,16.709397087378377,23.261057,0.0025794506072998047
17.64664386205277,-0.7647748245881927,-0.13092314589448487,0.881500315446318,-0.11607274946970464,20.0,0.1,-0.13092314589448487,0.88296926,0.23459533,15.715301523138606,21.412308,0.00235748291015625
17.734185125322206,-0.776301939146955,-0.10746361303754365,0.8778757114010242,-0.09470453958554922,20.0,0.1,-0.10746361303754365,0.8811804,0.217374,14.754555337159651,19.833614,0.002501249313354492
17.821794842931677,-0.7857532064068539,-0.08572621334023987,0.8779444978661842,-0.07544776941309611,20.0,0.1,-0.08572621334023987,0.8773192,0.21632627,13.82284112234765,18.559525,0.002623319625854492
17.909204591751465,-0.7932649233655462,-0.06409358668752228,0.875517825186037,-0.05619204411758545,20.0,0.1,-0.06409358668752228,0.8612273,0.20569809,12.923369156171036,17.174934,0.0024826526641845703
17.99515048413528,-0.7987810593454509,-0.04352377790637528,0.8604116830034532,-0.03747203131777581,20.0,0.1,-0.04352377790637528,0.854833,0.19162428,12.068072434752832,16.044903,0.0026710033416748047
18.080552831270964,-0.8025004409969283,-0.02436134952731644,0.8545793582444076,-0.020822825885976046,20.0,0.1,-0.02436134952731644,0.8445569,0.18716261,11.246961198853906,14.653188,0.0024611949920654297
18.164983464092522,-0.8045576921459588,-0.005645088736491551,0.8445434709575624,-0.00476757347828494,20.0,0.1,-0.005645088736491551,0.82804316,0.1762853,10.463775763685758,13.91746,0.0024001598358154297
18.247786461014613,-0.805025127376499,0.01198344093136276,0.8279837088524422,0.009922568841454432,20.0,0.1,0.01198344093136276,0.8116002,0.16847315,9.723306918466358,13.042259,0.0024635791778564453
18.328940654507182,-0.8040525743382045,0.028830756362003933,0.8112629255221484,0.023395806406169267,20.0,0.1,0.028830756362003933,0.7875275,0.15630437,9.02437598331605,12.157661,0.0024595260620117188
18.40766067679691,-0.8017823875173358,0.044461193795723566,0.7867492385034285,0.035002877938734134,20.0,0.1,0.044461193795723566,0.7671754,0.14558113,8.371889986638338,11.443739,0.002495288848876953
18.48430239940088,-0.7983725578917945,0.05901930641703094,0.7658396214579858,0.04525187712099493,20.0,0.1,0.05901930641703094,0.7445784,0.13766868,7.761031173087425,10.794477,0.002619504928588867
18.558630600448947,-0.7939806584311108,0.0727861748295256,0.7426069677915355,0.05414717516981901,20.0,0.1,0.0727861748295256,0.71937734,0.13194284,7.1918679090277156,9.852701,0.0025320053100585938
18.630377861607503,-0.7887492080321727,0.08598045867256607,0.716719928014256,0.061776212981357936,20.0,0.1,0.08598045867256607,0.6952288,0.12975138,6.664349891881626,9.604878,0.002500295639038086
18.699643922596874,-0.7827789611214799,0.09895559709839309,0.6918276784789977,0.06868455871695638,20.0,0.1,0.09895559709839309,0.66869086,0.11988932,6.175561555594912,9.062161,0.0024924278259277344
18.76618587762636,-0.7761726847906283,0.11094452899269547,0.6645797260017813,0.0740354941766068,20.0,0.1,0.11094452899269547,0.6421125,0.10906256,5.724939655354637,8.615701,0.0024411678314208984
18.83000235402164,-0.7690634032677645,0.12185078498296227,0.6373514695510077,0.07804843745547131,20.0,0.1,0.12185078498296227,0.6128682,0.100751795,5.310414226235627,8.215164,0.0027899742126464844
18.890834754163755,-0.7616140225028583,0.1319259644704291,0.6075426006431967,0.08061889658621776,20.0,0.1,0.1319259644704291,0.5840546,0.09460582,4.931565665861332,7.873088,0.0023889541625976562
18.948732692086207,-0.7539311573589429,0.14138654630951372,0.5782266364331622,0.08230261337494248,20.0,0.1,0.14138654630951372,0.55882496,0.08694119,4.585903435491744,7.5442796,0.002390146255493164
19.004057567678224,-0.7460564218158786,0.15008066531590905,0.5525432163953975,0.08355432921150463,20.0,0.1,0.15008066531590905,0.5329277,0.07943849,4.269281993487258,7.261962,0.0024950504302978516
19.056751273932278,-0.7380881993328521,0.15802451458148445,0.5262874595886666,0.08386557525269289,20.0,0.1,0.15802451458148445,0.5049823,0.07599352,3.980274972723407,6.997519,0.002395153045654297
19.106620299685368,-0.7301414119719241,0.16562386688165154,0.4980719593247307,0.08325526545886068,20.0,0.1,0.16562386688165154,0.4802616,0.069207,3.7181551320125052,6.6597185,0.0026314258575439453
19.15398925432418,-0.722223449880041,0.1725445666568705,0.473130228485569,0.08245596169740399,20.0,0.1,0.1725445666568705,0.45638707,0.06642237,3.4794639583289806,6.3945494,0.0025119781494140625
19.198950276130727,-0.7143877546131724,0.1791868039625117,0.44907983820711417,0.08134161995114136,20.0,0.1,0.1791868039625117,0.43603897,0.06433892,3.2622701874373075,6.130866,0.002504587173461914
19.24185602920628,-0.7066162557315424,0.1856206962125727,0.4285486439598503,0.08047387119384665,20.0,0.1,0.1856206962125727,0.41343856,0.059452016,3.0635301611531105,5.9057193,0.002554178237915039
19.28248967561055,-0.6989859741451658,0.19156589780322994,0.40587565004703274,0.07871720535155655,20.0,0.1,0.19156589780322994,0.3952186,0.05598357,2.8829991312153878,5.7120385,0.0024199485778808594
19.321288575042153,-0.6914611548227502,0.19716425475053276,0.3875616501891011,0.07741910356346891,20.0,0.1,0.19716425475053276,0.37647203,0.05346115,2.7176498949041794,5.524793,0.002386808395385742
19.358206401206065,-0.6840864700320147,0.2025103696840235,0.36877872867304456,0.07571945404869328,20.0,0.1,0.2025103696840235,0.35804912,0.048748035,2.56672653985034,5.35848,0.002710103988647461
19.393279631557977,-0.6768850626636264,0.20738517318241084,0.3503770831092298,0.07372296231335723,20.0,0.1,0.20738517318241084,0.34116107,0.04598261,2.4291500151807264,5.215696,0.0023202896118164062
19.426664721255005,-0.6698604944820515,0.2119834342258402,0.33352436066016505,0.07178006734359192,20.0,0.1,0.2119834342258402,0.32652792,0.042710103,2.3034963070443757,5.080651,0.002384662628173828
19.458586597966185,-0.6629903682474132,0.216254444535298,0.31892243268935055,0.07006401823956684,20.0,0.1,0.216254444535298,0.31177923,0.039247748,2.1882069348503803,4.9590755,0.0024378299713134766
19.489038324648703,-0.6563004332819777,0.22017921928636516,0.30425235725369165,0.06809399301276495,20.0,0.1,0.22017921928636516,0.2974333,0.03642822,2.0826804476507776,4.844917,0.0023615360260009766
19.51806359949618,-0.6498043558793308,0.2238220413433739,0.290014182610701,0.06601767978300022,20.0,0.1,0.2238220413433739,0.2852947,0.03424132,1.9861731655654904,4.744745,0.0025403499603271484
19.545881438395707,-0.6434720132187337,0.22724617321364368,0.2779599308812066,0.06427557300895549,20.0,0.1,0.22724617321364368,0.2725872,0.03227916,1.8974357560826727,4.653334,0.0025339126586914062
19.57243935165382,-0.6373307500259572,0.23047408920101609,0.26537951451703806,0.062269577624641005,20.0,0.1,0.23047408920101609,0.26073086,0.031146966,1.816161857370116,4.5678396,0.0025284290313720703
19.59782301868511,-0.6313746375977637,0.2335887857931086,0.2536499245057487,0.06035145830458312,20.0,0.1,0.2335887857931086,0.25010476,0.030845987,1.7416379620520468,4.4881935,0.0024421215057373047
19.622154258810962,-0.6255854546251467,0.23667338446102823,0.2431326709535741,0.058642074231916884,20.0,0.1,0.23667338446102823,0.24090551,0.028113278,1.6731041402456857,4.4097567,0.0023932456970214844
19.6455732456536,-0.619936941986035,0.23948471222393,0.2340301449648709,0.05714328678599834,20.0,0.1,0.23948471222393,0.23002137,0.025016574,1.6098188115818148,4.342643,0.0023751258850097656
19.667918909517542,-0.6144807872723232,0.24198636964283668,0.2233194452547583,0.05512038778099782,20.0,0.1,0.24198636964283668,0.22006461,0.023394966,1.5519016150932425,4.289031,0.0028617382049560547
19.68928418795183,-0.6092073439722852,0.24432586629263842,0.21352882773937762,0.05323412820345493,20.0,0.1,0.24432586629263842,0.20969091,0.02390146,1.498798431502441,4.229917,0.002256631851196289
19.709630510293362,-0.6041348732269307,0.24671601236186708,0.2033414028987067,0.051210868924253757,20.0,0.1,0.24671601236186708,0.2011619,0.022849528,1.4503009006169978,4.177417,0.002286672592163086
19.729137575958152,-0.5992220823805231,0.24900096517376388,0.19495789256036866,0.04957350707306587,20.0,0.1,0.24900096517376388,0.19278397,0.021611543,1.4056949331159523,4.129323,0.002343416213989258
19.74782140958446,-0.5944711941437778,0.2511621195109912,0.18673522599352732,0.04791255758674227,20.0,0.1,0.2511621195109912,0.1841011,0.020613195,1.3647107023986327,4.0854087,0.0023412704467773438
19.765653889117957,-0.589895733364928,0.253223439048452,0.17823010168049008,0.04612209470631863,20.0,0.1,0.253223439048452,0.1764668,0.019785695,1.3271855565016768,4.0468845,0.0023827552795410156
19.78273781399332,-0.5854747831795892,0.2552020085262486,0.17075144284447202,0.04454743242177698,20.0,0.1,0.2552020085262486,0.16967426,0.018745622,1.2926963396087634,4.0089965,0.0027611255645751953
19.799155704666028,-0.5811915111728236,0.2570765706928798,0.16409832571668054,0.04314040819780917,20.0,0.1,0.2570765706928798,0.16241467,0.018444136,1.2609007646552874,3.975717,0.002604961395263672
19.81486343490136,-0.5770620486005903,0.2589209842713901,0.15700087085054223,0.04158427082812948,20.0,0.1,0.2589209842713901,0.15662588,0.017252684,1.231721413479379,3.9444995,0.002351999282836914
19.83000393904447,-0.5730518362918895,0.26064625263534275,0.15133562920880006,0.04036327760255419,20.0,0.1,0.26064625263534275,0.150528,0.016901763,1.2047435876907016,3.9161267,0.0023736953735351562
19.84454831009745,-0.5691726540435634,0.2623364289509484,0.14537793779724426,0.0390375924728016,20.0,0.1,0.2623364289509484,0.14438997,0.016350362,1.1798931720331618,3.8898673,0.0023491382598876953
19.8584933014265,-0.5654280769998355,0.26397146519593684,0.13938850172713682,0.0376737259455871,20.0,0.1,0.26397146519593684,0.1385161,0.014767766,1.1570466785021767,3.8660712,0.0034711360931396484
19.8718651105086,-0.5618139634645454,0.2654482417958209,0.13366457264664464,0.0363385676190943,20.0,0.1,0.2654482417958209,0.13287957,0.013922166,1.136040680354059,3.8465633,0.0022916793823242188
19.884687656896663,-0.558327976416928,0.26684045840374915,0.12817680713807963,0.035038354255014253,20.0,0.1,0.26684045840374915,0.12758255,0.013623149,1.1167316525129725,3.8268616,0.0022733211517333984
19.896994382374643,-0.5549638154845047,0.268202773317171,0.12302131012752723,0.03380923441115605,20.0,0.1,0.268202773317171,0.122012734,0.013278545,1.0989693921410038,3.8076935,0.0023131370544433594
19.90875944462963,-0.5517304915406414,0.26953062780521597,0.1176075850047781,0.032489433794959145,20.0,0.1,0.26953062780521597,0.116682276,0.011924794,1.0826936813702484,3.7909436,0.0023183822631835938
19.92000640239554,-0.5486234870926259,0.27072310719959225,0.11243244731378607,0.03120414001131181,20.0,0.1,0.27072310719959225,0.11188477,0.010718699,1.0677785091647551,3.7763665,0.0024318695068359375
19.930787370369238,-0.5456313718968242,0.2717949770609268,0.1077775462305902,0.030036692694080613,20.0,0.1,0.2717949770609268,0.107336804,0.010067791,1.0540756411944507,3.7630038,0.002613544464111328
19.941127023476042,-0.5427497978232415,0.2728017561355957,0.10336746758656523,0.02891982357823889,20.0,0.1,0.2728017561355957,0.10292165,0.009959365,1.0414833249165207,3.7499626,0.002538919448852539
19.951038582119278,-0.5399767732533239,0.27379769265971865,0.09908791971654073,0.027828944762825634,20.0,0.1,0.27379769265971865,0.09775955,0.0101576885,1.0299187268615677,3.738261,0.002329587936401367
19.960450392644432,-0.5373334565304377,0.2748134615118035,0.09409120671335504,0.026528755815463743,20.0,0.1,0.2748134615118035,0.09378666,0.009745354,1.0193952656375374,3.727179,0.0023713111877441406
19.969477131729903,-0.5347883923807358,0.2757879968950876,0.09024254544363013,0.025538598163958492,20.0,0.1,0.2757879968950876,0.0892788,0.008850444,1.0097198714718818,3.7181327,0.002351999282836914
19.9780676355836,-0.5323572838069808,0.27667304130591236,0.08588348850435963,0.02438710598036391,20.0,0.1,0.27667304130591236,0.08567083,0.009192382,1.0008919074815905,3.7082362,0.0025658607482910156
19.986308908376824,-0.5300171274332534,0.2775922795044609,0.08239118150463842,0.023477310767019945,20.0,0.1,0.2775922795044609,0.081815064,0.008930263,0.9927725671227059,3.6996856,0.002360820770263672
19.994177210664663,-0.5277750600827559,0.2784853058154114,0.07866296925501247,0.022490930565093128,20.0,0.1,0.2784853058154114,0.07856057,0.007988692,0.9853385773438786,3.6911232,0.002300262451171875
20.001730596651893,-0.5256154329878344,0.2792841750415393,0.07551658317530495,0.0216566057276953,20.0,0.1,0.2792841750415393,0.075175926,0.0077470634,0.9784941623933177,3.684486,0.0022580623626708984
20.008956905207803,-0.5235430760473898,0.28005888138286555,0.07224700919500417,0.020779545850641096,20.0,0.1,0.28005888138286555,0.07139537,0.00656932,0.9722154845938563,3.6781201,0.0023102760314941406
20.015818279629375,-0.5215696207309681,0.28071581336989787,0.06860076515195829,0.019779623465982433,20.0,0.1,0.28071581336989787,0.068816386,0.0067874696,0.9664975284651817,3.671927,0.002315044403076172
20.022430552832486,-0.5196631073863722,0.28139456033095506,0.06610977639940803,0.019110009654307213,20.0,0.1,0.28139456033095506,0.06670393,0.006917912,0.961213740890264,3.6660857,0.003383636474609375
20.028838593382115,-0.5178107683914743,0.28208635153569067,0.06406757584542427,0.018567715773945573,20.0,0.1,0.28208635153569067,0.06383422,0.006730092,0.9563045250218073,3.6608837,0.002393007278442383
20.034969721955584,-0.5160338781123679,0.282759360758064,0.06129931321491186,0.017810161824548643,20.0,0.1,0.282759360758064,0.06295764,0.005852571,0.9518015510895363,3.6561146,0.0022916793823242188
20.041015475941663,-0.5142773191691056,0.28334461788035714,0.06044724912092511,0.01760096962806827,20.0,0.1,0.28334461788035714,0.059406836,0.0060160817,0.9475472352807607,3.6514595,0.002355813980102539
20.046719279261755,-0.5126164914149659,0.2839462260468283,0.057028031204174684,0.01664258908036322,20.0,0.1,0.2839462260468283,0.056949336,0.00441942,0.943704141520802,3.647799,0.0024073123931884766
20.052186172899667,-0.5110210783796452,0.2843881680382767,0.05466188024043938,0.015978289293012746,20.0,0.1,0.2843881680382767,0.0540687,0.005180838,0.940175387165346,3.6450763,0.002286195755004883
20.057375867774144,-0.5095040715426664,0.28490625184349505,0.051889082413526064,0.015196953301364799,20.0,0.1,0.28490625184349505,0.052145716,0.004943563,0.9369680085748098,3.64166,0.002286672592163086
20.062380229578437,-0.5080384250308073,0.2854006081572154,0.05003636641210818,0.014681202705190593,20.0,0.1,0.2854006081572154,0.049587037,0.0047663143,0.9340050483905079,3.6383605,0.0022792816162109375
20.067138348505658,-0.5066423422719073,0.2858772395862618,0.04757452969857734,0.013983504692586789,20.0,0.1,0.2858772395862618,0.04701524,0.003912299,0.9313062231930328,3.6359787,0.0023272037506103516
20.07164905932742,-0.5053165163238074,0.286268469480274,0.04510191773824368,0.01327590571505586,20.0,0.1,0.286268469480274,0.045367412,0.0033308729,0.9288541815922358,3.6340725,0.002442598342895508
20.076001174426953,-0.5040354561689424,0.2866015567662546,0.0435168815326258,0.012825097179799409,20.0,0.1,0.2866015567662546,0.044019155,0.0034736223,0.926587527058746,3.6314209,0.002385377883911133
20.08022353639644,-0.5027910608749836,0.2869489189921299,0.04221929458840577,0.012458619079068122,20.0,0.1,0.2869489189921299,0.042124826,0.0040978114,0.9244821971568471,3.629153,0.002783060073852539
20.08426377853555,-0.5015988136266785,0.2873587001333365,0.04039753239469087,0.011939027631919301,20.0,0.1,0.2873587001333365,0.040356163,0.00405127,0.9225537923252881,3.6268668,0.002655506134033203
20.088133917682637,-0.5004550383642443,0.28776382712967485,0.03869675455263072,0.011453430663766407,20.0,0.1,0.28776382712967485,0.038411442,0.0035534194,0.9207846013577397,3.6252644,0.0023920536041259766
20.091817117576618,-0.49936488816704566,0.2881191690670678,0.036828122853707033,0.010914589237317722,20.0,0.1,0.2881191690670678,0.037732795,0.0041405284,0.9191716306189339,3.6235561,0.0024080276489257812
20.095434862514697,-0.49829271296763733,0.28853322190552744,0.036173006907934756,0.010736730450192343,20.0,0.1,0.28853322190552744,0.035323218,0.0036170075,0.9176549584334369,3.621512,0.0023508071899414062
20.098821166113666,-0.4972876035760631,0.2888949226573462,0.03385939828643367,0.010063341543571833,20.0,0.1,0.2888949226573462,0.03379653,0.002904648,0.9162952606442528,3.6204143,0.002401590347290039
20.102060763913478,-0.49632476369191886,0.28918538745347205,0.03239317992062334,0.009637808326281586,20.0,0.1,0.28918538745347205,0.03232257,0.0032157928,0.9150490583070641,3.6192498,0.0027327537536621094
20.105158806348204,-0.4954030159892934,0.2895069667356441,0.03097745859576279,0.009227439212100907,20.0,0.1,0.2895069667356441,0.030638302,0.0025132133,0.9139078150043146,3.6183567,0.00229644775390625
20.108095134442593,-0.49452835453460997,0.28975828806724196,0.029361081805778292,0.008753993889394959,20.0,0.1,0.28975828806724196,0.029840508,0.0025687732,0.9128713060894827,3.617396,0.002338886260986328
20.1109547890598,-0.4936757497426469,0.2900151653899232,0.028594355080264887,0.008533393442468895,20.0,0.1,0.2900151653899232,0.027831785,0.0017266794,0.9119046526194967,3.616256,0.0025322437286376953
20.1136217407786,-0.4928798532013635,0.2901878333286735,0.026668142532316044,0.007963570264726237,20.0,0.1,0.2901878333286735,0.026507715,0.0016483387,0.911041050774075,3.615542,0.0023643970489501953
20.116161683889832,-0.49212138210011663,0.29035266720311514,0.02539818054995831,0.007588897596049739,20.0,0.1,0.29035266720311514,0.025882134,0.0011518687,0.9102531698606839,3.614793,0.002358675003051758
20.118641562384287,-0.4913804020953459,0.29046785407554154,0.024797931268358348,0.00741265649302209,20.0,0.1,0.29046785407554154,0.024446467,0.0017405425,0.9095165007685941,3.6140506,0.002747774124145508
20.12098380279561,-0.49068025403035914,0.2906419083228687,0.023421185121007028,0.007005557312711078,20.0,0.1,0.2906419083228687,0.023358533,0.0012998066,0.908850607600642,3.6134334,0.0022821426391601562
20.12322169071072,-0.4900108749204746,0.29077188898663764,0.022378008898665765,0.006696699863857553,20.0,0.1,0.29077188898663764,0.022967286,0.0016672733,0.9082410439650818,3.6128745,0.0022983551025390625
20.125422009267194,-0.4893524216575278,0.29093861632136425,0.022002087437342,0.006588201070417415,20.0,0.1,0.29093861632136425,0.022595458,0.001622534,0.907667393305531,3.6121128,0.002353191375732422
20.1275865977514,-0.48870426751264157,0.2911008697221408,0.021644832904999713,0.006485053481957975,20.0,0.1,0.2911008697221408,0.021981515,0.002449919,0.9071276362834332,3.6115894,0.0023386478424072266
20.129692269716948,-0.48807338274804307,0.2913458616225401,0.021055173407007036,0.0063140061823659145,20.0,0.1,0.2913458616225401,0.020656375,0.0020536713,0.9066259708026497,3.610894,0.003332376480102539
20.13167085746348,-0.48748004566064607,0.29155122875090483,0.019784658528742456,0.005937434117656636,20.0,0.1,0.29155122875090483,0.020275638,0.0020069731,0.9061750468865067,3.6104198,0.0023021697998046875
20.13361285629131,-0.48689724611017293,0.291751926064899,0.019418818224166006,0.005831892926816442,20.0,0.1,0.291751926064899,0.019904662,0.0010156996,0.9057519321450686,3.6098785,0.0023889541625976562
20.135519208244816,-0.48632472720890235,0.2918534960233959,0.019062937929512958,0.005727125264058403,20.0,0.1,0.2918534960233959,0.01920932,0.0017682218,0.9053553538497388,3.6096814,0.0027060508728027344
20.13735890826586,-0.4857720216129568,0.2920303182079809,0.018396022616726636,0.005530308870801198,20.0,0.1,0.2920303182079809,0.018971445,0.0018902114,0.9049908274612981,3.6090922,0.002336740493774414
20.13917573018872,-0.48522583907089295,0.2922193393445926,0.018167186503606516,0.005465259500493796,20.0,0.1,0.2922193393445926,0.018073125,0.0017111114,0.9046479164744865,3.608647,0.002699136734008789
20.14090642507502,-0.48470519176714455,0.2923904504845271,0.017306057724084237,0.005209434372998072,20.0,0.1,0.2923904504845271,0.017027164,0.0016136386,0.9043369547671886,3.6083293,0.0022492408752441406
20.142536874065065,-0.48421439732120064,0.29255181434418803,0.016303697723330752,0.004910575350950441,20.0,0.1,0.29255181434418803,0.017233795,0.0022157158,0.9040580562640349,3.6081376,0.0021457672119140625
20.14418702895324,-0.48371738062862984,0.29277338592655755,0.016500447228948573,0.004973823077972858,20.0,0.1,0.29277338592655755,0.016261961,0.0012958448,0.9037896994157784,3.6078517,0.002157449722290039
20.145744025780584,-0.4832480462739478,0.29290297040570323,0.015569359958215814,0.004695361133638343,20.0,0.1,0.29290297040570323,0.015958045,0.0020259533,0.9035490113327712,3.6076012,0.0022318363189697266
20.147271864502294,-0.4827872852297147,0.2931055657318214,0.01527745342322478,0.004610705677591367,20.0,0.1,0.2931055657318214,0.015425433,0.0026761692,0.9033250547485069,3.6072125,0.002223491668701172
20.14874862023979,-0.48234160322534775,0.29337318264733797,0.014766364125716702,0.004460771932180434,20.0,0.1,0.29337318264733797,0.014908244,0.0021814755,0.9031197371757738,3.6068783,0.0022368431091308594
20.150175747453375,-0.4819104822693828,0.2935913301989788,0.014270331316461729,0.004314322700118177,20.0,0.1,0.2935913301989788,0.014200896,0.0022822933,0.9029314112454135,3.6066334,0.0022666454315185547
20.151535072485853,-0.48149952006294167,0.2938195595270375,0.01359231203447987,0.004112724335739874,20.0,0.1,0.2938195595270375,0.013399511,0.0016792718,0.9027614250668105,3.6065025,0.0022706985473632812
20.152817599514226,-0.4811114565673829,0.29398748670792,0.012824618438791967,0.00388278861234426,20.0,0.1,0.29398748670792,0.01300732,0.0020273367,0.902609359187889,3.60638,0.0023713111877441406
20.154062524991616,-0.4807345422373466,0.29419022038200665,0.012448490385803057,0.003771667106048575,20.0,0.1,0.29419022038200665,0.01171522,0.0011136328,0.902469675386032,3.6062253,0.002254962921142578
20.15518371522848,-0.48039484190381737,0.2943015836630369,0.011211523997652975,0.0033982519084595417,20.0,0.1,0.2943015836630369,0.011424879,0.0012315392,0.9023503949516766,3.6061645,0.002208232879638672
20.156277081785724,-0.4800634386984563,0.29442473758099397,0.01093325735350772,0.003315378552228384,20.0,0.1,0.29442473758099397,0.010175807,7.6417804e-05,0.9022402980153493,3.606079,0.002362966537475586
20.1572508752489,-0.47976814756446773,0.2944323793613879,0.009737912065951952,0.002952985754957312,20.0,0.1,0.2944323793613879,0.00895478,0.0011459496,0.9021473567421976,3.6061184,0.0022783279418945312
20.158107818177214,-0.47950828279643626,0.29454697432011046,0.008569131434972854,0.002599629676644711,20.0,0.1,0.29454697432011046,0.008856064,-0.00015908737,0.9020698299960835,3.6060646,0.0021545886993408203
20.15895528480869,-0.4792511856306535,0.294531065582851,0.008474707214601213,0.0025708368362624173,20.0,0.1,0.294531065582851,0.009111086,0.00036412533,0.9019967965578246,3.60607,0.0021474361419677734
20.15982715958292,-0.4789866988785518,0.2945674781156416,0.008718651430212124,0.00264518499095187,20.0,0.1,0.2945674781156416,0.008027953,-0.00020879874,0.9019257960465683,3.6060615,0.002262592315673828
20.160595376735706,-0.47875362653948556,0.2945465982418685,0.007682220191399837,0.0023305629873821656,20.0,0.1,0.2945465982418685,0.007869372,-0.0010219815,0.9018665881537247,3.606097,0.002201080322265625
20.161348423606558,-0.47852517394098587,0.29444440009465356,0.007530702143517604,0.002283756373117942,20.0,0.1,0.29444440009465356,0.007568638,-0.0007823901,0.9018117267094233,3.6062667,0.002285480499267578
20.162072714644815,-0.4783055258599585,0.294366161082144,0.007243082210894534,0.0021959141253956,20.0,0.1,0.294366161082144,0.006862613,1.2123435e-05,0.9017621151812568,3.606133,0.002492666244506836
20.16272945725179,-0.47810641858415887,0.2943673734256666,0.006567423655873931,0.0019910807199713014,20.0,0.1,0.2943673734256666,0.006332793,-0.00089343573,0.9017197686641614,3.6060576,0.002477407455444336
20.16333549658193,-0.4779226824207836,0.29427802985246704,0.006060557433685612,0.0018368201692274212,20.0,0.1,0.29427802985246704,0.0051820674,-0.0011041207,0.9016827782502485,3.6059952,0.002193927764892578
20.163831426545944,-0.4777723770783472,0.2941676177777484,0.004959465565161726,0.00150250584864146,20.0,0.1,0.2941676177777484,0.0048920824,-0.0014775111,0.9016541400971066,3.605992,0.002283811569213867
20.164299620269354,-0.47763053441435915,0.29401986666434854,0.0046821467571023226,0.0014177348629614275,20.0,0.1,0.29401986666434854,0.004400065,-0.0019606615,0.9016284987711801,3.6060176,0.002215862274169922
20.164720744631033,-0.47750301968229986,0.2938238005148381,0.004211493549066381,0.0012743216137682176,20.0,0.1,0.2938238005148381,0.003505533,-0.0011581548,0.9016066536349423,3.605991,0.002616405487060547
20.1650562744346,-0.47740149444528635,0.2937079850345984,0.0033554155951158694,0.001014863767873762,20.0,0.1,0.2937079850345984,0.003196495,-0.0014546883,0.9015901487947009,3.606092,0.002290010452270508
20.165362235568054,-0.4773089548298747,0.29356251620865836,0.003059745918441284,0.000924951066258077,20.0,0.1,0.29356251620865836,0.0020020113,-0.00016508743,0.9015757456970671,3.6060085,0.002171754837036133
20.165553871909687,-0.47725102379793505,0.293546007465375,0.001916372979765715,0.0005792786825654549,20.0,0.1,0.293546007465375,0.003081119,0.0006850874,0.9015670724501328,3.6060627,0.00217437744140625
20.16584880396568,-0.47716187212722894,0.2936145162058895,0.0029492594763266588,0.0008917187592060082,20.0,0.1,0.2936145162058895,0.002744396,0.0006163471,0.9015541310356359,3.6058993,0.002195596694946289
20.166111498657823,-0.47708244548240236,0.29367615091850924,0.0026268979620545983,0.0007944283578756415,20.0,0.1,0.29367615091850924,0.0013286421,0.00056320144,0.901542947175745,3.6059394,0.002189159393310547
20.166238674448987,-0.4770439848888064,0.29373247106213995,0.0012717362485696107,0.00038467756093768366,20.0,0.1,0.29373247106213995,2.8761036e-05,0.00041705827,0.9015376434472733,3.6061015,0.002604246139526367
20.16624142736881,-0.4770431521795995,0.2937741768890194,2.7528850917291145e-05,8.328240189864963e-06,20.0,0.1,0.2937741768890194,0.00035780694,0.00022275875,0.9015375291274692,3.606076,0.002550840377807617
20.166275675140273,-0.47703279127977205,0.29379645276440014,0.0003424754065725628,0.00010361662723962236,20.0,0.1,0.29379645276440014,0.00074584177,0.00022142814,0.9015361058886966,3.606152,0.0024445056915283203
20.166347063487123,-0.47701119259098174,0.2938185955785232,0.0007138786857752963,0.00021600269523894164,20.0,0.1,0.2938185955785232,0.0007090731,0.0010221929,0.9015331547651401,3.6061435,0.0022068023681640625
20.16641493206067,-0.47699065717635214,0.2939208148667606,0.0006786647407447872,0.00020542351999595134,20.0,0.1,0.2939208148667606,-0.0001952451,0.0014997701,0.9015303702038888,3.6060696,0.0022432804107666016
20.16639624485265,-0.47699631356575856,0.29407079187603835,-0.00018686359479995034,-5.659191994368495e-05,20.0,0.1,0.29407079187603835,0.000899911,0.0006761356,0.9015311404238447,3.6059318,0.0022192001342773438
20.16648237280311,-0.47697022958678637,0.29413840543511494,0.0008612618663394125,0.0002608980232982475,20.0,0.1,0.29413840543511494,0.0009514903,0.0010027919,0.9015275657089563,3.605866,0.003331422805786133
20.166573435400526,-0.4769426444206586,0.29423868462708946,0.0009105983074085259,0.0002759429767272397,20.0,0.1,0.29423868462708946,0.0012090164,0.0010272078,0.9015238108305892,3.605762,0.002141237258911133
20.166689141078365,-0.47690758157361857,0.29434140540925025,0.0011570207554706207,0.00035074732232746305,20.0,0.1,0.29434140540925025,0.0009808227,0.0010516687,0.901519068576411,3.6057403,0.0021626949310302734
20.166783005166625,-0.4768791269608005,0.29444657227522864,0.0009386109525697915,0.0002846448405267778,20.0,0.1,0.29444657227522864,0.0012885577,0.0017224716,0.9015152448386645,3.6056914,0.0022444725036621094
20.166906315353852,-0.47684173169231114,0.29461881943079815,0.0012330374416848735,0.00037416507763479397,20.0,0.1,0.29461881943079815,0.0017593238,0.0017808074,0.9015102538169597,3.605617,0.0022509098052978516
20.167074667313205,-0.47679064530854687,0.29479690016978594,0.0016834285918360327,0.000511163631954183,20.0,0.1,0.29479690016978594,0.0011073148,0.0016793835,0.9015034824331701,3.6055877,0.0024530887603759766
20.167180621970203,-0.47675847277235756,0.29496483851489785,0.001059492525003092,0.00032190329585313497,20.0,0.1,0.29496483851489785,0.0024648455,0.00044869178,0.901499240692616,3.6056008,0.002900838851928711
20.167416461439505,-0.4766868181823831,0.295009707692407,0.0023583625398053464,0.0007166517182530864,20.0,0.1,0.295009707692407,0.0021308584,0.00014146781,0.9014898945656153,3.6055832,0.0028924942016601562
20.16762034182316,-0.4766248636589375,0.29502385447358426,0.002038795071790509,0.0006195740769055803,20.0,0.1,0.29502385447358426,0.0016910108,0.0007977438,0.9014820309565027,3.605577,0.002337217330932617
20.16778213692408,-0.4765756953772947,0.2951036288528488,0.001617911780382968,0.0004918118859008365,20.0,0.1,0.2951036288528488,0.0015767737,0.00068380224,0.9014759449265556,3.6055844,0.00222015380859375
20.16793299821858,-0.4765298366483726,0.2951720090766688,0.0015085815831505055,0.0004586904474396007,20.0,0.1,0.2951720090766688,0.0024009626,0.0001346436,0.9014703610912007,3.605558,0.0022323131561279297
20.168162710827357,-0.4764599915829951,0.29518547343705026,0.002297116683369348,0.0006984815830448393,20.0,0.1,0.29518547343705026,0.002769568,0.00074729836,0.9014620480216798,3.6055064,0.002511262893676758
20.16842768874796,-0.47637942005661316,0.29526020327266483,0.0026497189876876176,0.0008059132791340064,20.0,0.1,0.29526020327266483,0.0029610866,0.0011071643,0.9014528055044445,3.605481,0.0022575855255126953
20.168710983735167,-0.4762932557527141,0.29537091970360085,0.0028328544566646272,0.0008619566878076618,20.0,0.1,0.29537091970360085,0.002196553,0.0005891094,0.9014432816473772,3.6054378,0.002177715301513672
20.168921126687785,-0.47622931525517836,0.295429830641115,0.0021013918545953066,0.0006395287714312305,20.0,0.1,0.295429830641115,0.0026999838,4.3476983e-05,0.901436427002306,3.605456,0.0021817684173583984
20.16917942794824,-0.47615070493440603,0.29543417833938324,0.0025830091867888295,0.0007861144378753209,20.0,0.1,0.29543417833938324,0.0023742502,-0.00042535906,0.9014282840932669,3.6054707,0.0022306442260742188
20.169406566724604,-0.4760815773941659,0.29539164243342414,0.002271417165602507,0.0006911787862398911,20.0,0.1,0.29539164243342414,0.0016502879,-1.9380725e-05,0.9014214216559199,3.6054974,0.0021975040435791016
20.16956444781981,-0.4760335351122787,0.2953897043609689,0.001578811883131139,0.0004804197590211504,20.0,0.1,0.2953897043609689,0.0012548118,0.0005299162,0.901416838845964,3.6054554,0.0027327537536621094
20.169684494251996,-0.47599700594839367,0.29544269598100104,0.0012004449627863634,0.00036535525288647233,20.0,0.1,0.29544269598100104,0.0018508566,0.0014189917,0.9014134461276736,3.6055043,0.002418994903564453
20.169861560766904,-0.47594311577988335,0.29558459515228636,0.0017705886615516022,0.0005391529355943931,20.0,0.1,0.29558459515228636,0.00049922254,0.0010743712,0.9014085561010219,3.6054852,0.0024118423461914062
20.169909317993664,-0.47592857346999407,0.2956920322683803,0.00047755664099224563,0.00014547440704091476,20.0,0.1,0.2956920322683803,0.00023317532,0.0014941989,0.9014072452006358,3.605502,0.0022449493408203125
20.169931623561403,-0.47592177869642743,0.29584145216049396,0.00022304552217307632,6.798106386286576e-05,20.0,0.1,0.29584145216049396,0.0005089524,0.0019797394,0.9014066296576783,3.6054797,0.0022330284118652344
20.169980307769567,-0.47590694045071,0.2960394261010154,0.00048681269621917854,0.00014847883631082358,20.0,0.1,0.2960394261010154,0.0010686346,0.0020543784,0.9014052727218359,3.6054835,0.002229452133178711
20.17008252260386,-0.47587576472384924,0.2962448639400466,0.001022084274632119,0.000311967249974299,20.0,0.1,0.2962448639400466,0.00096326775,0.0013630706,0.9014024022289265,3.6055431,0.0033347606658935547
20.170174653333806,-0.4758476439796284,0.2963811709965742,0.0009212689603323424,0.0002813330202816455,20.0,0.1,0.2963811709965742,0.00033636554,0.00086377864,0.9013998042854249,3.6056423,0.0021576881408691406
20.170206823323035,-0.47583782005130565,0.2964675488603464,0.0003216914053934021,9.826707061073026e-05,20.0,0.1,0.2964675488603464,0.0005227261,0.0011684977,0.9013988942678969,3.6056027,0.002147674560546875
20.17025681551091,-0.47582254893814085,0.29658439863251285,0.0004999040310769346,0.00015276954636291615,20.0,0.1,0.29658439863251285,0.0009885854,-0.0002676927,0.9013974777338347,3.6055336,0.002191305160522461
20.170351357916935,-0.4757936569917225,0.2965576293629058,0.0009454317940547338,0.0002888941557685665,20.0,0.1,0.2965576293629058,0.0004946771,-0.00037329286,0.901394801440113,3.605545,0.0021796226501464844
20.170398666268984,-0.47577920105051985,0.29652030007691815,0.00047308891645808724,0.00014454175205544598,20.0,0.1,0.29652030007691815,0.0009898217,-0.00081049476,0.9013934845715585,3.6056066,0.002198934555053711
20.170493328764348,-0.4757502790393334,0.29643925060063364,0.0009466483916777293,0.00028914338745764394,20.0,0.1,0.29643925060063364,0.00022020943,-0.00013074464,0.9013908974175456,3.605547,0.0028390884399414062
20.170514389213633,-0.4757438463556659,0.29642617613699285,0.00021060533388305653,6.4324083128572e-05,20.0,0.1,0.29642617613699285,8.753438e-05,-0.00050895184,0.9013903338632872,3.6055176,0.002344846725463867
20.170522760884058,-0.47574128944025196,0.29637528095318,8.37180055067204e-05,2.556489332909889e-05,20.0,0.1,0.29637528095318,0.00011398502,-0.0005519639,0.901390110864614,3.6055195,0.002213716506958008
20.170533662427296,-0.475737960445631,0.2963200845608301,0.00010901726970124761,3.328392890016406e-05,20.0,0.1,0.2963200845608301,0.0003176975,-0.00063521694,0.9013898227974046,3.6055381,0.0022444725036621094
20.170564047572462,-0.4757286835942284,0.29625656286643814,0.00030385734386419877,9.274921268017232e-05,20.0,0.1,0.29625656286643814,-1.8424014e-05,-0.0011347905,0.9013890285936105,3.6055095,0.0022318363189697266
20.170562285433306,-0.4757292214684079,0.29614308381842447,-1.76220018404084e-05,-5.376742102142975e-06,20.0,0.1,0.29614308381842447,-0.0007065635,-0.00087476324,0.9013890741621288,3.6056092,0.0022649765014648438
20.17049470480957,-0.47574984134963505,0.2960556074946001,-0.0006758242722938205,-0.00020613969443711248,20.0,0.1,0.2960556074946001,-0.0006453406,-0.0005808396,0.9013908104555811,3.6055913,0.0025472640991210938
20.170432978323557,-0.475768669141839,0.2959975235366076,-0.00061727579500281,-0.00018824206853568183,20.0,0.1,0.2959975235366076,-0.00019145496,-6.557628e-05,0.9013924011640064,3.605547,0.0021703243255615234
20.170414665433196,-0.47577425377093097,0.2959909659088228,-0.00018312926983104634,-5.584509002713886e-05,20.0,0.1,0.2959909659088228,-0.00012057328,-0.00012375106,0.9013928737504511,3.605615,0.0021409988403320312
20.170403132435766,-0.47577777074711003,0.2959785908029519,-0.0001153304095067986,-3.5168334567214244e-05,20.0,0.1,0.2959785908029519,0.000103707054,-0.00017170762,0.9013931720760817,3.6055648,0.0021810531616210938
20.170413052193556,-0.4757747458609393,0.29596142004065795,9.919809727988647e-05,3.02471584045867e-05,20.0,0.1,0.29596142004065795,-0.00018967064,-0.00045344216,0.9013929158228825,3.6056151,0.002202272415161133
20.17039490977639,-0.4757802777872651,0.2959160758246074,-0.00018142667986557892,-5.531103666431793e-05,20.0,0.1,0.2959160758246074,0.000113295566,-0.00059658615,0.9013933839162116,3.605582,0.0022096633911132812
20.170405746898343,-0.475776973904672,0.2958564172096888,0.00010837319036133619,3.303236059536859e-05,20.0,0.1,0.2958564172096888,-0.0005398432,-0.001051784,0.9013931056370085,3.6056125,0.002850770950317383
20.170354108043586,-0.47579271352870006,0.29575123880695203,-0.0005164050993814489,-0.00015734192648736997,20.0,0.1,0.29575123880695203,0.0003467565,-0.0007683309,0.9013944277001738,3.605643,0.0024385452270507812
20.17038727819781,-0.4757826070135358,0.2956744057190011,0.0003317093064290521,0.00010103966569072357,20.0,0.1,0.2956744057190011,-0.00021385426,-0.0020014488,0.9013935877774053,3.6056652,0.0021734237670898438
20.17036682077402,-0.4757888384071711,0.2954742608422751,-0.0002045867056393692,-6.227299061965223e-05,20.0,0.1,0.2954742608422751,0.0010448744,-0.0009955532,0.9013941001373168,3.6056716,0.002290487289428711
20.170466780164556,-0.47575841233344446,0.2953747055207717,0.0009996241911946898,0.0003041612208661671,20.0,0.1,0.2953747055207717,0.00035795014,-0.0017747426,0.9013916812809997,3.6055546,0.0022258758544921875
20.170501025008214,-0.4757479924641104,0.2951972312590445,0.0003424669237721075,0.00010413791591594669,20.0,0.1,0.2951972312590445,0.00092954986,-0.0012529914,0.9013908758882624,3.6057334,0.0022759437561035156
20.17058995920594,-0.4757209492042741,0.2950719321210275,0.0008893758552578564,0.000270321162457717,20.0,0.1,0.2950719321210275,0.00049877603,-0.0011044705,0.9013888638363874,3.6055932,0.0022869110107421875
20.170637681160397,-0.4757064443645856,0.2949614850751462,0.00047723556181744777,0.00014499568851143344,20.0,0.1,0.2949614850751462,0.0004996347,-0.0015627701,0.9013878207867773,3.6055832,0.002178668975830078
20.17068548687617,-0.4756919198336664,0.2948052080644632,0.00047807985039983276,0.00014517059807511536,20.0,0.1,0.2948052080644632,-0.00021699892,-0.0019414977,0.9013868049798197,3.605615,0.0021827220916748047
20.17066472314479,-0.4756982248124271,0.2946110582974145,-0.00020764955098738082,-6.300947368294883e-05,20.0,0.1,0.2946110582974145,-0.00051514956,-0.0009507924,0.9013872344456682,3.6056638,0.0021774768829345703
20.170615427703183,-0.47571318309100624,0.29451597905772386,-0.000492968636040912,-0.0001495359153846005,20.0,0.1,0.29451597905772386,-0.00060741266,-0.001016102,0.9013882333877963,3.6056447,0.002223968505859375
20.17055730178901,-0.47573081486541924,0.29441436885445027,-0.0005812770544067991,-0.00017625868136042115,20.0,0.1,0.29441436885445027,-0.00077763,-0.0002170498,0.9013894109478678,3.6056027,0.002227306365966797
20.170482884754538,-0.47575338009187573,0.294392663873987,-0.0007441752423150182,-0.00022563611230897918,20.0,0.1,0.294392663873987,-0.00087557326,-0.0005161581,0.9013909217036224,3.605547,0.002711772918701172
20.170399094272682,-0.47577878561130144,0.2943410480618698,-0.0008379179307211072,-0.00025401194478087767,20.0,0.1,0.2943410480618698,0.0007615772,0.0005103805,0.9013926532224384,3.6055367,0.002470254898071289
20.170471976718922,-0.4757566915478725,0.29439208611056555,0.0007288131850632616,0.00022097783177993307,20.0,0.1,0.29439208611056555,0.00029836863,0.00039931765,0.9013911567715214,3.6055026,0.0021796226501464844
20.170500529961416,-0.4757480341391618,0.29443201787562456,0.0002855289676662876,8.658548885158688e-05,20.0,0.1,0.29443201787562456,0.00046332544,0.00023895892,0.9013905738305825,3.6055903,0.002285480499267578
20.170544868683034,-0.4757345886036079,0.29445591376770636,0.00044338400313053317,0.0001344659506333629,20.0,0.1,0.29445591376770636,0.00060094247,0.0003369558,0.9013896718716977,3.6055818,0.0022237300872802734
20.170602376484833,-0.4757171480978988,0.2944896093473292,0.0005750721409984796,0.00017442443457935762,20.0,0.1,0.2944896093473292,0.00087707856,1.7181013e-05,0.9013885136906266,3.6055903,0.0022423267364501953
20.170686308553886,-0.4756916907636894,0.2944913274486683,0.000839320253160368,0.0002545747841313295,20.0,0.1,0.2944913274486683,0.0003868021,-0.0005350975,0.9013868468552698,3.6056278,0.002359628677368164
20.170723323577484,-0.47568046371226735,0.2944378176989633,0.00037015624300554907,0.0001122507074130732,20.0,0.1,0.2944378176989633,-0.00018514627,-7.360843e-05,0.9013861237832833,3.6057153,0.002166748046875
20.170705605719025,-0.4756858366924167,0.29443045685566205,-0.00017717898007888416,-5.3728497308446246e-05,20.0,0.1,0.29443045685566205,-0.00041268478,-0.0007219589,0.9013864659803676,3.6057305,0.002150297164916992
20.17066611312386,-0.4756978125926734,0.2943582609683293,-0.0003949345967250808,-0.00011973049022545462,20.0,0.1,0.2943582609683293,-0.0010072866,-0.0011231159,0.9013872339819887,3.605741,0.002324819564819336
20.17056971695227,-0.4757270365729892,0.29424594937972903,-0.0009639945317703565,-0.00029213153724360003,20.0,0.1,0.29424594937972903,-0.001540572,-0.0015045954,0.9013891224557327,3.605683,0.002309560775756836
20.170422280957638,-0.4757717159797043,0.2940954898405838,-0.0014744271540338444,-0.0004465722305764668,20.0,0.1,0.2940954898405838,-0.001698373,-0.000721665,0.9013920569225435,3.6056557,0.002243518829345703
20.17025973566811,-0.47582094744720327,0.294023323342299,-0.0016254884196546468,-0.0004921973704639744,20.0,0.1,0.294023323342299,-0.0013669729,-0.0015641433,0.9013953527719245,3.6056805,0.0022287368774414062
20.170128904651946,-0.4758605630368023,0.2938669090081024,-0.0013083721100958683,-0.0003959512526823174,20.0,0.1,0.2938669090081024,-0.0005123641,-0.0016253183,0.9013980806478351,3.6057212,0.0028162002563476562
20.1700798646987,-0.47587540394541655,0.29370437717680065,-0.0004904236471857433,-0.00014832937864834233,20.0,0.1,0.29370437717680065,5.3867025e-05,-0.0009943177,0.9013991031130617,3.6056778,0.0021615028381347656
20.17008502073195,-0.47587384449531167,0.29360494540687826,5.156188281889841e-05,1.558937423660037e-05,20.0,0.1,0.29360494540687826,0.0007216,-0.0012072305,0.9013989976279954,3.6056716,0.0022361278533935547
20.170154092777505,-0.4758529610459769,0.29348422235725624,0.0006907456616596614,0.00020875110594631392,20.0,0.1,0.29348422235725624,0.00089055963,-0.0013794327,0.9013976200858881,3.605639,0.0022051334381103516
20.170239340862793,-0.4758271981160429,0.2933462790833804,0.000852516382992971,0.00025751170288967657,20.0,0.1,0.2933462790833804,0.00023616475,-0.0018532155,0.9013959881689265,3.6056142,0.002262592315673828
20.170261948480565,-0.4758203692429949,0.2931609575325641,0.00022608882921256026,6.82468325195278e-05,20.0,0.1,0.2931609575325641,0.000449181,-0.00131897,0.9013955718388442,3.6056252,0.0023801326751708984
20.17030495016013,-0.4758073888209483,0.2930290605328995,0.0004300339126789472,0.00012974750141232392,20.0,0.1,0.2930290605328995,0.0017784098,-0.0013519529,0.9013948126746076,3.605563,0.0021631717681884766
20.170475210370114,-0.475756018833177,0.2928938652426954,0.001702671534100895,0.0005134696892345221,20.0,0.1,0.2928938652426954,0.0008370925,-0.0023993603,0.9013919764334105,3.60555,0.002254009246826172
20.170555354642445,-0.47573184995868567,0.29265392921315686,0.0008015006900755229,0.00024149644297300255,20.0,0.1,0.29265392921315686,0.002155908,-0.002161828,0.9013907301351523,3.6055884,0.002440214157104492
20.17076177885974,-0.4756696532384113,0.2924377464029025,0.0020643765833352774,0.0006215209345393751,20.0,0.1,0.2924377464029025,0.0020838787,-0.001900762,0.9013878369474403,3.6055748,0.0023012161254882812
20.17096131940691,-0.47560957765513134,0.2922476702058706,0.0019955196250024594,0.0006003765428662793,20.0,0.1,0.2922476702058706,0.002195937,-0.001429614,0.9013853965541754,3.6055646,0.0022280216217041016
20.171171602063914,-0.4755463115398523,0.2921047088029813,0.0021029169946820496,0.0006323605232903555,20.0,0.1,0.2921047088029813,0.0015982697,-0.0012381531,0.9013831852006393,3.6055653,0.0026695728302001953
20.171324658746617,-0.47550028642130887,0.2919808934946563,0.001530623801440696,0.0004600616743030396,20.0,0.1,0.2919808934946563,0.0028186676,-4.657798e-05,0.901381795914133,3.605608,0.0021746158599853516
20.171594595648845,-0.47541915112008215,0.2919762356965297,0.002699372801357426,0.0008113404391422087,20.0,0.1,0.2919762356965297,0.0012814669,-0.0005604398,0.901379761829116,3.6055787,0.002148151397705078
20.171717318774757,-0.47538226468675243,0.2919201917191462,0.0012272519298051363,0.00036879555379721186,20.0,0.1,0.2919201917191462,0.0011871218,-0.00078860036,0.9013789702081189,3.6056046,0.0022635459899902344
20.17183100860596,-0.4753481003043293,0.2918413316832815,0.0011369252505341715,0.00034155416732784856,20.0,0.1,0.2918413316832815,0.0014262843,-0.0005427075,0.9013783301058547,3.6056416,0.0022275447845458984
20.17196760609698,-0.4753070637961838,0.29178706093243856,0.0013659971790079173,0.0004102909483665797,20.0,0.1,0.29178706093243856,0.0011375556,-0.00037320267,0.9013776880012818,3.6056323,0.002287149429321289
20.17207655335872,-0.4752743403938014,0.29174974066572795,0.0010894848291183382,0.0003271933641874959,20.0,0.1,0.29174974066572795,0.0005632477,-0.00034680063,0.9013772673283503,3.605605,0.002304553985595703
20.172130497961437,-0.47525813978634873,0.29171506060247376,0.0005394516452095768,0.00016198736640687784,20.0,0.1,0.29171506060247376,-0.00017832093,-0.00019864974,0.9013770892972564,3.6056075,0.0023353099822998047
20.17211341923797,-0.4752632682115939,0.29169519562874524,-0.00017078825338716236,-5.128085975794882e-05,20.0,0.1,0.29169519562874524,-0.00035257728,-0.0010215146,0.9013771420881737,3.6056511,0.0023500919342041016
20.172079650875858,-0.4752734074958094,0.29159304416407433,-0.00033769397679070075,-0.00010135834674877409,20.0,0.1,0.29159304416407433,-0.00012188428,-0.0012980491,0.9013772490434919,3.6057103,0.002305746078491211
20.172067976956363,-0.47527691140544737,0.29146323925251677,-0.00011674374220157929,-3.502394276400959e-05,20.0,0.1,0.29146323925251677,-9.279414e-05,-0.001010226,0.9013772837251162,3.6057606,0.002235889434814453
20.172059088907247,-0.47527957788261865,0.2913622166555801,-8.888318443643277e-05,-2.665579263883485e-05,20.0,0.1,0.2913622166555801,-0.00020245269,-0.00065073965,0.9013773070109894,3.6057668,0.002318859100341797
20.17203969690622,-0.4752853934838645,0.29129714269092843,-0.00019392379427049834,-5.8143393191591064e-05,20.0,0.1,0.29129714269092843,0.0006312588,-0.00086029817,0.9013773531686735,3.605781,0.0022940635681152344
20.17210016343073,-0.47526726404841935,0.2912111128740439,0.0006046808395817404,0.0001812423345405656,20.0,0.1,0.2912111128740439,-0.000205056,-0.00047467934,0.9013772283465951,3.6057339,0.0021555423736572266
20.172080521181066,-0.4752731514636509,0.29116364493984337,-0.00019642529107865395,-5.8864828479280186e-05,20.0,0.1,0.29116364493984337,0.0002838714,-0.00053635513,0.9013772614121696,3.6057713,0.002172231674194336
20.17210771351987,-0.4752650024500945,0.2911100094266662,0.0002719277584437806,8.147555069647337e-05,20.0,0.1,0.2911100094266662,0.0006399738,-7.516343e-05,0.9013772202423632,3.6056895,0.002250194549560547
20.172169018265222,-0.47524663419701035,0.29110249308378155,0.0006130488341038567,0.00018367792296143567,20.0,0.1,0.29110249308378155,0.00044257802,0.00037739516,0.901377152513499,3.605702,0.0022165775299072266
20.1722114140545,-0.4752339318312543,0.291140232599901,0.00042395309867876137,0.00012703965743589486,20.0,0.1,0.291140232599901,-0.00024569943,0.0006961657,0.9013771186517378,3.605709,0.002269268035888672
20.17218787808385,-0.4752409845020759,0.2912098491719011,-0.00023535479610079928,-7.054309298111446e-05,20.0,0.1,0.2912098491719011,0.00023509955,0.0011061522,0.9013771390248412,3.6056685,0.0024671554565429688
20.172210398204196,-0.4752342345272728,0.29132046439135634,0.00022519373557620368,6.752465829844878e-05,20.0,0.1,0.29132046439135634,-0.0012819709,0.0017146613,0.9013771145545637,3.6055768,0.0023620128631591797
20.17208760264284,-0.47527105494903116,0.2914919305165317,-0.0012278924609771353,-0.00036841476496077274,20.0,0.1,0.2914919305165317,-0.0008198585,0.0014479923,0.9013773241138281,3.6055894,0.0022110939025878906
20.172009075267262,-0.47529461616919944,0.2916367297448237,-0.0007852396310696846,-0.00023572590624636972,20.0,0.1,0.2916367297448237,-0.00070525636,0.0017819478,0.9013775434189126,3.605605,0.0023560523986816406
20.171941527606904,-0.47531489371610675,0.2918149245242607,-0.0006754404593165264,-0.00020289583225740847,20.0,0.1,0.2918149245242607,-4.5786005e-06,0.0011833928,0.9013777896184276,3.605552,0.0022389888763427734
20.171941089103658,-0.4753150254382739,0.29193326380718687,-4.38487655306375e-06,-1.3177405841735782e-06,20.0,0.1,0.29193326380718687,-0.00016876751,0.0013349518,0.9013777915429848,3.6055398,0.0027458667755126953
20.17192492642038,-0.47531988263857244,0.2920667589913141,-0.0001616203471956495,-4.8593578956087465e-05,20.0,0.1,0.2920667589913141,0.0007243109,0.0020162088,0.9013778692097857,3.6055121,0.002260446548461914
20.17199429011693,-0.47529902740392255,0.29226837987462245,0.0006935949028875952,0.00020869219395658285,20.0,0.1,0.29226837987462245,-0.0005631897,0.0018453564,0.9013775169118158,3.605552,0.002174854278564453
20.171940359480942,-0.4753152543149034,0.2924529155172426,-0.000539276406268619,-0.00016236862829066497,20.0,0.1,0.2924529155172426,-0.00051044096,0.0023214798,0.901377822664644,3.6055386,0.0021615028381347656
20.17189148273841,-0.4753299704225398,0.2926850635014493,-0.000488733249013925,-0.00014727453877008435,20.0,0.1,0.2926850635014493,-0.00014410379,0.0024029638,0.901378141761024,3.605568,0.0022139549255371094
20.171877685195103,-0.4753341281646842,0.29292535988297497,-0.00013796543818670015,-4.1610575239852107e-05,20.0,0.1,0.29292535988297497,-0.00063065515,0.0022369043,0.9013782442476104,3.6055381,0.0022346973419189453
20.171817306065112,-0.4753523385974164,0.29314905031733396,-0.0006037505498229605,-0.00018223938510310254,20.0,0.1,0.29314905031733396,-0.00029199195,0.0022437912,0.9013787504824711,3.6055267,0.002640247344970703
20.171789352547275,-0.4753607762409163,0.29337342944145384,-0.0002795162390348419,-8.443915473340706e-05,20.0,0.1,0.29337342944145384,0.0011042721,0.0020379343,0.9013790112129045,3.6055465,0.0025026798248291016
20.171895061619356,-0.4753288425517509,0.2935772228674981,0.0010570256200829447,0.0003195523131611732,20.0,0.1,0.2935772228674981,0.0005694367,0.00092844875,0.9013779732026488,3.6054757,0.002246856689453125
20.171949568944775,-0.47531236429276585,0.2936700677420962,0.0005450579526126029,0.0001648331963982821,20.0,0.1,0.2936700677420962,0.0011426097,0.00026013594,0.9013774269210655,3.6054676,0.0021898746490478516
20.1720589381742,-0.47527928949844916,0.29369608133656616,0.0010936836899125251,0.0003307763939227495,20.0,0.1,0.29369608133656616,0.0009075296,0.00046606362,0.9013763478286837,3.605487,0.0022509098052978516
20.172145805132537,-0.4752530172412186,0.29374268769843215,0.0008686573378981202,0.00026276305754911446,20.0,0.1,0.29374268769843215,0.0012228605,0.00021955694,0.901375530174638,3.605491,0.002221345901489258
20.172262853299653,-0.4752176109504642,0.29376464339238767,0.0011704738971677299,0.0003540886061960817,20.0,0.1,0.29376464339238767,0.0015193662,-0.00022161235,0.9013744764362435,3.6054718,0.0027403831481933594
20.172408281039793,-0.4751736165427864,0.2937424821569951,0.0014542871507420773,0.000439911848086315,20.0,0.1,0.2937424821569951,0.0020687908,-0.0002804169,0.9013732613450115,3.605559,0.002160787582397461
20.172606298871212,-0.47511371751244086,0.2937144404679205,0.0019801951101073084,0.0005989347756751146,20.0,0.1,0.2937144404679205,0.0012294595,8.488147e-05,0.9013718062024948,3.60558,0.0021598339080810547
20.17272397967851,-0.4750781234805397,0.2937229286146251,0.0011768050516538526,0.00035595030791838453,20.0,0.1,0.2937229286146251,0.0012211426,-0.00024188899,0.9013710531547016,3.6055768,0.0021483898162841797
20.17284086410859,-0.47504276923998817,0.29369873971536464,0.0011688528522757816,0.000353514132354727,20.0,0.1,0.29369873971536464,-3.448222e-05,-0.00079022394,0.9013703769024959,3.6056042,0.0022056102752685547
20.17283756354079,-0.4750437674814355,0.29361971732087144,-3.3006466756443e-05,-9.979806254547838e-06,20.0,0.1,0.29361971732087144,0.0009338802,-0.0005946474,0.9013703947248984,3.6057045,0.0022754669189453125
20.17292695479201,-0.4750167392213478,0.29356025257820906,0.0008939285829471822,0.0002702294441217546,20.0,0.1,0.29356025257820906,0.0014619239,8.455311e-05,0.9013699551959744,3.605648,0.003282308578491211
20.17306689303749,-0.4749744366985198,0.29356870788924455,0.0013993788779136992,0.0004230370604787444,20.0,0.1,0.29356870788924455,0.0016438675,-0.00088576105,0.9013693808060751,3.6056142,0.002438783645629883
20.173224246874412,-0.47492686809099177,0.29348013178405413,0.0015735804974654102,0.00047554669551414007,20.0,0.1,0.29348013178405413,0.0015981873,-0.00082172145,0.9013688583953098,3.6055825,0.0022203922271728516
20.173377232218563,-0.47488063488271953,0.2933979596391513,0.001529891427150262,0.0004622063698229809,20.0,0.1,0.2933979596391513,0.0019917935,-0.00097101595,0.9013685225373205,3.6056283,0.002202749252319336
20.17356789997718,-0.4748230308913591,0.29330085804413136,0.0019067335115617696,0.0005758547694544617,20.0,0.1,0.29330085804413136,0.002214108,-0.0020542177,0.9013683318640412,3.6056736,0.0022559165954589844
20.173779855367833,-0.4747590180013147,0.29309543627041457,0.002119685358229071,0.0006396934844174984,20.0,0.1,0.29309543627041457,0.0019248585,-0.0019259824,0.9013684172637514,3.6056893,0.0022287368774414062
20.173964132497378,-0.4747034055592895,0.29290283802856754,0.0018428783698418818,0.0005557694954278738,20.0,0.1,0.29290283802856754,0.001738998,-0.0015629823,0.9013688093925265,3.6058788,0.002542734146118164
20.174130625863427,-0.47465319501064157,0.2927465397953714,0.0016650121183540403,0.0005018452541578289,20.0,0.1,0.2927465397953714,0.0029841983,-0.0021625229,0.901369423498818,3.6060052,0.0021619796752929688
20.17441634938457,-0.4745670761220727,0.29253028750845295,0.002857421378673842,0.0008605709819077728,20.0,0.1,0.29253028750845295,0.0024622702,-0.002034542,0.9013709697402688,3.6060424,0.0021615028381347656
20.174652116008307,-0.4744960701737001,0.2923268333166565,0.002357810653179529,0.000709579791954446,20.0,0.1,0.2923268333166565,0.002752296,-0.002317091,0.9013727406780101,3.60603,0.002195119857788086
20.17491566923855,-0.4744167542006243,0.2920951242182131,0.002635716014015185,0.0007925490326580039,20.0,0.1,0.2920951242182131,0.0027225018,-0.0024367399,0.9013752471288767,3.6060638,0.002222776412963867
20.17517638762279,-0.474338357248097,0.2918514502323891,0.0026073747979826092,0.0007833341991260612,20.0,0.1,0.2918514502323891,0.0025749363,-0.0031612304,0.9013782884675328,3.6060283,0.002216339111328125
20.175422992565586,-0.474264269669466,0.29153532719665276,0.0024662835126427907,0.0007400961742722338,20.0,0.1,0.29153532719665276,0.002059686,-0.002449867,0.9013816943491773,3.6059546,0.0025451183319091797
20.175620270055834,-0.4742050695349098,0.29129034048837676,0.0019729198757317207,0.0005915180241714564,20.0,0.1,0.29129034048837676,0.0016513983,-0.0033710992,0.9013848528351868,3.60595,0.002427339553833008
20.175778453217962,-0.4741576432847768,0.29095323056408273,0.0015819914099861163,0.00047372922325394326,20.0,0.1,0.29095323056408273,0.0016478569,-0.003099248,0.9013876598950707,3.6058488,0.002201080322265625
20.175936313107556,-0.4741103719516905,0.29064330575947717,0.0015787453257260786,0.00047222406121350875,20.0,0.1,0.29064330575947717,0.00084158685,-0.0031318169,0.9013907636309709,3.605819,0.0022547245025634766
20.17601694215401,-0.47408625471431937,0.2903301240732621,0.0008063659557837522,0.00024091984648031748,20.0,0.1,0.2903301240732621,-0.00045839662,-0.003343381,0.9013924794429067,3.6057181,0.002237081527709961
20.1759730209081,-0.47409937716789835,0.28999578597449766,-0.0004392563079364256,-0.0001310776829995364,20.0,0.1,0.28999578597449766,-0.00038565704,-0.003227548,0.901391497380228,3.6056638,0.0022666454315185547
20.175936065511948,-0.47411040496104384,0.28967303117697196,-0.00036958953499051914,-0.00011015865039915074,20.0,0.1,0.28967303117697196,-0.00014036568,-0.002469678,0.9013906405808955,3.6056354,0.0025763511657714844
20.175922613745076,-0.47411441435076845,0.28942606338259835,-0.00013452756650225896,-4.006067449191261e-05,20.0,0.1,0.28942606338259835,-0.001540465,-0.002627621,0.9013903169805627,3.6056664,0.0021626949310302734
20.175774974367787,-0.4741583795631747,0.28916330128868184,-0.001476509245834654,-0.00043926416857015157,20.0,0.1,0.28916330128868184,-0.0015072038,-0.0031653764,0.901386716091517,3.6056736,0.0021741390228271484
20.175630511477216,-0.47420135753415193,0.2888467636514183,-0.0014447648747712648,-0.0004293224088286864,20.0,0.1,0.2888467636514183,-0.0015168202,-0.00375426,0.9013831888895287,3.6056244,0.002294301986694336
20.175485113190348,-0.47424456369444007,0.2884713376495715,-0.0014541449733786044,-0.000431515709470894,20.0,0.1,0.2884713376495715,-0.001827119,-0.0033618838,0.9013796097101177,3.6056168,0.0023450851440429688
20.17530995096463,-0.4742965428667282,0.28813514926896505,-0.0017517969061260487,-0.0005192028184679525,20.0,0.1,0.28813514926896505,-0.0024062155,-0.003869174,0.9013752451397402,3.605508,0.0022430419921875
20.175079248922923,-0.4743649190294333,0.2877482318641346,-0.0023072848036316596,-0.0006828689495393164,20.0,0.1,0.2877482318641346,-0.0013782344,-0.0038431957,0.9013695090377561,3.605473,0.0022013187408447266
20.17494709205018,-0.4744040324603909,0.2873639122904938,-0.0013217189504289375,-0.0003906263759735949,20.0,0.1,0.2873639122904938,-0.00097527134,-0.0029625432,0.9013661938089288,3.605404,0.002768278121948242
20.174853564080863,-0.474431674109695,0.28706765797414896,-0.0009353615417000303,-0.0002761394002684608,20.0,0.1,0.28706765797414896,-0.0025134222,-0.003035099,0.901363792730618,3.60537,0.002161741256713867
20.174612507224122,-0.4745028394215911,0.28676414807287126,-0.0024107844501320553,-0.0007109214547659696,20.0,0.1,0.28676414807287126,-0.002016843,-0.0028564942,0.9013576004564113,3.6053321,0.0022563934326171875
20.17441905886658,-0.4745598858272785,0.28647849865683434,-0.0019346464492376947,-0.000569911449504211,20.0,0.1,0.28647849865683434,-0.001389573,-0.002763514,0.9013526762443964,3.6052907,0.0022416114807128906
20.17428576478545,-0.4745991518249586,0.28620214726270254,-0.0013330492725398921,-0.0003922916017603787,20.0,0.1,0.28620214726270254,-0.001455879,-0.0018428746,0.9013492827120263,3.605296,0.0022618770599365234
20.1741460989736,-0.47464025287513734,0.286017859805907,-0.0013967338388520942,-0.0004107531082366458,20.0,0.1,0.286017859805907,-0.002202204,-0.0021092177,0.9013457100303126,3.6052222,0.0023860931396484375
20.173934825036035,-0.4747023845598803,0.2858069380368766,-0.002112870377930078,-0.0006208712108856853,20.0,0.1,0.2858069380368766,-0.0025620116,-0.0016717395,0.9013403854478217,3.605188,0.002173900604248047
20.173689016814276,-0.47477461580032143,0.28563976408640934,-0.0024582029350604844,-0.0007219014670051747,20.0,0.1,0.28563976408640934,-0.0019590433,-0.0023638213,0.9013343338257921,3.6051648,0.0023050308227539062
20.173501050215716,-0.47482981602863183,0.2854033819605325,-0.001879796416560661,-0.0005515579482447068,20.0,0.1,0.2854033819605325,-0.001931963,-0.0014157883,0.9013298295536676,3.6051266,0.0024785995483398438
20.173315669059203,-0.4748842093924182,0.2852618031292882,-0.001853888556052688,-0.0005436711719383535,20.0,0.1,0.2852618031292882,-0.0016424202,-0.00089635997,0.9013254383754626,3.6051345,0.00228118896484375
20.17315806438678,-0.47493042852284045,0.28517216713244176,-0.0015760881469006032,-0.0004620500318464641,20.0,0.1,0.28517216713244176,-0.002230269,-0.00035530888,0.9013217822590825,3.6051266,0.0022156238555908203
20.172944044831667,-0.47499317104295247,0.2851366362448976,-0.0021402178427424273,-0.000627349157676703,20.0,0.1,0.2851366362448976,-0.00271899,-0.00037754452,0.9013169734719186,3.6051555,0.0025904178619384766
20.172683124238624,-0.47506965312388716,0.2850988817926923,-0.0026092348039693128,-0.000764722299661488,20.0,0.1,0.2850988817926923,-0.0028020127,-0.00016940518,0.9013114183520997,3.6051393,0.0021598339080810547
20.172414233614045,-0.4751484603881749,0.2850819412751667,-0.002688919595757988,-0.0007880270913006948,20.0,0.1,0.2850819412751667,-0.0027035985,-7.6219454e-05,0.9013060485990164,3.6051822,0.0021660327911376953
20.17215478586622,-0.475224495333358,0.28507431932976085,-0.0025944832735440328,-0.0007603296768431691,20.0,0.1,0.28507431932976085,-0.0023238123,-0.00012439131,0.9013012258204003,3.6051388,0.002284526824951172
20.171931783363526,-0.47528984762239995,0.28506188019837336,-0.002230033156006975,-0.0006534951507948445,20.0,0.1,0.28506188019837336,-0.0021485277,0.0005816808,0.9012973672699165,3.6051025,0.0022232532501220703
20.171725601142214,-0.4753502678369805,0.2851200482780774,-0.0020617870643548884,-0.0006043220770217383,20.0,0.1,0.2851200482780774,-0.0019434242,0.0007757274,0.9012940319693498,3.6051254,0.00225830078125
20.17153910473248,-0.4754049310462103,0.28519762101659635,-0.0018649216879563428,-0.0005467767610252672,20.0,0.1,0.28519762101659635,-0.001566975,-0.00049517595,0.9012912478117882,3.6051419,0.002375364303588867
20.171388736857413,-0.47544901743344203,0.2851481034218528,-0.0015037005793585765,-0.00044078941322199766,20.0,0.1,0.2851481034218528,-0.0019018946,0.0009263112,0.9012891769667333,3.6051,0.0022554397583007812
20.171206227249876,-0.4755025176474596,0.28524073454045773,-0.001825046509702421,-0.0005351711985711068,20.0,0.1,0.28524073454045773,-0.0018837691,0.00026674216,0.9012868001692516,3.6051164,0.0023620128631591797
20.17102546191247,-0.47555552473619067,0.2852674087569545,-0.0018076392341631188,-0.0005301191048598145,20.0,0.1,0.2852674087569545,-0.0019479572,7.841388e-05,0.9012846766918147,3.6051116,0.002326488494873047
20.170838538581368,-0.4756103429914535,0.28527525014524197,-0.0018692290124552897,-0.000548197209995704,20.0,0.1,0.28527525014524197,-0.0016961609,0.0005360064,0.9012826830583907,3.6051178,0.0022444725036621094
20.17067577765875,-0.4756580766201748,0.28532885078620945,-0.0016275836383131343,-0.00047742352742507663,20.0,0.1,0.28532885078620945,-0.0011683622,0.0009080642,0.9012811056436459,3.605161,0.002307891845703125
20.170563665226016,-0.47569096286444823,0.28541965720523926,-0.0011210944599172842,-0.00032896424666398536,20.0,0.1,0.28541965720523926,-0.0008844012,0.001044133,0.9012801215478199,3.6051323,0.002346515655517578
20.17047880307636,-0.47571586407851124,0.28552407050319795,-0.0008485954917372634,-0.0002491007466419398,20.0,0.1,0.28552407050319795,-0.00073373603,0.00079666474,0.9012794461250381,3.6051133,0.002155303955078125
20.170408400064304,-0.4757365305126834,0.28560373697710073,-0.0007040136540970979,-0.00020672042866267762,20.0,0.1,0.28560373697710073,-0.00057991437,-0.0004342582,0.9012789384481442,3.605143,0.002178192138671875
20.17035275776002,-0.4757528688335757,0.285560311157497,-0.0005564301373568593,-0.00016335904564224554,20.0,0.1,0.285560311157497,-0.0002648484,0.00066369196,0.9012785701163427,3.6051605,0.0022351741790771484
