x,y,theta,dx,dy,x_d,y_d,theta_d,v,w,state_cost,min_Traj_cost,t_mppi
0.01,0.01,0.0,0.0,0.0,20.0,0.1,0.0,1.0,-2.2228547e-25,999.0204999999999,3235.3599,0.0696096420288086
0.11,0.01,-2.222854723922096e-26,1.0,-2.222854723922096e-26,20.0,0.1,-2.222854723922096e-26,1.0,-4.4396116e-21,989.0505,3200.2808,0.0033228397369384766
0.21000000000000002,0.01,-4.439833918983038e-22,1.0,-4.439833918983038e-22,20.0,0.1,-4.439833918983038e-22,1.0066173,-3.1138202e-21,979.1305,3167.3389,0.0027086734771728516
0.31066173076629644,0.01,-7.553654158794651e-22,1.0066173076629639,-7.603639012343022e-22,20.0,0.1,-7.553654158794651e-22,1.0124525,4.1124125e-17,969.1953537007772,3134.9966,0.003293275833129883
0.41190697908401497,0.01,4.111657091441734e-18,1.012452483177185,4.162857432203266e-18,20.0,0.1,4.111657091441734e-18,1.0172658,-4.0506465e-16,959.2537204901437,3103.6072,0.0029201507568359375
0.5136335587501527,0.01,-3.63948084050186e-17,1.017265796661377,-3.7023193766469425e-17,20.0,0.1,-3.63948084050186e-17,1.0201175,3.0288838e-14,949.3164427066705,3073.137,0.002980947494506836
0.6156453108787538,0.009999999999999997,2.9924889624513636e-15,1.0201175212860107,3.052690422851631e-15,20.0,0.1,2.9924889624513636e-15,1.0208489,-3.496305e-12,939.403266784142,3043.6003,0.0030944347381591797
0.7177301979064943,0.010000000000000302,-3.466380135386346e-13,1.0208488702774048,-3.5386502451611887e-13,20.0,0.1,-3.466380135386346e-13,1.0194789,1.2318522e-11,929.5350718018178,3014.9814,0.002737760543823242
0.819678089618683,0.009999999999964962,8.852141935067241e-13,1.0194789171218872,9.024572074171598e-13,20.0,0.1,8.852141935067241e-13,1.0167482,0.00061696017,919.732121464634,2987.2622,0.0036482810974121094
0.9213529086112978,0.010000000000054967,6.169601781339525e-05,1.0167481879910731,6.27293143976255e-05,20.0,0.1,6.169601781339525e-05,1.0089265,0.0017046297,910.0071870943865,2956.3638,0.0035707950592041016
1.022245559500364,0.010006224674849356,0.0002321589921605694,1.0089264836213938,0.00023423135980983481,20.0,0.1,0.0002321589921605694,0.99952626,-0.011065823,900.4081562087524,2927.098,0.0038237571716308594
1.1221981830350833,0.010029429575609879,-0.0008744233104395759,0.9995258801564004,-0.0008740089517568479,20.0,0.1,-0.0008744233104395759,0.9900164,0.013331082,890.9487403603658,2887.1294,0.0029077529907226562
1.2211997852673662,0.009942860244783,0.0004586848613810647,0.9900162966683909,0.00045410551964902916,20.0,0.1,0.0004586848613810647,0.98851645,0.018220281,881.6286194831582,2860.1094,0.0038661956787109375
1.3200514198614068,0.009988201996273904,0.0022807129842233767,0.9885138789702539,0.002254520347930375,20.0,0.1,0.0022807129842233767,0.97494775,0.022470934,872.3714527010042,2832.2937,0.003518819808959961
1.4175459413514238,0.010210559402868892,0.004527806415874969,0.9749377568684638,0.004414359596976569,20.0,0.1,0.004527806415874969,0.9848282,0.029412799,863.2891524635692,2795.7593,0.0031049251556396484
1.5160277492649277,0.010656469011793016,0.007469086274225723,0.9848007038142695,0.007355698204940052,20.0,0.1,0.007469086274225723,1.0068283,0.03291826,854.163031081184,2765.3752,0.003083944320678711
1.6167077716794156,0.011408470769386442,0.010760912224371444,1.006770014702451,0.010834181950997215,20.0,0.1,0.010760912224371444,0.9899328,0.031061202,844.8832040272085,2726.5598,0.0027840137481689453
1.7156953177107088,0.012473708181033733,0.01386703245313884,0.9898375976645042,0.01372698997672941,20.0,0.1,0.01386703245313884,0.98755825,0.031343725,835.8086464163644,2700.8457,0.004855155944824219
1.8144416473233993,0.013843114516002683,0.01700140491100074,0.9874155233429146,0.016789068773223177,20.0,0.1,0.01700140491100074,0.9893133,0.023271557,826.8048890188049,2674.275,0.003588438034057617
1.913358680170052,0.015525005096052721,0.01932856060536624,0.9891285097887179,0.019120811542661983,20.0,0.1,0.01932856060536624,0.98978037,0.026827412,817.83432564236,2631.0247,0.003217458724975586
2.012318228624281,0.01743798895771941,0.022011301777977957,0.9895406030913719,0.021784595143127694,20.0,0.1,0.022011301777977957,0.9850502,0.016522517,808.9087799848741,2605.697,0.0028078556060791016
2.1107993870159523,0.019606037603814932,0.023663553520758166,0.9847744180755699,0.023307612783291416,20.0,0.1,0.023663553520758166,0.99260986,0.013093008,800.0749044019465,2576.4087,0.003909111022949219
2.2100325828863694,0.021954686047705264,0.02497285429360391,0.9923003572791357,0.024785724937073057,20.0,0.1,0.02497285429360391,0.9882521,0.026123514,791.2225794324863,2536.6455,0.0033233165740966797
2.308826978973078,0.024422377113990534,0.027585205733497157,0.9878761251266968,0.02725768035384024,20.0,0.1,0.027585205733497157,0.9950701,0.053936504,782.4582870924798,2497.7737,0.0030562877655029297
2.408296131746857,0.027166950347833237,0.03297885611625434,0.9945290272892726,0.032810325447760885,20.0,0.1,0.03297885611625434,1.0063801,0.055770554,773.6833741035855,2480.1616,0.004200458526611328
2.508879417626553,0.03048527515662548,0.038555911481101525,1.0056321525005285,0.03879228849258027,20.0,0.1,0.038555911481101525,1.006121,0.036424704,764.8603288102453,2456.2183,0.003501415252685547
2.6094167479496377,0.034363505494099576,0.04219838187070609,1.0052253707182421,0.04244408049094071,20.0,0.1,0.04219838187070609,0.9765578,0.03241658,756.0917349897638,2428.986,0.003152132034301758
2.706985591984016,0.03848319844081087,0.04544003970893146,0.9755497677972088,0.044359555552443225,20.0,0.1,0.04544003970893146,1.0104212,-0.024580525,747.6303290818063,2406.0913,0.003207683563232422
2.807923409881122,0.043072976315966745,0.0429819871854973,1.0094879486671817,0.04341653801249087,20.0,0.1,0.0429819871854973,0.9971526,-0.06146838,738.9268454163476,2378.9612,0.0029497146606445312
2.90754657717041,0.04735761689562969,0.03683514904202939,0.9964762205960292,0.03672196006872994,20.0,0.1,0.03683514904202939,1.0235195,-0.024050174,730.3868380802446,2361.5781,0.004112958908081055
3.0098290996129697,0.05112691377119189,0.034430131613929285,1.0229129185201995,0.0352329496263135,20.0,0.1,0.034430131613929285,1.0271318,-0.04051828,721.6707395072895,2335.4792,0.0031061172485351562
3.112481405369373,0.05466264340394739,0.0303783036020589,1.0266578924934984,0.031197722593361572,20.0,0.1,0.0303783036020589,1.0152675,-0.05948198,712.9758493997458,2314.4827,0.004591226577758789
3.2139613115658987,0.05774637946195428,0.024430105760414614,1.0149645353261825,0.024800625056989288,20.0,0.1,0.024430105760414614,0.9978835,-0.13345717,704.4322005451374,2297.656,0.003981590270996094
3.3137198845699958,0.060183976914066045,0.01108438886674167,0.9978221974786082,0.011060702246611084,20.0,0.1,0.01108438886674167,1.0342313,-0.12708071,696.0838235157229,2272.5762,0.003203868865966797
3.4171366616742564,0.061330335635835107,-0.001623682007472503,1.034229941828309,-0.001679262023839925,20.0,0.1,-0.001623682007472503,1.0224159,-0.11862145,687.4821296013251,2252.5164,0.004140377044677734
3.5193781145411807,0.061164327882512734,-0.01348582737175702,1.0223229056674952,-0.01378770607955445,20.0,0.1,-0.01348582737175702,0.99439,-0.09264049,679.0310148522327,2238.2068,0.00410771369934082
3.618808073398348,0.059823351327429365,-0.02274987630573987,0.9941326952402408,-0.022620298413158803,20.0,0.1,-0.02274987630573987,0.98655695,-0.03997755,670.8626577481442,2219.273,0.0035963058471679688
3.7174382392561798,0.05757914007180383,-0.02674763135639905,0.9862040592000098,-0.026384915155278844,20.0,0.1,-0.02674763135639905,0.95093405,-0.029627368,662.809042554485,2197.5188,0.0030133724212646484
3.8124976299184956,0.055035920000926955,-0.029710368141810883,0.9505143857538717,-0.028248444504245067,20.0,0.1,-0.029710368141810883,1.0311786,0.011700207,655.0931368747111,2181.6477,0.004914999008178711
3.9155699812544156,0.051972701137252934,-0.028540347405056943,1.030758648143304,-0.02942620006045906,20.0,0.1,-0.028540347405056943,0.9548391,0.044175677,646.7779891234004,2165.445,0.003724336624145508
4.011015006653358,0.049247927091239374,-0.024122779704909315,0.9545613093485144,-0.023031139692214937,20.0,0.1,-0.024122779704909315,0.9773944,0.114924654,639.1255422259215,2149.7708,0.003899812698364258
4.108726010529503,0.04689040876559727,-0.012630314268450727,0.9773164437214188,-0.012344470247448192,20.0,0.1,-0.012630314268450727,0.95602924,0.062292706,631.3385240927566,2141.6802,0.0037832260131835938
4.204321308742065,0.045682945899130564,-0.006401043646316518,0.9560096505186344,-0.006119543078911266,20.0,0.1,-0.006401043646316518,0.9579261,0.047708135,623.7660391495655,2126.1797,0.003553628921508789
4.3001119557294425,0.045069777412308255,-0.0016302301364946262,0.9579248216160096,-0.001561639296125283,20.0,0.1,-0.0016302301364946262,0.95147175,0.0697619,616.2237548299579,2110.9175,0.002790689468383789
4.395259003892298,0.04491466568958373,0.005345960072894107,0.951458149807196,0.005086505736230609,20.0,0.1,0.005345960072894107,0.8472509,0.11247754,608.7774398741511,2099.4507,0.0032558441162109375
4.479982881084879,0.04536760046913561,0.01659371416987897,0.8471342356507929,0.014058393726158644,20.0,0.1,0.01659371416987897,0.88050956,0.3055343,602.1847901762422,2084.6167,0.002943277359008789
4.568021714422285,0.04682862580628076,0.047147144488711365,0.8795311148480125,0.04149813319810742,20.0,0.1,0.047147144488711365,0.7826336,0.19678351,595.3719525039394,2062.1538,0.0031473636627197266
4.646198106814018,0.050517152897195855,0.06682549577178479,0.7808867701708779,0.05226096172820763,20.0,0.1,0.06682549577178479,0.764756,0.2072428,589.3542028183971,2049.8267,0.0033791065216064453
4.722503016220004,0.055623870160785724,0.0875497759503317,0.7618269821011461,0.0668687177179983,20.0,0.1,0.0875497759503317,0.65539795,0.21293885,583.509708325766,2035.4573,0.0027303695678710938
4.787791791718527,0.06135453709899724,0.10884366046609403,0.6515195519049404,0.07119514345030732,20.0,0.1,0.10884366046609403,0.6090163,0.24470453,578.5319301097727,2021.4961,0.0028448104858398438
4.848333028598846,0.06797021276329757,0.13331411343039992,0.6036123922150858,0.08095018661989846,20.0,0.1,0.13331411343039992,0.53911024,0.32374465,573.9350947987976,1994.4508,0.0028314590454101562
4.901765691080995,0.07513604311289512,0.16568857889594557,0.5317271397602688,0.08891627126355826,20.0,0.1,0.16568857889594557,0.44630927,0.23323913,569.8932436584275,1973.61,0.0036661624908447266
4.945785398314311,0.08249708966595354,0.18901249181451324,0.43836061464927867,0.083856631524408,20.0,0.1,0.18901249181451324,0.54385906,0.34750414,566.574209063692,1963.1342,0.002794981002807617
4.9992027056999,0.09271560682457915,0.22376290570916657,0.5303003125809953,0.12068247843516638,20.0,0.1,0.22376290570916657,0.5366644,0.32774717,562.5599313176627,1933.7438,0.003038167953491211
5.051531209823017,0.1046242054441927,0.25653762232484345,0.5191017039588146,0.1361694805441979,20.0,0.1,0.25653762232484345,0.4849796,0.20968622,558.6418513854281,1914.0037,0.0029497146606445312
5.098442039802954,0.11692973883302549,0.27750624429406645,0.4664250623845693,0.13286411599289347,20.0,0.1,0.27750624429406645,0.51119184,0.21973826,555.1417906429223,1905.7969,0.0035715103149414062
5.147605486741171,0.13093425626443247,0.29948007028522017,0.4884387008952157,0.15081358626179775,20.0,0.1,0.29948007028522017,0.50483584,0.11267525,551.4864492642291,1883.4535,0.003186941146850586
5.195842047294489,0.14582809795356783,0.31074759524287704,0.48065685416293075,0.15436391409163766,20.0,0.1,0.31074759524287704,0.49515608,0.15084611,547.9129822580396,1877.0084,0.0027408599853515625
5.242986117256381,0.16096851070852822,0.3258322061222983,0.46910327779809935,0.15849813202466445,20.0,0.1,0.3258322061222983,0.5700887,0.041386615,544.4329397369648,1861.8547,0.002856731414794922
5.296995445146615,0.17921689648551709,0.3299708676707936,0.539333416640481,0.18471755183784336,20.0,0.1,0.3299708676707936,0.45914218,0.04849163,540.4615456418205,1842.5941,0.0030019283294677734
5.34043267280117,0.19409381325613342,0.33482003074111466,0.4336457664308275,0.15087375234935235,20.0,0.1,0.33482003074111466,0.4664341,0.030097095,537.2794196659213,1827.3123,0.004036426544189453
5.384485948362629,0.20942080016976558,0.33782974027069335,0.44006946327652474,0.15459504858163264,20.0,0.1,0.33782974027069335,0.45901394,0.017656704,534.063059762798,1802.432,0.003225088119506836
5.427792820970085,0.22463437128379052,0.3395954107117844,0.43279942962029233,0.15290013024304114,20.0,0.1,0.3395954107117844,0.5015528,-0.01570033,530.9118894876908,1786.5658,0.0028340816497802734
5.475083710442389,0.2413413784209496,0.3380253778022719,0.4731706172646461,0.16632738323461205,20.0,0.1,0.3380253778022719,0.48118111,-0.11042882,527.4829265097749,1772.9658,0.0028738975524902344
5.520478882393699,0.2572985403550425,0.3269824960452509,0.45568613587972023,0.15454905666161903,20.0,0.1,0.3269824960452509,0.48578957,-0.10169838,524.2031865650116,1750.2048,0.0027000904083251953
5.566483923714401,0.2729014634592686,0.31681265767635824,0.4616133876223593,0.15134260470664404,20.0,0.1,0.31681265767635824,0.49771053,-0.07178621,520.890703101153,1742.1599,0.0035600662231445312
5.613778031586328,0.28840710879915216,0.3096340366822672,0.4740419747816167,0.15165742258762724,20.0,0.1,0.3096340366822672,0.5184455,-0.10615461,517.4971994077855,1716.5693,0.002741098403930664
5.663157120818267,0.3042046664017046,0.2990185753625822,0.49544002254285935,0.15272495546211784,20.0,0.1,0.2990185753625822,0.5406622,-0.07487326,513.9669082203105,1710.1355,0.002692699432373047
5.714824212382489,0.3201316280902313,0.2915312492472124,0.5178489258305342,0.1553967050793165,20.0,0.1,0.2915312492472124,0.53235704,-0.083854474,510.2867630420481,1699.2197,0.002767324447631836
5.7658136296166855,0.33543259143470616,0.2831458018344831,0.5111592848554284,0.1487286133240079,20.0,0.1,0.2831458018344831,0.49571088,-0.040944956,506.6687253297894,1695.8932,0.003050088882446289
5.813410862498017,0.3492816413380109,0.2790513062101793,0.4765353861638557,0.13654047697317537,20.0,0.1,0.2790513062101793,0.6087362,-0.12591182,503.30363173249356,1674.1302,0.002777099609375
5.871929721011966,0.3660489016200688,0.26646012451471807,0.5872533389041864,0.1602912906556991,20.0,0.1,0.26646012451471807,0.630203,0.00783835,499.18287956519566,1662.3943,0.0027463436126708984
5.932725975722873,0.38264329025790633,0.26724395949365615,0.6078322877344401,0.16642037766215262,20.0,0.1,0.26724395949365615,0.6266021,-0.07966548,494.92021425907456,1658.2659,0.002666950225830078
5.993161897285505,0.39919023765404016,0.25927741128923415,0.6056582442269556,0.1606496172588798,20.0,0.1,0.25927741128923415,0.704705,-0.07133756,490.7025710849052,1619.1122,0.0029442310333251953
6.061276955298972,0.417257618233325,0.2521436554563236,0.6824221200547947,0.17581008781463553,20.0,0.1,0.2521436554563236,0.7282817,-0.105358265,485.97163128301645,1606.8833,0.0031630992889404297
6.13180228517626,0.43542681890033536,0.2416078289222908,0.7071283963428895,0.17425163357447576,20.0,0.1,0.2416078289222908,0.79333574,-0.10449322,481.0985475207,1543.2528,0.002650022506713867
6.208831578169718,0.4544084921107666,0.2311585066092205,0.7722342969346151,0.18175747668766665,20.0,0.1,0.2311585066092205,0.9318494,-0.12479069,475.80482954642247,1446.6475,0.002784252166748047
6.299537952443084,0.4757576626576556,0.21867943752529143,0.909657225011999,0.20215606513155326,20.0,0.1,0.21867943752529143,0.95626193,-0.11046966,469.6096353439834,1427.7235,0.0027627944946289062
6.392886787296132,0.49650287593099435,0.20763247135998725,0.9357230598487711,0.19712747014317714,20.0,0.1,0.20763247135998725,0.99360114,-0.091585785,463.2768612849044,1410.5383,0.003916025161743164
6.490112816085478,0.5169853476255671,0.19847389284493444,0.9740953888227972,0.19591172900246936,20.0,0.1,0.19847389284493444,0.9939959,-0.06974862,456.7273212555807,1388.2017,0.003232717514038086
6.5875610561528495,0.5365843041742872,0.19149903107406613,0.975825686164463,0.18918797325497608,20.0,0.1,0.19149903107406613,0.98802024,-0.040881384,450.2103106926975,1373.99,0.002955913543701172
6.684556981900413,0.5553893662528425,0.18741089265765665,0.9707199269083162,0.18408373269690706,20.0,0.1,0.18741089265765665,0.9852677,-0.05102163,443.77100560788296,1356.9998,0.0027704238891601562
6.781358540065849,0.5737464553204632,0.18230872947694776,0.9689395865332472,0.1786295492858522,20.0,0.1,0.18230872947694776,0.9876814,-0.07020321,437.39229437554695,1329.4637,0.0030517578125
6.878489867698278,0.5916531705766696,0.1752884087336254,0.9725464394016459,0.1722438651960757,20.0,0.1,0.1752884087336254,0.9985924,-0.036388136,431.0393774805871,1299.4298,0.0028569698333740234
6.976818890735538,0.609067836141958,0.17164959508897779,0.9839174063524767,0.17056750070841,20.0,0.1,0.17164959508897779,0.99504834,-0.04238043,424.6559906662425,1282.5474,0.0027320384979248047
7.074861436301879,0.6260640513246281,0.16741155210854528,0.9811369557099658,0.16580555270120464,20.0,0.1,0.16741155210854528,1.0028177,-0.033100996,418.339875692231,1254.2625,0.002782583236694336
7.173741210349389,0.642774068709565,0.1641014524918985,0.9893454406818808,0.16382624536725518,20.0,0.1,0.1641014524918985,0.99435884,-0.030073283,412.0187955718828,1240.1692,0.002777576446533203
7.27184122726754,0.6590185034452102,0.1610941241678786,0.9814842558410029,0.15949342763402655,20.0,0.1,0.1610941241678786,0.99069387,-0.022310132,405.796318577701,1222.1387,0.003954648971557617
7.36962790107676,0.6749090607210363,0.15886311095180033,0.9782188246053297,0.15672354548210993,20.0,0.1,0.15886311095180033,0.9862623,-0.0083829975,399.64204946339436,1205.5043,0.0028281211853027344
7.467012209267078,0.6905113101053362,0.1580248112042439,0.9739735333226889,0.1552060667067723,20.0,0.1,0.1580248112042439,1.0017743,-0.0045899046,393.56121642505695,1186.703,0.0029931068420410156
7.565941433683167,0.7062760257558648,0.15756582074770747,0.9893644984904877,0.15719306421649507,20.0,0.1,0.15756582074770747,0.9876213,0.008738159,387.43345762500826,1166.9607,0.0027582645416259766
7.6634801156671575,0.7217732508170984,0.1584396366679114,0.975251030257,0.15582449987054803,20.0,0.1,0.1584396366679114,0.9719998,0.020077605,381.4408120799282,1155.019,0.0028145313262939453
7.7594626367746615,0.7371092288205771,0.16044739714795767,0.9595153670002472,0.15528656876224728,20.0,0.1,0.16044739714795767,0.97109574,0.024517005,375.5916577749097,1141.535,0.0029938220977783203
7.8553249263625124,0.752623442074221,0.16289909767890393,0.9582396531500256,0.1574919201780573,20.0,0.1,0.16289909767890393,0.95456237,0.014756966,369.79762500344117,1116.7158,0.0026998519897460938
7.949517442310048,0.7681044964787367,0.16437479431713042,0.9416956805529946,0.1562003707680344,20.0,0.1,0.16437479431713042,0.9758454,0.017800482,364.1512337285122,1100.2198,0.002749204635620117
8.04578662570888,0.7840727996694266,0.1661548425161284,0.9624060654664647,0.16139641588372364,20.0,0.1,0.1661548425161284,0.9848463,0.01747085,358.42793248332066,1075.3496,0.00270843505859375
8.142914925971207,0.8003613083413037,0.1679019274839204,0.9709969463555141,0.16458175120138505,20.0,0.1,0.1679019274839204,0.9690403,-0.010632959,352.70243103744485,1054.7672,0.002953052520751953
8.238456245805025,0.816555342513461,0.16683863156447226,0.9555848487161164,0.160924363413098,20.0,0.1,0.16683863156447226,0.9796866,-0.04493182,347.11840760181855,1029.9451,0.002849102020263672
8.33506458222073,0.8328245781119358,0.16234544941196258,0.9668046161272499,0.15834993979119938,20.0,0.1,0.16234544941196258,0.9546181,-0.03530072,341.5193754081154,1007.6185,0.002903461456298828
8.429271154544399,0.8482543814109148,0.1588153773636561,0.942604535551921,0.1509715186349558,20.0,0.1,0.1588153773636561,0.96541363,-0.0383667,336.1041265858973,990.92175,0.002864360809326172
8.524597575634436,0.8635222631313985,0.1549787072182637,0.9538429716890555,0.14902034212134221,20.0,0.1,0.1549787072182637,0.9875344,-0.05447676,330.6695676185809,963.77246,0.002796649932861328
8.622167438031987,0.8787657515322914,0.1495310311854821,0.9765145577791061,0.14711735837759934,20.0,0.1,0.1495310311854821,0.9791866,-0.035997715,325.1538747598481,939.8844,0.003927707672119141
8.718993428156244,0.8933531263705868,0.1459312597007495,0.9687787387473996,0.14238729638753284,20.0,0.1,0.1459312597007495,0.98585206,-0.07863127,319.72629614276,925.63574,0.0027818679809570312
8.816530764070983,0.9076887811514702,0.1380681330055934,0.976470425321552,0.13568271078692415,20.0,0.1,0.1380681330055934,0.96462905,-0.13296826,314.3058632954218,906.4188,0.0027701854705810547
8.912075702134306,0.9209649601961468,0.12477130682179746,0.9571301759160398,0.12004598413102256,20.0,0.1,0.12477130682179746,1.012419,-0.11481726,309.04012175267576,871.40784,0.002759695053100586
9.012530561696835,0.9335642938921991,0.11328958065221129,1.00592897072373,0.11445133371822817,20.0,0.1,0.11328958065221129,0.9801891,-0.12678447,303.5482852242452,845.978,0.0028197765350341797
9.109921129401192,0.9446450766211423,0.10061113328645048,0.9752322373875999,0.09845164054638691,20.0,0.1,0.10061113328645048,0.9740138,-0.109750256,298.26810778330736,832.0377,0.00327301025390625
9.206829948036916,0.9544282152545172,0.08963610769221601,0.9701035034462766,0.08718994030510777,20.0,0.1,0.08963610769221601,0.9681683,-0.09805408,293.05641836403953,818.2723,0.0028684139251708984
9.3032580964147,0.963094882750226,0.07983069957206068,0.9650849167327167,0.07720748668319134,20.0,0.1,0.07983069957206068,0.96814984,-0.08676477,287.9130503213682,804.9073,0.0028955936431884766
9.399764746228639,0.9708154840684753,0.0711542227954608,0.9657000404370477,0.06882983511850028,20.0,0.1,0.0711542227954608,0.96168065,-0.07848309,282.80826760647653,1000000830.0,0.003457784652709961
9.495689468220158,0.9776524753928996,0.06330591381499587,0.9597542598886029,0.06083941631645617,20.0,0.1,0.06330591381499587,0.97183985,-0.06794059,277.7770340390605,1000000700.0,0.002639293670654297
9.592678778616683,0.9838006877844185,0.056511854538415056,0.9702884292671589,0.05489124439061582,20.0,0.1,0.056511854538415056,0.96183634,-0.06155869,272.7335966519593,1000000700.0,0.0026459693908691406
9.688708867759477,0.9892333106344827,0.05035598554620562,0.960617119350561,0.048413750020088325,20.0,0.1,0.05035598554620562,0.95808566,-0.052519787,267.78365173641004,1000000700.0,0.0026755332946777344
9.784395986941284,0.9940558066892505,0.04510400683591185,0.9571112703269705,0.04319885142309355,20.0,0.1,0.04510400683591185,0.9502368,-0.04768862,262.8947528427403,1000000700.0,0.0027074813842773438
9.87932302633002,0.9983403023353913,0.04033514500567732,0.9494639206367154,0.03831754708204716,20.0,0.1,0.04033514500567732,0.94759285,-0.04053582,258.08779426043446,1000000700.0,0.003228425979614258
9.974005239155932,1.002161395553295,0.036281563127134424,0.9469692401215964,0.03437260773693773,20.0,0.1,0.036281563127134424,0.94296664,-0.037477076,253.3361653202484,1000000700.0,0.002768278121948242
10.068239846170563,1.0055818753798018,0.03253385552177249,0.9424676416641519,0.030672928789994856,20.0,0.1,0.03253385552177249,0.9392129,-0.032732494,248.64984571552628,1000000700.0,0.002671957015991211
10.162111436804722,1.0086369581090517,0.029260606104229075,0.9388108778681146,0.027478017822532636,20.0,0.1,0.029260606104229075,0.9100112,-0.048642192,244.02418125872532,1000000640.0,0.002712726593017578
10.253073600005674,1.0112993260050094,0.024396386900637727,0.9097403738207874,0.022198782431398407,20.0,0.1,0.024396386900637727,0.9469512,-0.05892986,239.58260177120883,1000000640.0,0.0027070045471191406
10.347740541957275,1.0136093156551371,0.018503400841448883,0.9467891085145278,0.017520818001080064,20.0,0.1,0.018503400841448883,0.9445833,-0.06456169,235.0019865675677,1000000640.0,0.002714395523071289
10.442182701971095,1.0153570162595802,0.012047232100461104,0.9445147511780311,0.011379338951569994,20.0,0.1,0.012047232100461104,0.93963116,-0.06495706,230.4743749242905,1000000640.0,0.0026061534881591797
10.536138999754863,1.016488984349843,0.005551526108477691,0.9396166846569876,0.0052163601453811695,20.0,0.1,0.005551526108477691,0.9331515,-0.07032046,226.01154272598873,1000000640.0,0.002437114715576172
10.629452710151725,1.0170070231712902,-0.0014805196135300614,0.9331504608307031,-0.0013815485690577046,20.0,0.1,-0.0014805196135300614,0.92269814,-0.076994516,221.62014597957082,1000000640.0,0.0024085044860839844
10.721722423041307,1.016870415951811,-0.009179971209074878,0.922659261667876,-0.008470223393092976,20.0,0.1,-0.009179971209074878,0.912108,-0.08890576,217.3177153868553,1000000640.0,0.002502918243408203
10.812929380225192,1.0160331151903628,-0.018070547124649908,0.9119590861404562,-0.01648139365134469,20.0,0.1,-0.018070547124649908,0.8978709,-0.09701014,213.10345810213707,1000000640.0,0.0024797916412353516
10.902701810700826,1.0144107016542812,-0.027771561434771445,0.897524674714049,-0.02493207167271718,20.0,0.1,-0.027771561434771445,0.8800846,-0.10580801,208.99245319081476,1000000640.0,0.003023862838745117
10.990676331619408,1.0119668835368418,-0.03835236265351954,0.8794373937191937,-0.03374504871688434,20.0,0.1,-0.03835236265351954,0.88423735,-0.08561181,204.99899139577659,1000000500.0,0.0024907588958740234
11.079035043093246,1.0085764556967927,-0.046913543930556204,0.883264477068781,-0.04146749297883187,20.0,0.1,-0.046913543930556204,0.878696,-0.08716599,201.0228173455122,1000000500.0,0.0026352405548095703
11.166807968016437,1.0044556931817383,-0.05563014282872858,0.8773367191139395,-0.048856776624856775,20.0,0.1,-0.05563014282872858,0.87539756,-0.08769503,197.10830393706692,1000000500.0,0.0025482177734375
11.254212304042037,0.9995883554444561,-0.06439964606454554,0.8735829158049584,-0.05633633362379423,20.0,0.1,-0.06439964606454554,0.87726194,-0.087914586,193.2451540800524,1000000500.0,0.002490520477294922
11.34175664651733,0.9939427238789403,-0.07319110467126551,0.8749132666029322,-0.06415045941128068,20.0,0.1,-0.07319110467126551,0.8779901,-0.09098725,189.41077890425728,1000000500.0,0.0033659934997558594
11.429320597215789,0.9875223529923687,-0.08228982969215097,0.8750190977075316,-0.072168144436405,20.0,0.1,-0.08228982969215097,0.8768359,-0.09662041,185.6106033809266,1000000500.0,0.0024161338806152344
11.516707473176295,0.980315026086377,-0.09195187076022807,0.8731316058463364,-0.08051312935711026,20.0,0.1,-0.09195187076022807,0.86927485,-0.10289043,181.85301660204095,1000000500.0,0.0025718212127685547
11.603267725188955,0.972333140284953,-0.10224091394832316,0.8647354570938385,-0.08872069763552246,20.0,0.1,-0.10224091394832316,0.86126256,-0.104635745,178.1651950062322,1000000500.0,0.002563953399658203
11.688944225482548,0.963542846311622,-0.1127044884770173,0.8557983391320078,-0.09686278856433819,20.0,0.1,-0.1127044884770173,0.91079634,-0.102637075,174.54838583638966,1000000400.0,0.0026106834411621094
11.779446011467696,0.9532994806029838,-0.12296819596579256,0.9039188606742716,-0.11171693726370018,20.0,0.1,-0.12296819596579256,0.91661894,-0.08219729,170.76406970492923,1000000400.0,0.0025267601013183594
11.870415760745466,0.942056367736218,-0.13118792532971085,0.908742618529209,-0.11990471353616641,20.0,0.1,-0.13118792532971085,0.915656,-0.06700869,166.9979970739521,1000000400.0,0.0031821727752685547
11.961194552797568,0.9300784932157256,-0.13788879423430145,0.906964924349555,-0.12585897840983604,20.0,0.1,-0.13788879423430145,0.9171173,-0.053646013,163.27855830717695,1000000400.0,0.002444744110107422
12.052035790905952,0.9174725091044817,-0.1432533955483693,0.9077230519935796,-0.13093127406074215,20.0,0.1,-0.1432533955483693,0.9177254,-0.044543635,159.5959909304539,1000000400.0,0.0024688243865966797
12.142868281886686,0.9043707004150375,-0.14770775905838193,0.9077322983685582,-0.13506278306222866,20.0,0.1,-0.14770775905838193,0.92188054,-0.03685991,155.95382764867114,1000000400.0,0.0024857521057128906
12.23405250308227,0.8908032701184933,-0.1513937501518983,0.9113359244369785,-0.1390344159561185,20.0,0.1,-0.1513937501518983,0.9179143,-0.026091198,152.33827584228217,1000000400.0,0.002691030502319336
12.324794005024177,0.8769596462832225,-0.15400286990245762,0.9070507344904283,-0.140803318913153,20.0,0.1,-0.15400286990245762,0.7953712,-0.10114927,148.7811333931634,448.6688,0.0026369094848632812
12.403389798860275,0.8647590623423987,-0.1641177967472929,0.7846836732427634,-0.12994936963513587,20.0,0.1,-0.1641177967472929,0.8894771,0.023664566,145.7333574287374,412.16342,0.0027227401733398438
12.491142304848566,0.850226603944282,-0.1617513401716012,0.877866506759066,-0.14324755405397036,20.0,0.1,-0.1617513401716012,0.85229695,0.00741475,142.3644596082517,375.182,0.002681732177734375
12.57525947510395,0.8365006230573815,-0.16100986518925015,0.8412732460270224,-0.13663606342115014,20.0,0.1,-0.16100986518925015,0.8206129,0.020713102,139.17301257449395,368.05527,0.0027298927307128906
12.65625937609122,0.8233449597093898,-0.1589385549820024,0.8102697666963504,-0.12987859325227596,20.0,0.1,-0.1589385549820024,0.82327473,-0.043165583,136.1343857049627,358.04776,0.002874135971069336
12.737549180176245,0.8103149716310211,-0.16325511329835238,0.8123280223418472,-0.13380757776968108,20.0,0.1,-0.16325511329835238,0.8761292,-0.03270154,133.11934817320477,348.1355,0.002585887908935547
12.823997152052785,0.7960751652944703,-0.16652526737218679,0.8640094336593027,-0.1452242788058056,20.0,0.1,-0.16652526737218679,0.90181905,-0.03157866,129.94884377371568,341.40613,0.002666473388671875
12.91293154187041,0.7811269111213661,-0.16968313337331595,0.8888674188071907,-0.15229022059461372,20.0,0.1,-0.16968313337331595,0.92810416,0.0627101,126.72618299817262,339.88025,0.0028886795043945312
13.004409045119855,0.7654540122676796,-0.1634121234810907,0.9157398881265403,-0.15098938113987018,20.0,0.1,-0.1634121234810907,0.97034794,-0.077039704,123.45280462611011,339.5285,0.0026197433471679688
13.100151134320459,0.749667827801027,-0.17111609385376753,0.9561763291823105,-0.16523302927256017,20.0,0.1,-0.17111609385376753,1.05,-0.119745545,120.07495663924738,333.14297,0.002871274948120117
13.20361763924174,0.7317881925134567,-0.183090648362692,1.0324499143040204,-0.19117289116875277,20.0,0.1,-0.183090648362692,0.9804286,-0.07482464,116.4749237845636,327.65015,0.00283050537109375
13.300021776929944,0.7139375854601275,-0.19057311222916426,0.9626787372283117,-0.185714410981914,20.0,0.1,-0.19057311222916426,0.99367046,-0.19989869,113.16656887113399,329.1444,0.002862215042114258
13.397589866033146,0.6951153143350773,-0.2105629812276918,0.9717236622245055,-0.2076875403786624,20.0,0.1,-0.2105629812276918,0.9813358,-0.28062612,109.8649545361609,329.0988,0.0029418468475341797
13.493556010811824,0.6746043672999094,-0.2386255930460054,0.9535284489996769,-0.23195578489109459,20.0,0.1,-0.2386255930460054,0.75374484,-0.2789032,106.65995890840767,329.8428,0.0026161670684814453
13.56679466521276,0.6567882973297281,-0.26651591167813127,0.7271333972525565,-0.19851525725787886,20.0,0.1,-0.26651591167813127,0.7188351,-0.38124585,104.24036021894587,332.23743,0.0037355422973632812
13.6361402834352,0.6378561958843133,-0.30464049682980365,0.6857362427586047,-0.2156147688506322,20.0,0.1,-0.30464049682980365,0.59105766,-0.4050384,101.96999944891841,338.98065,0.002518177032470703
13.692524515240665,0.6201274069571755,-0.3451443354881365,0.5562009956491076,-0.1999740176885103,20.0,0.1,-0.3451443354881365,0.87159884,-0.0559218,100.13694877577002,322.13275,0.002508401870727539
13.774544287044497,0.5906383851362677,-0.35073651553159546,0.8185358226661886,-0.29947227665154874,20.0,0.1,-0.35073651553159546,0.9166921,0.09444447,97.49256214734858,292.10468,0.0025758743286132812
13.860632665098903,0.5591418008020397,-0.3412920686698515,0.8638200204045651,-0.3068213461029177,20.0,0.1,-0.3412920686698515,0.85488874,0.30049846,94.75660616523585,259.922,0.0025336742401123047
13.941190796236338,0.530528254402007,-0.3112422230935652,0.8138146540393282,-0.26180233357468347,20.0,0.1,-0.3112422230935652,0.92686975,0.23099852,92.23630886362426,239.48526,0.0028116703033447266
14.029424522115503,0.5021436643476259,-0.2881423714852888,0.888658075367938,-0.26339012622124547,20.0,0.1,-0.2881423714852888,0.97811013,0.24013245,89.52372765972656,226.18289,0.003448486328125
14.123203121502469,0.4743485451515759,-0.2641291263795454,0.944189494965782,-0.25535393673606815,20.0,0.1,-0.2641291263795454,1.05,0.19978614,86.69219596093856,219.29654,0.002512216567993164
14.22456174049842,0.4469363333860921,-0.24415051222806758,1.0188601284473795,-0.2538187119272108,20.0,0.1,-0.24415051222806758,1.05,0.1681562,83.69012977184506,205.39673,0.002613067626953125
14.326447753343157,0.42155446219337106,-0.22733489156728573,1.022984000832908,-0.2366508692231994,20.0,0.1,-0.22733489156728573,1.012334,0.096776195,80.73148091925346,200.99197,0.0028221607208251953
14.425076469669143,0.3987382974929365,-0.21765727208023852,0.988449004742692,-0.21860619981627585,20.0,0.1,-0.21765727208023852,0.9947364,0.086807996,77.92254234856411,197.11789,0.0024607181549072266
14.522203128344788,0.3772576852893129,-0.2089764724767763,0.9730946569467248,-0.20636676388295197,20.0,0.1,-0.2089764724767763,0.9843052,0.023299184,75.20782597791903,183.73257,0.002408742904663086
14.618492171290784,0.35683741265879587,-0.20664655410712546,0.9633635911790356,-0.2019587179763832,20.0,0.1,-0.20664655410712546,0.93368644,-0.046859715,72.56647991749962,177.9133,0.0024118423461914062
14.709874347730107,0.337680131473828,-0.211332525620516,0.9129140299583733,-0.19585283562893982,20.0,0.1,-0.211332525620516,0.9494077,-0.07626346,70.10480315425343,163.97897,0.0024633407592773438
14.802702900635353,0.31776507406732435,-0.21895887137418574,0.9267397576940988,-0.206224140458231,20.0,0.1,-0.21895887137418574,0.92850816,-0.001397476,67.6482969163693,153.98055,0.0029058456420898438
14.893336822447873,0.29759662605700904,-0.2190986189691346,0.9063110243541408,-0.20181113685929403,20.0,0.1,-0.2190986189691346,0.92869526,-0.015210576,65.29263308898975,139.73851,0.003088712692260742
14.983986187497987,0.2774114457770125,-0.22061967660468032,0.9061855737545785,-0.2032303978531849,20.0,0.1,-0.22061967660468032,0.9210162,-0.010232987,62.97967347075918,128.68666,0.0030028820037841797
15.073855452799995,0.2572564498566659,-0.2216429752929132,0.8984859367186422,-0.2024694845304051,20.0,0.1,-0.2216429752929132,0.90958345,0.02003863,60.729074227324666,119.119606,0.0026400089263916016
15.162588737087638,0.23726083100922807,-0.2196391122115772,0.8877317459048616,-0.19817769468103189,20.0,0.1,-0.2196391122115772,0.9127295,0.016723214,58.548470655701784,114.72203,0.002645730972290039
15.25166895888272,0.2173745161641622,-0.21796679083984305,0.8911335352543727,-0.19737316348183936,20.0,0.1,-0.21796679083984305,0.92038965,-0.0046948288,56.40106113270672,108.50118,0.003197908401489258
15.341530202884762,0.19747155291406557,-0.21843627371620347,0.8985188999860477,-0.19945149370406684,20.0,0.1,-0.21843627371620347,0.93911564,0.0015707045,54.27710388565592,103.356125,0.0025420188903808594
15.433210194385497,0.1771206050955147,-0.21827920326525305,0.9168318690234888,-0.20336547349961537,20.0,0.1,-0.21827920326525305,0.9303343,-0.010275062,52.15379179098713,97.1361,0.0023822784423828125
15.524036086609854,0.1569742170801147,-0.21930670948261355,0.9080514374347965,-0.20239701532971097,20.0,0.1,-0.21930670948261355,0.93264556,-0.015170559,50.093747538456796,93.52595,0.002612590789794922
15.6150668175847,0.13668423405378025,-0.22082376541132068,0.9099984519589567,-0.2042805833520857,20.0,0.1,-0.22082376541132068,0.9302504,-0.0147282565,48.072461868187226,86.8238,0.0024263858795166016
15.705832963542766,0.11630863758433613,-0.22229659106144642,0.907360378221572,-0.2050925702951834,20.0,0.1,-0.22229659106144642,0.922667,-0.019419478,46.100341271639394,83.31209,0.0024564266204833984
15.795829323288169,0.0959665715426476,-0.22423853888669942,0.8995668684397748,-0.20516795810335672,20.0,0.1,-0.22423853888669942,0.9129944,-0.026002875,44.187668368671844,79.54927,0.002538919448852539
15.884842962661908,0.07566486049215748,-0.22683882634649014,0.8896054821610856,-0.2053310320494802,20.0,0.1,-0.22683882634649014,0.9038415,-0.031982753,42.33777410242021,76.39315,0.0025675296783447266
15.972911669636515,0.05533760435786483,-0.2300371016890738,0.8800324449788072,-0.20608819664758848,20.0,0.1,-0.2300371016890738,0.8978905,-0.039388664,40.54858787533564,73.299545,0.002570629119873047
16.06033549152944,0.034864475326370596,-0.23397596809575294,0.8734250300632653,-0.20817320079577395,20.0,0.1,-0.23397596809575294,0.9104568,-0.059816554,38.81299768969273,73.02119,0.002499103546142578
16.14890038115124,0.013755810110583161,-0.23995762351462577,0.8843704118301244,-0.21638049073518248,20.0,0.1,-0.23995762351462577,0.8978304,-0.06546905,37.09601583646687,66.88562,0.002434968948364258
16.23611096430014,-0.007582159281686877,-0.24650452840635512,0.8706901748890966,-0.21908467414965777,20.0,0.1,-0.24650452840635512,0.92146164,-0.070952676,35.446086485143354,66.000046,0.002444028854370117
16.325471669193778,-0.03006726532517766,-0.2535997960300181,0.8919891906168653,-0.23118572860407147,20.0,0.1,-0.2535997960300181,0.8995055,-0.07524881,33.79768986851682,60.453022,0.0027000904083251953
16.412545199221306,-0.052634979926765024,-0.26112467679688667,0.8690124706182936,-0.23222287417311938,20.0,0.1,-0.26112467679688667,0.8857116,-0.07631765,32.23282346181836,58.33898,0.002399921417236328
16.498113818661473,-0.07550115436875343,-0.26875644210288263,0.8539161994692197,-0.23518541820186237,20.0,0.1,-0.26875644210288263,0.9286407,-0.060549784,30.735018705586242,55.545765,0.002446413040161133
16.58764424231343,-0.10015960462589074,-0.27481142054805496,0.8937947696810709,-0.2520009970794335,20.0,0.1,-0.27481142054805496,0.9045233,-0.033908885,29.210589210851683,50.927055,0.0025119781494140625
16.6747024754958,-0.12470524117482587,-0.27820230904528837,0.8697450132250318,-0.2484069963044518,20.0,0.1,-0.27820230904528837,0.8904308,-0.015470882,27.77024017971301,48.07159,0.002613544464111328
16.760321911033724,-0.14915892183278615,-0.27974939723992687,0.8558150108809096,-0.24586112158357215,20.0,0.1,-0.27974939723992687,0.90803653,0.022410307,26.39398572114264,44.207718,0.0024764537811279297
16.847595541480565,-0.17423115402493253,-0.27750836653197153,0.8732959888853441,-0.24876586510940726,20.0,0.1,-0.27750836653197153,0.897049,0.049225178,25.032141489827637,40.41769,0.0036156177520751953
16.933868425466464,-0.19880672621739004,-0.27258584877038344,0.8639281194313299,-0.24150596356804482,20.0,0.1,-0.27258584877038344,0.89553803,0.07830358,23.726120729960634,36.81282,0.0024814605712890625
17.020115718475008,-0.22291664362217928,-0.2647554904737507,0.864334362792891,-0.2343383795970521,20.0,0.1,-0.2647554904737507,0.88778764,0.12622035,22.45996372501983,33.14768,0.002413034439086914
17.105801120627717,-0.24614767452867484,-0.2521334559240376,0.8597179181496055,-0.22147685007134738,20.0,0.1,-0.2521334559240376,0.91079086,0.13864174,21.240513414853467,29.83807,0.002459287643432617
17.194000503816543,-0.2688692220903925,-0.23826928143883097,0.8850591209591337,-0.21496591417231448,20.0,0.1,-0.23826928143883097,0.89340734,0.13608865,20.02424418896846,27.165752,0.002579927444458008
17.280817176383536,-0.2899555257528391,-0.22466041599893916,0.8709558522596277,-0.1990291114125275,20.0,0.1,-0.22466041599893916,0.88944197,0.13811249,18.865051350789948,25.29282,0.0024917125701904297
17.36752618889684,-0.30977009806119077,-0.21084916745806087,0.8697439802997811,-0.18615160867367747,20.0,0.1,-0.21084916745806087,0.8956926,0.15026064,17.744574748522695,23.425411,0.0025014877319335938
17.45511180600829,-0.3285160783626051,-0.19582310324097027,0.8785739734731861,-0.17427846499498553,20.0,0.1,-0.19582310324097027,0.90023065,0.14905693,16.650204873334136,21.489841,0.0026519298553466797
17.543414336071,-0.3460322236834888,-0.18091741060400357,0.8855380134099036,-0.16198037857667028,20.0,0.1,-0.18091741060400357,0.89602596,0.13756031,15.584394671963825,19.904636,0.0025267601013183594
17.63155453082686,-0.36215460566842483,-0.1671613798060452,0.8835362856276041,-0.14908435607506296,20.0,0.1,-0.1671613798060452,0.8863595,0.12165492,14.557802049968268,19.308327,0.0024912357330322266
17.718954989118664,-0.37690220716149025,-0.15499588777804724,0.8757339817574122,-0.1368326683832827,20.0,0.1,-0.15499588777804724,0.88468575,0.11311999,13.576505142155332,17.23975,0.0026988983154296875
17.80636301796482,-0.39055963518676856,-0.1436838888146912,0.8755692599922433,-0.12667815778664385,20.0,0.1,-0.1436838888146912,0.8726821,0.11217857,12.63172991156747,15.938449,0.002390623092651367
17.892731947455278,-0.40305557054881264,-0.13246603166246762,0.865036698785175,-0.11526295131075695,20.0,0.1,-0.13246603166246762,0.8586035,0.109025754,11.73410888083954,14.803316,0.002422809600830078
17.97784008962309,-0.4143959167567991,-0.1215634562590157,0.8522672050953564,-0.1041179266808129,20.0,0.1,-0.1215634562590157,0.8358901,0.10155824,10.884334655779051,13.769663,0.002437114715576172
18.06081223569221,-0.4245322774771529,-0.11140763243222584,0.8307080852501926,-0.09293201976069834,20.0,0.1,-0.11140763243222584,0.8158256,0.096177995,10.088958238391026,12.726652,0.002494335174560547
18.14188902977651,-0.43360240736243844,-0.1017898329117333,0.8116027757362985,-0.08289942056195139,20.0,0.1,-0.1017898329117333,0.7937791,0.09499528,9.343269767019663,11.983542,0.0034508705139160156
18.22085606823162,-0.4416683257243893,-0.09229030465269437,0.7904009671518104,-0.07315416095260481,20.0,0.1,-0.09229030465269437,0.7763533,0.0897505,8.646894262603292,11.026583,0.002488374710083008
18.298161003330435,-0.4488231470108912,-0.08331525479936948,0.7736603562034853,-0.064607267907651,20.0,0.1,-0.08331525479936948,0.75183874,0.08260055,7.993657043200526,10.505249,0.0027625560760498047
18.37308408674292,-0.45507986636284503,-0.07505519991302838,0.7497220773954214,-0.05637644166008602,20.0,0.1,-0.07505519991302838,0.7242197,0.07800397,7.3874226171262745,9.924156,0.002483844757080078
18.445302163746,-0.4605104096637867,-0.06725480263615002,0.7225823988212622,-0.048670541093551505,20.0,0.1,-0.06725480263615002,0.6968869,0.071839154,6.8281432034858405,9.367298,0.002472400665283203
18.51483330461762,-0.4651937762315223,-0.06007088725948682,0.695629912952289,-0.041837441815592326,20.0,0.1,-0.06007088725948682,0.66937315,0.07129775,6.312910294409659,8.833254,0.0035581588745117188
18.58164988435836,-0.4692123423040422,-0.052941112271789215,0.6684353271036367,-0.03542080790756018,20.0,0.1,-0.052941112271789215,0.64768153,0.06373558,5.839299352929772,8.378079,0.0024051666259765625
18.646327294145586,-0.4726396388802998,-0.04656755407834401,0.646979400471947,-0.03015004520087444,20.0,0.1,-0.04656755407834401,0.62114394,0.059505533,5.400864876480431,7.944107,0.0024182796478271484
18.708374351343092,-0.47553110896067863,-0.040617000735644004,0.6206316443139543,-0.02522206743683198,20.0,0.1,-0.040617000735644004,0.59179115,0.05511938,4.998832184124714,7.5890846,0.0024394989013671875
18.767504658250164,-0.47793412627704407,-0.03510506270015588,0.5914265389227131,-0.02077059875509882,20.0,0.1,-0.03510506270015588,0.56512874,0.054048117,4.632631554376637,7.135176,0.0024390220642089844
18.823982713934736,-0.4799176068209323,-0.02970025097513547,0.5648795105509404,-0.01678199801855443,20.0,0.1,-0.02970025097513547,0.536386,0.046555456,4.298302719563065,6.9916334,0.0026092529296875
18.87759765954008,-0.4815104525413165,-0.025044705397728587,0.5362178011748504,-0.013432225374335425,20.0,0.1,-0.025044705397728587,0.5116406,0.047538716,3.9948535507117873,6.4936457,0.002559185028076172
18.928745675206972,-0.4827917074201782,-0.02029083376312604,0.5115352861170527,-0.0103809021615463,20.0,0.1,-0.02029083376312604,0.48492524,0.046472814,3.718080006563731,6.329813,0.0025768280029296875
18.97722821695637,-0.48377559364680384,-0.015643552369717262,0.4848659058587105,-0.007585643988800092,20.0,0.1,-0.015643552369717262,0.46241722,0.04553335,3.4671401598198135,6.0200624,0.002432107925415039
19.023464280428705,-0.4844989489347438,-0.011090217209700248,0.462388778379079,-0.005128202233461042,20.0,0.1,-0.011090217209700248,0.43913886,0.04435496,3.238152582261119,5.72259,0.002424955368041992
19.067375465858944,-0.4849859534853012,-0.006654721177462241,0.439129135845176,-0.002922325098771768,20.0,0.1,-0.006654721177462241,0.417912,0.042939987,3.02999271864232,5.4670644,0.002511739730834961
19.109165741131957,-0.48526406022053264,-0.0023607224741016833,0.417910841864694,-0.0009865733492893298,20.0,0.1,-0.0023607224741016833,0.39781937,0.04031672,2.8402992423969984,5.238473,0.0024957656860351562
19.148947567282566,-0.48535797424604854,0.0016709494820798428,0.3978188146612898,0.000664735760983421,20.0,0.1,0.0016709494820798428,0.38025314,0.037831288,2.6673355031192525,5.045012,0.002340555191040039
19.186972827813666,-0.4852944358975236,0.005454078265186646,0.3802474804827453,0.002073920083013012,20.0,0.1,0.005454078265186646,0.36204472,0.034723178,2.5089568985147697,4.8618827,0.002408742904663086
19.223176761512512,-0.48509697485166264,0.008926396020408968,0.36203029797704694,0.0032317116464351536,20.0,0.1,0.008926396020408968,0.3453063,0.034659244,2.3644820345868887,4.7059364,0.0023517608642578125
19.257706016519634,-0.4847887448604912,0.012392320432421068,0.34527979314000995,0.004279036881009187,20.0,0.1,0.012392320432421068,0.3294602,0.033492584,2.232445585066645,4.555892,0.002351045608520508
19.290649507163092,-0.4843804776689172,0.015741578810569146,0.3294193848154948,0.0051860095746083254,20.0,0.1,0.015741578810569146,0.31410515,0.031249318,2.1116966609212895,4.4268503,0.002594470977783203
19.32205613083134,-0.483886046987065,0.018866510637756684,0.3140492526274747,0.00592571665900729,20.0,0.1,0.018866510637756684,0.30115494,0.030071706,2.001327014023891,4.309045,0.0026602745056152344
19.35216626538921,-0.4833179064025491,0.021873681195732454,0.30108289920814063,0.006586841893185934,20.0,0.1,0.021873681195732454,0.28696916,0.029093018,1.8998708190740365,4.197437,0.002427339553833008
19.380856316036866,-0.4826902492754901,0.024782982975896695,0.2868810318949501,0.007111223684806045,20.0,0.1,0.024782982975896695,0.27498436,0.027064517,1.8071670699804359,4.097118,0.0023279190063476562
19.408346307725143,-0.4820088257645053,0.027489434689935546,0.2748804677030294,0.007558212596080309,20.0,0.1,0.027489434689935546,0.26364,0.027849315,1.7219709121256235,4.0071325,0.002773284912109375
19.434700345775408,-0.48128418561814074,0.030274366163369516,0.2635191778089417,0.007980314314146851,20.0,0.1,0.030274366163369516,0.2529452,0.026927983,1.643637508790472,3.9207134,0.0024557113647460938
19.459983276426208,-0.4805185269854228,0.03296716450219999,0.25280777223726514,0.008337376081403875,20.0,0.1,0.03296716450219999,0.24472804,0.026170028,1.5715495547817473,3.841579,0.002354145050048828
19.484442783061045,-0.4797118741528159,0.035584167339559894,0.24457311866584244,0.008706605955441779,20.0,0.1,0.035584167339559894,0.23402643,0.026049424,1.5046627524290275,3.768238,0.002419710159301758
19.507830611229004,-0.4788792863151876,0.038189109735843045,0.23385579975415974,0.00893508889023416,20.0,0.1,0.038189109735843045,0.22466932,0.024851939,1.4433298384199928,3.700626,0.0026557445526123047
19.530281162479138,-0.47802150270979665,0.04067430360680471,0.22448350164387165,0.00913574871409902,20.0,0.1,0.04067430360680471,0.21587215,0.023383178,1.3868616097921034,3.640325,0.0023910999298095703
19.55185052337138,-0.4771436998441417,0.0430126213884915,0.2156724934437065,0.009282364400137426,20.0,0.1,0.0430126213884915,0.2076705,0.022224117,1.334832009180723,3.5850594,0.003488779067993164
19.572598365414752,-0.4762507300115593,0.04523503309553514,0.20745806260437155,0.009390778364392244,20.0,0.1,0.04523503309553514,0.19924125,0.022326168,1.2868426527124923,3.5339344,0.0027883052825927734
19.592502109511514,-0.4753497688867525,0.0474676498628224,0.19901682991661027,0.009453962752376551,20.0,0.1,0.0474676498628224,0.19061992,0.02197668,1.2427047182765136,3.4855068,0.002309560775756836
19.611542630087886,-0.4744452806965311,0.04966531781917463,0.19038486832853588,0.009463307142586207,20.0,0.1,0.04966531781917463,0.1829948,0.021154914,1.2022162718838838,3.4427934,0.0022797584533691406
19.629819545360135,-0.4735368048057798,0.051780809224304065,0.1827495250338571,0.009471384862305797,20.0,0.1,0.051780809224304065,0.17477962,0.01967268,1.1649450886605006,3.403712,0.0023345947265625
19.647274081557246,-0.4726321861487121,0.053748077288922176,0.1745272279509421,0.00938954636060825,20.0,0.1,0.053748077288922176,0.16744031,0.018711455,1.1308079853868445,3.3697968,0.0023767948150634766
19.663993932845468,-0.4717326599220229,0.055619222805556166,0.16718138875095967,0.009308099085063791,20.0,0.1,0.055619222805556166,0.1607282,0.01724972,1.0994457789654184,3.3375168,0.0024683475494384766
19.680041898762653,-0.47083916299639683,0.05734419482266556,0.1604640078517135,0.009211778747240855,20.0,0.1,0.05734419482266556,0.15404898,0.016478175,1.0705763413945883,3.307518,0.002355813980102539
19.695421475231363,-0.4699562655943393,0.05899201235240351,0.15378100735454014,0.009082389276272262,20.0,0.1,0.05899201235240351,0.14813618,0.015408403,1.0440455561012103,3.2809951,0.002269744873046875
19.710209324945644,-0.4690828872105284,0.06053285267641794,0.14786486423611778,0.008961630531574423,20.0,0.1,0.06053285267641794,0.14336629,0.015181415,1.0195849196608249,3.2538364,0.0022954940795898438
19.72451969585048,-0.468215580041368,0.062050994154718035,0.14309037719415363,0.008890313289912164,20.0,0.1,0.062050994154718035,0.13768838,0.014126217,0.9968958584401528,3.2297375,0.0023322105407714844
19.738262035443242,-0.46736175809532426,0.06346361585399163,0.1374111975433966,0.008732338147941394,20.0,0.1,0.06346361585399163,0.13241088,0.014113002,0.9760153165983302,3.2081351,0.0024306774139404297
19.751476467676184,-0.4665219947226584,0.06487491609966409,0.13213233915038652,0.008584120616247993,20.0,0.1,0.06487491609966409,0.12743258,0.011265695,0.9567777915581162,3.1874804,0.0031027793884277344
19.764192918931755,-0.46569585668491265,0.06600148560917031,0.127155124842456,0.00840463476718903,20.0,0.1,0.06600148560917031,0.121883154,0.0115039535,0.9390419543810076,3.1716735,0.0024688243865966797
19.776354696613012,-0.4648919936895566,0.0671518809578384,0.12160844873706875,0.008178533128262876,20.0,0.1,0.0671518809578384,0.11636185,0.010459735,0.9228004656540496,3.1548944,0.0027990341186523438
19.787964655410192,-0.4641111891186028,0.06819785446366321,0.11609135745435918,0.007929478509213255,20.0,0.1,0.06819785446366321,0.111998156,0.010452994,0.9079510526103063,3.1406946,0.0023355484008789062
19.799138436198085,-0.46334797765680985,0.06924315387820851,0.11172976899024804,0.007748909892199325,20.0,0.1,0.06924315387820851,0.106902376,0.009974755,0.8942657793574209,3.1260233,0.002373218536376953
19.809803056234486,-0.4626083432653361,0.07024062941288602,0.10663876963890909,0.007502717193303449,20.0,0.1,0.07024062941288602,0.10199716,0.010550624,0.881757563323771,3.113198,0.0025806427001953125
19.819977621115957,-0.4618924977700337,0.07129569178884874,0.10173803957021754,0.007265798954850132,20.0,0.1,0.07129569178884874,0.0971739,0.010202226,0.8703280898732935,3.1012661,0.0023484230041503906
19.82967032440266,-0.46120027651525325,0.07231591441174995,0.09691992022696486,0.0070210960798450595,20.0,0.1,0.07231591441174995,0.09212897,0.0097898245,0.85989487187473,3.090296,0.002263307571411133
19.838859142028316,-0.4605346179874828,0.07329489686032784,0.0918816155443377,0.0067465389852646145,20.0,0.1,0.07329489686032784,0.0881903,0.0099143805,0.8504135851755596,3.0808723,0.002408266067504883
19.847654494315623,-0.4598888066709978,0.07428633491015088,0.08794707682807593,0.0065453104457577635,20.0,0.1,0.07428633491015088,0.08533175,0.008611219,0.841711572344256,3.0721095,0.0024318695068359375
19.856164135439585,-0.4592554912164411,0.07514745681053053,0.08509092607138538,0.006406430571757662,20.0,0.1,0.07514745681053053,0.081392325,0.0084811505,0.8336386509739627,3.063709,0.0025031566619873047
19.864280397104793,-0.4586444240996401,0.0759955718598331,0.08115740491041659,0.006179504198681092,20.0,0.1,0.0759955718598331,0.07807856,0.008329875,0.8262585079691283,3.0564094,0.002353191375732422
19.872065717546203,-0.45805163259270515,0.07682855934342395,0.07784823952569779,0.005992763750088882,20.0,0.1,0.07682855934342395,0.07492562,0.008093813,0.8194720131658788,3.0488317,0.0037539005279541016
19.879536177159135,-0.45747655600988657,0.07763794068684826,0.074699917097835,0.005811228444301354,20.0,0.1,0.07763794068684826,0.07173545,0.007459907,0.8132291077851986,3.042439,0.0023894309997558594
19.8866881131218,-0.45692017609257524,0.07838393137296687,0.07151518918432848,0.005617150396190483,20.0,0.1,0.07838393137296687,0.069078974,0.0066122077,0.8074991656172079,3.036867,0.0023925304412841797
19.89357480022597,-0.45637926223026376,0.0790451521470214,0.06886327935239926,0.005454673643101188,20.0,0.1,0.0790451521470214,0.06635167,0.0065456457,0.8022105164670871,3.0314698,0.002345561981201172
19.900189249009127,-0.45585533046604304,0.07969971671206902,0.06614104419017484,0.005282612354617819,20.0,0.1,0.07969971671206902,0.06369127,0.006793363,0.79734333605219,3.0259852,0.0025374889373779297
19.906538158556497,-0.4553482500529058,0.08037905301405142,0.06348563604258863,0.005113933405307768,20.0,0.1,0.08037905301405142,0.06163827,0.0069504343,0.7928669866070881,3.0213048,0.0024118423461914062
19.912682084629477,-0.45485334079873574,0.08107409644378374,0.0614358060556083,0.004991794297343005,20.0,0.1,0.08107409644378374,0.05888747,0.006890183,0.7887166203504296,3.0168886,0.002362489700317383
19.918551488885328,-0.45437643880014156,0.08176311472868572,0.05869074268442538,0.004809460119242579,20.0,0.1,0.08176311472868572,0.05733048,0.006834579,0.78491773964881,3.0127735,0.002477407455444336
19.924265384422963,-0.45390820903413687,0.08244657264528821,0.05713574187796561,0.004721348634819991,20.0,0.1,0.08244657264528821,0.05458003,0.00621697,0.7813750900800166,3.008901,0.002500295639038086
19.929704847622034,-0.4534587250280669,0.0830682696259583,0.054391827050443126,0.004528656168350984,20.0,0.1,0.0830682696259583,0.05226967,0.006168055,0.7781449218938371,3.005902,0.002381563186645508
19.934913791182517,-0.45302502909128767,0.08368507511420199,0.05208675063597527,0.004369087590519516,20.0,0.1,0.08368507511420199,0.050129656,0.0056566466,0.7751822434491317,3.0029714,0.003507852554321289
19.93990921361943,-0.45260600817114893,0.08425073977066228,0.04995184612392866,0.00421846586866274,20.0,0.1,0.08425073977066228,0.048967406,0.0054005184,0.7724607571867181,3.0003374,0.0023224353790283203
19.94478858552165,-0.45219394204292307,0.08479079161277064,0.048791486536090015,0.004147011817911344,20.0,0.1,0.08479079161277064,0.046180073,0.0045501245,0.7699161247940081,2.9977899,0.002279043197631836
19.94939000225042,-0.45180284656893643,0.08524580406462798,0.046012382991354746,0.003931891353366753,20.0,0.1,0.08524580406462798,0.043710668,0.0050402447,0.7676193833844839,2.9955802,0.002351045608520508
19.953745196692783,-0.45143068259357,0.08574982853112767,0.043550063094201105,0.0037435905255639073,20.0,0.1,0.08574982853112767,0.042228345,0.0052038785,0.7655382613364997,2.9930642,0.0023136138916015625
19.957952515365573,-0.4510690188621669,0.08627021638182948,0.04207129897709769,0.0036385311985575376,20.0,0.1,0.08627021638182948,0.040414385,0.004460104,0.763612636284484,2.991016,0.0025069713592529297
19.961978923935867,-0.45072079540443305,0.08671622676281283,0.04026252858546027,0.0035001924305949074,20.0,0.1,0.08671622676281283,0.03912074,0.0041172216,0.7618474917899152,2.9893923,0.0025115013122558594
19.965876298449906,-0.45038198010265,0.08712794891996334,0.03897234685943193,0.0034041990846265953,20.0,0.1,0.08712794891996334,0.037822068,0.0037670229,0.7602118775729843,2.9879146,0.0024399757385253906
19.96964415840866,-0.4500528609590467,0.08750465120626638,0.03767735711483727,0.003305384816789316,20.0,0.1,0.08750465120626638,0.035201535,0.0030899157,0.7586990674198774,2.9865012,0.0024945735931396484
19.97315084344874,-0.4497452241082609,0.08781364277908603,0.03506589815484191,0.003087203722084938,20.0,0.1,0.08781364277908603,0.034029607,0.0028515593,0.7573517215933904,2.9854946,0.002293825149536133
19.976540692034646,-0.44944678164072427,0.0880987987105737,0.03389763345448389,0.0029940909082089347,20.0,0.1,0.0880987987105737,0.03263894,0.002973858,0.7561052624639075,2.9842763,0.0023813247680664062
19.979791928129725,-0.44915960830616736,0.08839618451399753,0.032511505500387956,0.002881401933023385,20.0,0.1,0.08839618451399753,0.031462956,0.0020126249,0.7549616039092435,2.982986,0.0027370452880859375
19.98292593935714,-0.4488818498366713,0.0885974470010961,0.03133955261584239,0.0027838922276048977,20.0,0.1,0.0885974470010961,0.029441535,0.0013135035,0.7539070215674055,2.9821281,0.002354860305786133
19.985858545383078,-0.4486213464650275,0.088728797349334,0.02932571783430988,0.0026088856821820357,20.0,0.1,0.088728797349334,0.027665064,0.0009119816,0.7529634063394555,2.9816675,0.0022878646850585938
19.988614168824732,-0.4483761996426025,0.08881999551174255,0.02755601073253676,0.002453981291993606,20.0,0.1,0.08881999551174255,0.026673682,0.00070708554,0.752115233715038,2.9810226,0.0023322105407714844
19.991271022520586,-0.44813959539213694,0.08889070406528214,0.026568369592691467,0.0023679211215572476,20.0,0.1,0.08889070406528214,0.025455061,0.0013352733,0.7513330277112295,2.9802823,0.002362489700317383
19.993806478544208,-0.44791362142522995,0.08902423139167974,0.025354258273183286,0.00226312517555507,20.0,0.1,0.08902423139167974,0.024212,0.0008744264,0.7506192406283339,2.9796968,0.002542734146118164
19.996218090583024,-0.4476983605463704,0.08911167403073074,0.024115932066173403,0.002154717557573516,20.0,0.1,0.08911167403073074,0.022104444,0.0013259797,0.7499694924600504,2.9789357,0.002735614776611328
19.99841976433904,-0.44750164473687476,0.08924427200197266,0.022016476525450968,0.001970077452388359,20.0,0.1,0.08924427200197266,0.020745276,0.0013333239,0.7494013703358181,2.9783485,0.0026023387908935547
20.00048603604601,-0.44731675069646376,0.08937760439091386,0.020662470362366802,0.0018516953970958464,20.0,0.1,0.08937760439091386,0.019973146,0.00123861,0.7488896545599327,2.9778051,0.002334117889404297
20.00247537830494,-0.4471384730830174,0.08950146539225266,0.01989320162026636,0.0017852401400240937,20.0,0.1,0.08950146539225266,0.019727133,0.0017139913,0.748416590563421,2.9773302,0.002348184585571289
20.004440195677212,-0.4469621479792079,0.0896728645204103,0.01964787121442377,0.001766618692024455,20.0,0.1,0.0896728645204103,0.018650264,0.0017520641,0.7479682666492022,2.976661,0.002312898635864258
20.006297728509377,-0.44679512977216945,0.08984807093017758,0.018575035409960108,0.0016734365613181672,20.0,0.1,0.08984807093017758,0.018718917,0.0016530392,0.7475614383173538,2.9761548,0.0029349327087402344
20.00816206969568,-0.44662717010829417,0.0900133748547642,0.018643133964382483,0.001682678444939673,20.0,0.1,0.0900133748547642,0.018585045,0.0013032231,0.7471697062057978,2.9757388,0.0022623538970947266
20.01001305008658,-0.44646010566453026,0.09014369716257811,0.01850958602959213,0.0016730566638079889,20.0,0.1,0.09014369716257811,0.017218653,-1.2199358e-05,0.7467972706373149,2.9754963,0.002215862274169922
20.011727924293115,-0.44630510048428224,0.0901424772267756,0.017148743956286107,0.0015500308821147293,20.0,0.1,0.0901424772267756,0.01728624,0.0002953404,0.7464670175584169,2.9753904,0.0021944046020507812
20.01344952985616,-0.4461494889831517,0.09017201126714376,0.01721600966457996,0.001556623470308402,20.0,0.1,0.09017201126714376,0.015788835,0.0002298858,0.7461503854247737,2.9750082,0.0021719932556152344
20.015021998714484,-0.44600731074447225,0.09019499984731105,0.01572465589434288,0.0014221438746830951,20.0,0.1,0.09019499984731105,0.01748951,0.00022028606,0.7458741095794716,2.9745662,0.0021779537200927734
20.016763840522916,-0.44584977790717684,0.09021702845363784,0.017418383377816173,0.0015757120760468062,20.0,0.1,0.09021702845363784,0.015401997,0.00050490693,0.74558251597598,2.9742467,0.003120899200439453
20.01829777651129,-0.44571101408459135,0.09026751914659421,0.015339289801381207,0.001388412718995744,20.0,0.1,0.09026751914659421,0.015008597,0.00025125782,0.7453382987962254,2.9740734,0.0035734176635742188
20.019792525661327,-0.4455757191160178,0.09029264492871612,0.014947457501727691,0.0013533252527232996,20.0,0.1,0.09029264492871612,0.013963113,-0.00033270605,0.7451115234025354,2.9738603,0.003665924072265625
20.021183148891588,-0.4454498137214502,0.09025937432322557,0.013906274184407512,0.0012585912762100085,20.0,0.1,0.09025937432322557,0.013616338,-0.00016795882,0.7449105627143197,2.9735835,0.003313779830932617
20.02253924004485,-0.44532708030827206,0.09024257844155095,0.013560932144884352,0.0012271063641428168,20.0,0.1,0.09024257844155095,0.012801951,-0.00032954424,0.7447241046483598,2.9734492,0.0034132003784179688
20.023814225884216,-0.4452117089443449,0.0902096240171641,0.012749896406714202,0.0011532934744008744,20.0,0.1,0.0902096240171641,0.012978467,0.0005143639,0.7445573123111938,2.9732852,0.0034918785095214844
20.025106795387202,-0.44509478940826014,0.09026106040998734,0.0129256348735605,0.0011698602104281254,20.0,0.1,0.09026106040998734,0.013181051,-9.5914256e-05,0.744396701536626,2.9730678,0.0030057430267333984
20.026419534815386,-0.4449759773236921,0.09025146898436383,0.013127405677012923,0.001187994935199886,20.0,0.1,0.09025146898436383,0.012893177,0.00030310807,0.7442420191994368,2.973011,0.0034332275390625
20.027703605084998,-0.4448597724151007,0.09028177979141497,0.012840667467570973,0.0011624382974417466,20.0,0.1,0.09028177979141497,0.011658156,8.144658e-05,0.7440991533273523,2.9728658,0.0037813186645507812
20.02886467277546,-0.44475466342814785,0.09028992444961936,0.011610668343464107,0.0010511844344886314,20.0,0.1,0.09028992444961936,0.011593127,0.00021039626,0.7439770316528723,2.972688,0.0035631656646728516
20.03001926313887,-0.44465013133901016,0.09031096407577302,0.011545881638386234,0.0010455638126418269,20.0,0.1,0.09031096407577302,0.010448628,0.0010273717,0.7438623043175041,2.9725902,0.0030901432037353516
20.031059867857447,-0.44455589699025394,0.0904137012492111,0.010405950317157716,0.0009434125704615888,20.0,0.1,0.0904137012492111,0.009610385,0.0006061417,0.7437646008454555,2.9724965,0.0030336380004882812
20.03201698093237,-0.4444691242805338,0.09047431541855354,0.00957107813506312,0.0008683072417470417,20.0,0.1,0.09047431541855354,0.008737055,0.00053715263,0.7436792859070877,2.9724348,0.003209352493286133
20.0328871129338,-0.4443901841749933,0.0905280306820469,0.008701277598867874,0.0007898684479630731,20.0,0.1,0.0905280306820469,0.008609041,0.0011302131,0.743605587058009,2.9723756,0.0029480457305908203
20.033744491712373,-0.4443123546335894,0.0906410519966567,0.008573699766999112,0.0007792644298327619,20.0,0.1,0.0906410519966567,0.008172567,0.0014887314,0.7435365753192219,2.9722602,0.0027153491973876953
20.03455839350158,-0.4442383790185174,0.09078992513256987,0.008138907672058087,0.0007409678236344039,20.0,0.1,0.09078992513256987,0.008912608,0.0016470498,0.7434742393952838,2.9721928,0.002871990203857422
20.035445983579834,-0.4441575726357614,0.09095463011196722,0.008875767570024659,0.0008095257216486279,20.0,0.1,0.09095463011196722,0.009061349,0.0024621764,0.7434097040219644,2.9720747,0.0032777786254882812
20.036348372914297,-0.44407526906354344,0.09120084774929006,0.009023690425191948,0.0008252575389081551,20.0,0.1,0.09120084774929006,0.008787409,0.002207226,0.7433477565502099,2.9719281,0.003256559371948242
20.03722346188143,-0.44399523819664577,0.09142157033800055,0.008750712811993145,0.0008022401684877179,20.0,0.1,0.09142157033800055,0.008546189,0.0028805605,0.7432910132376594,2.9720006,0.00308990478515625
20.038074511897374,-0.44391721638026926,0.09170962638470252,0.008510275059777788,0.000782669632392579,20.0,0.1,0.09170962638470252,0.008590863,0.001988902,0.7432390168277098,2.9718037,0.0027217864990234375
20.038929987997893,-0.4438385402904353,0.09190851658365597,0.00855460435696875,0.0007884623408855348,20.0,0.1,0.09190851658365597,0.0077720154,0.0023654718,0.7431897546768688,2.971839,0.003229856491088867
20.039703909269843,-0.4437672093729222,0.09214506376317609,0.007739043771721528,0.0007151398440978585,20.0,0.1,0.09214506376317609,0.0072031105,0.0018362823,0.7431479460013084,2.9717698,0.004359722137451172
20.040421164505187,-0.4437009301513138,0.09232869199492875,0.007172430525164695,0.0006641092880082295,20.0,0.1,0.09232869199492875,0.0074419705,0.001868108,0.743111429968398,2.9716659,0.004136562347412109
20.04116219182345,-0.4436323169911028,0.09251550280039106,0.007410144876516096,0.0006875159092313883,20.0,0.1,0.09251550280039106,0.0064272694,0.0019162594,0.7430760552820634,2.9716759,0.003458738327026367
20.041802170139714,-0.443572939572533,0.09270712874147016,0.006399669262612967,0.0005950005392593831,20.0,0.1,0.09270712874147016,0.0060794256,0.00046311598,0.7430474051597857,2.9716554,0.002931356430053711
20.042407502052157,-0.4435166596618759,0.0927534403397413,0.006053293053816344,0.0005630794448506838,20.0,0.1,0.0927534403397413,0.005251504,0.00207327,0.7430218889007678,2.9717338,0.0038475990295410156
20.042930395085605,-0.4434680199683451,0.09296076734333206,0.005228829378870878,0.00048748102330457334,20.0,0.1,0.09296076734333206,0.005060627,0.0019442455,0.7430012688762992,2.971625,0.003042459487915039
20.0434342727502,-0.44342104371768576,0.09315519189710636,0.0050386852173471205,0.00047074215960985166,20.0,0.1,0.09315519189710636,0.0039643757,0.0011378059,0.7429824170113943,2.9715362,0.0027799606323242188
20.04382899144344,-0.4433841668892911,0.09326897248408664,0.003947144948189383,0.00036921739480445716,20.0,0.1,0.09326897248408664,0.004325389,0.0010486402,0.7429683332922956,2.971493,0.002950429916381836
20.04425965035015,-0.44334388289626037,0.09337383650724683,0.004306546799986565,0.000403291534347121,20.0,0.1,0.09337383650724683,0.003825559,0.00079506903,0.7429537293247563,2.9714966,0.0042684078216552734
20.04464053977628,-0.4433082140673319,0.09345334341066797,0.0038088658900958367,0.00035699112154525213,20.0,0.1,0.09345334341066797,0.0037615523,0.0009354918,0.7429414831613789,2.971577,0.003023386001586914
20.045015053617824,-0.44327311224957705,0.09354689259214234,0.003745105561585072,0.00035136853064545684,20.0,0.1,0.09354689259214234,0.0031618713,0.00051549793,0.7429300738638929,2.97155,0.004346370697021484
20.045329858280304,-0.44324357704692996,0.09359844238513057,0.003148031395289926,0.00029551430723042874,20.0,0.1,0.09359844238513057,0.003920108,0.00011462653,0.7429209501361403,2.971579,0.003911733627319336
20.045720153203185,-0.4432069389962667,0.09360990503789532,0.00390294502884425,0.00036642524476051993,20.0,0.1,0.09360990503789532,0.004228514,-0.00055936485,0.7429102774565413,2.9715033,0.0032727718353271484
20.046141153286815,-0.44316741369997154,0.0935539685525992,0.004210022938783397,0.00039501746968306106,20.0,0.1,0.0935539685525992,0.003810201,0.0009681279,0.7428996133303835,2.9715908,0.0032296180725097656
20.04652050720019,-0.44313181973168325,0.09365078134448873,0.0037935046564636973,0.0003563069443288653,20.0,0.1,0.09365078134448873,0.0025047078,0.0015835881,0.7428908279880311,2.9715512,0.004750251770019531
20.04676988040762,-0.4431083972204215,0.09380914015216427,0.00249369495144102,0.00023462001411695337,20.0,0.1,0.09380914015216427,0.0017661647,0.0013732103,0.7428853821116955,2.9716253,0.003185749053955078
20.046945720318302,-0.44309185327132994,0.09394646118614497,0.0017583763719198914,0.0001656809545386304,20.0,0.1,0.09394646118614497,0.0014274186,0.0010314744,0.74288165436473,2.9716468,0.003805875778198242
20.04708783272135,-0.4430784628965704,0.09404960863046022,0.0014211102110674642,0.00013405033219494007,20.0,0.1,0.09404960863046022,0.0006285562,0.00044194653,0.7428787021312383,2.9717362,0.0033974647521972656
20.047150410555197,-0.4430725600613434,0.09409380328304273,0.0006257757291294689,5.905600826861074e-05,20.0,0.1,0.09409380328304273,-0.0003341511,0.0010645089,0.7428774167677626,2.9716144,0.0029745101928710938
20.047117143259907,-0.4430756995785445,0.09420025417509628,-0.0003326696089575369,-3.143058516577436e-05,20.0,0.1,0.09420025417509628,0.00056343304,0.0007908585,0.7428781016542504,2.971788,0.0031630992889404297
20.04717323676272,-0.44307039987105706,0.09427934002758143,0.0005609308350637168,5.304143673338125e-05,20.0,0.1,0.09427934002758143,0.0005151296,-0.00016557841,0.7428769337069538,2.9718049,0.004132509231567383
20.04722452095254,-0.44306555045480156,0.09426278218613611,0.000512842701089203,4.848567099343689e-05,20.0,0.1,0.09426278218613611,0.0014218204,-0.00011959659,0.7428758686749335,2.971807,0.0032050609588623047
20.0473660717801,-0.4430521678194643,0.09425082252725865,0.0014155098760377809,0.00013380942436642322,20.0,0.1,0.09425082252725865,0.00084138697,3.8726168e-05,0.7428730043232431,2.971848,0.003008604049682617
20.04744983704204,-0.4430442494137564,0.09425469514405727,0.0008376523127380577,7.918730098604938e-05,20.0,0.1,0.09425469514405727,0.0004954875,-0.000494867,0.7428713596416658,2.971737,0.003590106964111328
20.04749916585818,-0.44303958612356836,0.09420520844594016,0.0004932904685089434,4.660849062121856e-05,20.0,0.1,0.09420520844594016,-0.00020046005,-0.0013558057,0.7428704071361987,2.9717612,0.0035643577575683594
20.047479208737396,-0.44304147176972686,0.09406962787922843,-0.00019957376259110976,-1.882940343414811e-05,20.0,0.1,0.09406962787922843,-0.0001288089,-0.0013162789,0.7428707883104007,2.9717157,0.00344085693359375
20.04746638479779,-0.4430426816839427,0.09393799998522176,-0.0001282409875361323,-1.2082262171676815e-05,20.0,0.1,0.09393799998522176,8.467065e-05,-0.001499399,0.7428710295406493,2.9717717,0.004174232482910156
20.047474814532436,-0.4430418874740262,0.09378806008914857,8.429853632831586e-05,7.929459540528612e-06,20.0,0.1,0.09378806008914857,-0.0006836937,-0.0021774988,0.7428708739156051,2.9717622,0.0032548904418945312
20.047406745639318,-0.44304829030801884,0.09357031021224706,-0.0006807028571869667,-6.388011847867908e-05,20.0,0.1,0.09357031021224706,0.0006474727,-0.001670652,0.7428721128464332,2.9717526,0.0035915374755859375
20.047471209670185,-0.44304224072282034,0.09340324501697345,0.0006446504064269091,6.0388154182120025e-05,20.0,0.1,0.09340324501697345,0.00048353494,-0.0013429567,0.7428709773920308,2.9715357,0.004034996032714844
20.047519352395437,-0.44303773091364884,0.09326894934945179,0.00048143330466310895,4.503343771407296e-05,20.0,0.1,0.09326894934945179,0.0004398027,-0.00031743932,0.7428701651198154,2.9714954,0.004150867462158203
20.047563141510608,-0.44303363486468106,0.09323720541740207,0.0004378924517419196,4.094658927045566e-05,20.0,0.1,0.09323720541740207,0.0011298138,-0.00055836776,0.7428694525617646,2.971429,0.003650665283203125
20.04767563216686,-0.44302311605194516,0.0931813686418291,0.0011249124341352987,0.00010512531603954982,20.0,0.1,0.0931813686418291,0.00079402624,-0.00012231249,0.7428676761731854,2.9714265,0.003354787826538086
20.047754690323348,-0.44301572790915816,0.09316913739328178,0.0007905824684795815,7.387175806491231e-05,20.0,0.1,0.09316913739328178,0.0013339005,-0.0007439552,0.7428664780114795,2.9714093,0.0029282569885253906
20.0478875018461,-0.4430033180454589,0.09309474187336768,0.0013281244562107313,0.00012399983082628664,20.0,0.1,0.09309474187336768,0.00020571587,0.00010356596,0.7428645406035946,2.9714065,0.0024657249450683594
20.047907984354367,-0.44300140570392466,0.09310509846925293,0.00020482488462468076,1.9125536631921084e-05,20.0,0.1,0.09310509846925293,0.00030286022,0.00037759202,0.7428642539033412,2.9714556,0.0024394989013671875
20.047938139203303,-0.4429985899929869,0.09314285767120332,0.0003015474259591575,2.8168495587843172e-05,20.0,0.1,0.09314285767120332,0.0006038963,0.00025207456,0.742863834811618,2.9714198,0.002447843551635742
20.047998267062223,-0.442992973260152,0.09316806512740464,0.0006012771731641339,5.6182485034978685e-05,20.0,0.1,0.09316806512740464,3.106757e-05,0.0008545883,0.7428630066271917,2.9714837,0.0024671554565429688
20.04800136034534,-0.4429926842281711,0.09325352395623945,3.093258405120166e-05,2.8929632817368596e-06,20.0,0.1,0.09325352395623945,6.7023706e-05,0.0003997639,0.7428629643007936,2.9714248,0.0027472972869873047
20.0480080335944,-0.44299206011398545,0.09329350034620171,6.673224106651213e-05,6.243809575758661e-06,20.0,0.1,0.09329350034620171,0.00046592174,0.00067575136,0.7428628715910776,2.9714317,0.003516674041748047
20.04805442315355,-0.44298771966971134,0.0933610754824013,0.0004638926573793122,4.343579044976452e-05,20.0,0.1,0.0933610754824013,-6.91057e-05,0.00017089285,0.7428622282418333,2.9714744,0.002627849578857422
20.048047542679008,-0.4429883639111011,0.09337816476706672,-6.880463528403768e-05,-6.4435897201702185e-06,20.0,0.1,0.09337816476706672,-0.0002439425,0.0006203724,0.7428623242508635,2.9715056,0.0024220943450927734
20.048023254704294,-0.442990638492509,0.0934402020089447,-0.00024287833559787504,-2.276088162552957e-05,20.0,0.1,0.0934402020089447,0.0013640166,0.0010664621,0.7428626662072404,2.971478,0.0024416446685791016
20.048159061326746,-0.442977911632989,0.09354684822262521,0.0013580526440941981,0.00012741342709726166,20.0,0.1,0.09354684822262521,0.0012249834,0.0010687151,0.7428607692729884,2.971476,0.0024759769439697266
20.04828102406196,-0.44296646900582753,0.09365371973487804,0.0012196151162828124,0.00011455661438022933,20.0,0.1,0.09365371973487804,0.00051039323,0.00022881558,0.7428591093728197,2.9716363,0.0027408599853515625
20.048331839715516,-0.44296169596788204,0.09367660129298479,0.0005081554432837292,4.774200685576733e-05,20.0,0.1,0.09367660129298479,0.00075935107,0.00025227413,0.7428584250465127,2.9715962,0.002478361129760742
20.04840744188893,-0.4429545930242275,0.09370182870568265,0.0007560199419960811,7.104850899471819e-05,20.0,0.1,0.09370182870568265,0.0014222867,0.00023015976,0.7428574262908367,2.971554,0.0024077892303466797
20.04854904663265,-0.44294128543093647,0.09372484468128556,0.0014160443739703176,0.0001331085245885786,20.0,0.1,0.09372484468128556,0.00055079994,-6.0607574e-05,0.7428556233858423,2.9714694,0.002495288848876953
20.048603884883303,-0.44293613062168785,0.09371878392391687,0.0005483828189393246,5.1544768872123345e-05,20.0,0.1,0.09371878392391687,0.0006533804,-0.0002812186,0.7428549489004997,2.9714706,0.002472400665283203
20.048668936195547,-0.4429300161798443,0.09369066206252051,0.0006505148416705849,6.112612477150401e-05,20.0,0.1,0.09369066206252051,0.000525582,-0.00020748694,0.7428541695486305,2.9716148,0.002539396286010742
20.04872126388784,-0.4429250991682051,0.09366991336844245,0.0005232779430068388,4.9159259068315725e-05,20.0,0.1,0.09366991336844245,0.0019616976,-0.00087912957,0.7428535621540842,2.9716399,0.0030052661895751953
20.04891657367415,-0.4429067508229096,0.09358200041149127,0.0019531139861305427,0.00018331174963795725,20.0,0.1,0.09358200041149127,0.001994559,-0.0005536878,0.7428514281727682,2.9717073,0.002865314483642578
20.04911515684231,-0.4428881125722684,0.0935266316313328,0.0019858419983401795,0.0001862725530482756,20.0,0.1,0.0935266316313328,0.0023870582,0.00034914888,0.7428495035098114,2.9715815,0.0024542808532714844
20.049352819417905,-0.44286581975402944,0.09356154651884305,0.002376617970999647,0.00022301116187471406,20.0,0.1,0.09356154651884305,0.0021712822,-3.772574e-05,0.7428474976042769,2.971646,0.002476930618286133
20.04956899798556,-0.44284553452765596,0.09355777394500643,0.002161786441803821,0.0002028441082373234,20.0,0.1,0.09355777394500643,0.0025520602,0.00037364807,0.7428458997947723,2.971705,0.0025942325592041016
20.049823087901363,-0.4428216928375675,0.09359513875221916,0.0025408902478410225,0.00023851184092513135,20.0,0.1,0.09359513875221916,0.0024749704,-0.00012684661,0.7428443257576736,2.9717667,0.002552032470703125
20.050069501690967,-0.44279856212318974,0.09358245409073157,0.002464140829903392,0.00023127588700373218,20.0,0.1,0.09358245409073157,0.00087760115,0.00048994203,0.74284308510646,2.9719665,0.002420186996459961
20.0501568777993,-0.44279036129849964,0.09363144829382969,0.0008737570643578185,8.205105603058957e-05,20.0,0.1,0.09363144829382969,0.001548413,-0.00019400832,0.7428427217728241,2.97189,0.002395153045654297
20.0503110408554,-0.44277588445811666,0.0936120474621685,0.0015416333693713032,0.00014473849488730312,20.0,0.1,0.0936120474621685,0.0012037273,7.3342886e-07,0.7428421539531117,2.9718132,0.0024585723876953125
20.050430886546994,-0.44276463257075854,0.09361212080505475,0.0011984569076622861,0.00011251896147944406,20.0,0.1,0.09361212080505475,0.0019154446,-0.0003476395,0.7428418017189659,2.9718568,0.002454519271850586
20.0506215923477,-0.44274672786471014,0.09357735685583003,0.0019070642302773362,0.00017898076350833438,20.0,0.1,0.09357735685583003,0.0014569423,0.0008628157,0.7428413905491659,2.971971,0.002995729446411133
20.05076664914043,-0.44273311407283916,0.09366363842666879,0.001450556175744015,0.00013626307548206872,20.0,0.1,0.09366363842666879,0.00076805975,0.0008903069,0.7428412144403729,2.9718645,0.002685546875
20.050843118456793,-0.4427259306597445,0.09375266911622866,0.0007646867651388337,7.190221182150538e-05,20.0,0.1,0.09375266911622866,0.0018736521,0.001553635,0.7428411462622433,2.9718797,0.002428770065307617
20.05102966084074,-0.44270839039278054,0.09390803261588125,0.0018653965657984954,0.00017569248629766766,20.0,0.1,0.09390803261588125,0.0025558267,0.0022769833,0.7428410582206091,2.9718683,0.0024843215942382812
20.051284117380764,-0.4426844243884514,0.09413573095037399,0.0025445107640814754,0.00024023943037715094,20.0,0.1,0.09413573095037399,0.002334213,0.0028159772,0.7428411129233721,2.9719176,0.002443552017211914
20.051516505197156,-0.44266248354330956,0.09441732867083309,0.0023238162868552165,0.00022006284150398448,20.0,0.1,0.09441732867083309,0.002520133,0.002740495,0.7428413033828035,2.9719808,0.002871274948120117
20.051767396032737,-0.4426387244576634,0.09469137816152333,0.0025088431499484553,0.00023827841258828542,20.0,0.1,0.09469137816152333,0.0020275747,0.0023757291,0.7428416214326254,2.9718928,0.0025441646575927734
20.05196924517305,-0.44261955375233747,0.09492895107644407,0.002018445801787698,0.00019218658673116266,20.0,0.1,0.09492895107644407,0.0023887749,0.0018497653,0.7428419563956065,2.9718683,0.002547025680541992
20.052207047146453,-0.4425969114056638,0.09511392760717106,0.0023779778103059862,0.00022686334070045396,20.0,0.1,0.09511392760717106,0.002977175,0.0013157763,0.7428424600967943,2.9720101,0.002469778060913086
20.05250341898099,-0.44256863700201654,0.09524550523304177,0.0029636811169371758,0.00028313399304765764,20.0,0.1,0.09524550523304177,0.0022867545,0.0013708557,0.7428433371572983,2.971888,0.0024361610412597656
20.052731057981457,-0.4425468896086121,0.09538259080539255,0.0022763601707336068,0.00021778599222674398,20.0,0.1,0.09538259080539255,0.0032877543,0.0015990739,0.7428442297495584,2.9718804,0.002466917037963867
20.053058338967546,-0.4425155776856534,0.0955424981929621,0.0032727597489614463,0.0003136425720559855,20.0,0.1,0.0955424981929621,0.0015346225,0.001951251,0.7428458484139829,2.9719422,0.0029163360595703125
20.053211101321356,-0.4425009378155628,0.09573762328757701,0.001527594942965289,0.00014669677580443153,20.0,0.1,0.09573762328757701,0.0017588807,0.001999175,0.7428467220864919,2.9718077,0.0028731822967529297
20.05338618393692,-0.4424841244218549,0.0959375407818964,0.0017507925077110116,0.00016848395449471285,20.0,0.1,0.0959375407818964,0.0015591849,0.0015895462,0.7428477747127327,2.9718585,0.0025005340576171875
20.05354138543573,-0.4424691889214184,0.09609649540318904,0.0015519912278314488,0.0001496017024317172,20.0,0.1,0.09609649540318904,0.0016752856,0.0017412967,0.7428487522085969,2.9718568,0.0024662017822265625
20.053708141069677,-0.4424531147798374,0.0962706250760032,0.0016675283243452895,0.00016103178441148605,20.0,0.1,0.0962706250760032,0.00075489865,0.0020496445,0.7428498653787694,2.9717822,0.0024788379669189453
20.05378328138317,-0.4424458585440144,0.09647558952376975,0.0007513882464403917,7.271636763328745e-05,20.0,0.1,0.09647558952376975,0.0009207604,0.0032763414,0.7428503770197349,2.9716933,0.0025632381439208984
20.053874929253453,-0.44243698922743935,0.09680322365996225,0.0009164495947546379,8.899343069314541e-05,20.0,0.1,0.09680322365996225,0.0006000422,0.0028118598,0.7428509882104843,2.9717422,0.002523183822631836
20.05393465255013,-0.4424311896929163,0.09708440964271112,0.0005972166356659758,5.816327647464185e-05,20.0,0.1,0.09708440964271112,0.0006690831,0.0031724405,0.7428513557434392,2.9717402,0.0026712417602539062
20.054001245788747,-0.4424247041385667,0.0974016536881475,0.0006659117776334619,6.506680331261687e-05,20.0,0.1,0.0974016536881475,0.00073708856,0.0043904013,0.7428517355163707,2.9717996,0.0024688243865966797
20.054074605279876,-0.44241753612060875,0.09784069381815179,0.0007335633701282727,7.200225026621662e-05,20.0,0.1,0.09784069381815179,0.00017897986,0.0045618587,0.7428521160683157,2.9717782,0.002446889877319336
20.05409241766679,-0.4424157877618539,0.098296879689887,0.00017811587483814874,1.7564843319033055e-05,20.0,0.1,0.098296879689887,-0.00026930965,0.0039154887,0.7428521911558778,2.9717484,0.0034973621368408203
20.05406561670461,-0.4424184307306625,0.09868842856188102,-0.0002679992527539004,-2.653462492241058e-05,20.0,0.1,0.09868842856188102,9.077424e-05,0.0042480463,0.7428521122649105,2.971678,0.0028295516967773438
20.054074649960445,-0.4424175363473651,0.09911323319350167,9.032875080978553e-05,8.982205855388154e-06,20.0,0.1,0.09911323319350167,-7.2632494e-05,0.003995826,0.7428521287637244,2.971665,0.002436399459838867
20.054067422356844,-0.4424182550534558,0.0995128157937227,-7.227315839845171e-05,-7.215940578599896e-06,20.0,0.1,0.0995128157937227,0.0005497004,0.0037701793,0.742852123938873,2.9715924,0.002476930618286133
20.05412212044293,-0.442412793853922,0.09988983372852935,0.0005469602322703555,5.481821304601155e-05,20.0,0.1,0.09988983372852935,0.0017124208,0.003700117,0.7428521071441408,2.9715753,0.002459287643432617
20.054292508912003,-0.4423957169425724,0.10025984544002248,0.001703821387526841,0.0001713995590827169,20.0,0.1,0.10025984544002248,0.0020380917,0.00310477,0.7428519757040175,2.971528,0.003140687942504883
20.05449529458658,-0.44237531728362606,0.10057032244906558,0.002027793311795144,0.00020462618251823765,20.0,0.1,0.10057032244906558,0.0019303111,0.0028535777,0.7428518048264806,2.9715111,0.002467632293701172
20.05468735032211,-0.4423559367916582,0.10085568022143825,0.001920501973340224,0.000194352957749015,20.0,0.1,0.10085568022143825,0.0017416464,0.0024240229,0.7428516711460253,2.9714909,0.002422332763671875
20.05486062992677,-0.4423384010618588,0.10109808250956966,0.0017327534887062357,0.00017577732656466784,20.0,0.1,0.10109808250956966,0.001585417,0.0017558563,0.7428515749557397,2.971466,0.0024297237396240234
20.05501836209952,-0.4423224000900994,0.10127366814224778,0.001577293607752973,0.00016028667015946583,20.0,0.1,0.10127366814224778,0.0016697668,0.0023861676,0.7428515145189994,2.971457,0.002476215362548828
20.05518448322969,-0.4423055186403381,0.10151228490679322,0.0016611709724345704,0.0001692108856687756,20.0,0.1,0.10151228490679322,0.00132776,0.0025061697,0.7428515068427356,2.9714646,0.004048824310302734
20.05531657571078,-0.4422920633813155,0.1017629018791279,0.0013208910482278245,0.00013488363217400474,20.0,0.1,0.1017629018791279,0.000300666,0.002238701,0.742851513886828,2.9715085,0.0027997493743896484
20.055346486764634,-0.4422890089949665,0.10198677198889462,0.000299103693204379,3.061082463311539e-05,20.0,0.1,0.10198677198889462,0.0005722518,0.00090350426,0.7428515071848266,2.9714406,0.002417325973510742
20.05540341459395,-0.4422831828957254,0.10207712241492962,0.0005692730269478214,5.831242670943256e-05,20.0,0.1,0.10207712241492962,0.00052263803,0.00087962585,0.7428514720004697,2.9714665,0.002516031265258789
20.05545540634579,-0.44227785721705265,0.10216508499973251,0.0005199128317679825,5.33025198099243e-05,20.0,0.1,0.10216508499973251,0.0016136727,0.00062571827,0.742851441302237,2.9714494,0.0024557113647460938
20.055615932196723,-0.4422613997806774,0.10222765682658909,0.001605248208491363,0.00016467480738744354,20.0,0.1,0.10222765682658909,0.001039871,5.0496255e-05,0.7428513940155255,2.9714441,0.0031337738037109375
20.05571937641294,-0.44225078792869665,0.10223270645213169,0.00103444162629696,0.00010612374335163402,20.0,0.1,0.10223270645213169,0.00030564773,-0.00016870747,0.7428514147928484,2.9715018,0.002640247344970703
20.05574978160064,-0.44224766864941223,0.10221583570521879,0.0003040524031837547,3.118766325735009e-05,20.0,0.1,0.10221583570521879,0.00023891145,-0.0010178165,0.7428514307606042,2.9715412,0.0025644302368164062
20.05577354804625,-0.4422452308462742,0.10211405405710074,0.00023766693613506195,2.4353841373865438e-05,20.0,0.1,0.10211405405710074,0.0003883323,-0.0007033594,0.7428514475929915,2.9716067,0.0026466846466064453
20.055812178988976,-0.44224127231562393,0.10204371811990248,0.00038631221056405446,3.955813496923737e-05,20.0,0.1,0.10204371811990248,-0.00035954648,-0.00044161553,0.7428514918149102,2.9715428,0.002649545669555664
20.055776411374993,-0.4422449348975016,0.10199955656710634,-0.00035767775695081327,-3.6610023207206756e-05,20.0,0.1,0.10199955656710634,0.00025570416,-0.0013361977,0.7428514437196703,2.9715116,0.003112316131591797
20.05580184889002,-0.44224233124659673,0.10186593679530168,0.0002543786270095466,2.600251926686855e-05,20.0,0.1,0.10186593679530168,9.312614e-05,-0.0004324664,0.7428514803382213,2.9715228,0.0027341842651367188
20.055811113228668,-0.44224138424823045,0.10182269015634055,9.264379594228727e-05,9.46597713905917e-06,20.0,0.1,0.10182269015634055,-0.0011168668,-0.00024348409,0.7428514978781505,2.9715116,0.0027823448181152344
20.055700005021777,-0.4422527368459484,0.10179834174771649,-0.0011110848327621696,-0.00011349892406560243,20.0,0.1,0.10179834174771649,0.00016336501,-0.0013146504,0.7428513029408684,2.9714942,0.0025572776794433594
20.05571625694906,-0.4422510766880501,0.10166687670710352,0.00016252145397292826,1.658021323723864e-05,20.0,0.1,0.10166687670710352,-0.0009519893,-0.001503134,0.7428513286444085,2.971439,0.0024716854095458984
20.05562154958873,-0.4422607386015457,0.10151656330411178,-0.0009470881157852258,-9.647677600865714e-05,20.0,0.1,0.10151656330411178,-0.0009482694,-0.0010014218,0.7428511635183631,2.9714186,0.0029675960540771484
20.055527210855505,-0.44227034858047215,0.1014164211213295,-0.000943396951153467,-9.600531591630543e-05,20.0,0.1,0.1014164211213295,-0.0011484553,-0.0008546604,0.7428510052374463,2.9714434,0.0027539730072021484
20.055412955428224,-0.4422819758476345,0.10133095508056549,-0.0011425642059985609,-0.00011617502160916337,20.0,0.1,0.10133095508056549,-0.0017273839,-0.0007861983,0.742850842396262,2.9714522,0.0027060508728027344
20.055241103112017,-0.44229944965474677,0.10125233525025513,-0.0017185368946420513,-0.00017460296058338925,20.0,0.1,0.10125233525025513,-0.0009839203,-0.00010782138,0.7428506814221842,2.9715436,0.002480030059814453
20.055143215010798,-0.44230939506373496,0.10124155311198528,-0.0009788820844507337,-9.944353544591768e-05,20.0,0.1,0.10124155311198528,-0.0007650823,-0.0003698339,0.742850635340303,2.9716406,0.0024700164794921875
20.05506709854403,-0.4423171276504085,0.10120456972211223,-0.0007611675269410766,-7.729771623245124e-05,20.0,0.1,0.10120456972211223,-0.0006105299,0.0005313777,0.7428506307126183,2.971579,0.0030243396759033203
20.055006357949683,-0.4423232959498425,0.10125770748993937,-0.0006074026649118192,-6.171527044869106e-05,20.0,0.1,0.10125770748993937,0.00082300766,0.0009577834,0.7428506418619728,2.9715333,0.002741575241088867
20.055088237156475,-0.4423149765964986,0.10135348583274145,0.0008187840960462816,8.327195560452693e-05,20.0,0.1,0.10135348583274145,0.00087547576,0.00076519867,0.7428506192846723,2.9714851,0.0029435157775878906
20.05517533544959,-0.44230611852850166,0.10143000569944825,0.0008709761504264019,8.864732720754413e-05,20.0,0.1,0.10143000569944825,0.0005451941,0.00092464493,0.7428506095885601,2.9714496,0.002567768096923828
20.055229574649005,-0.4423005981017302,0.10152247019280304,0.0005423868874030756,5.5254419478973e-05,20.0,0.1,0.10152247019280304,0.0014094318,0.001016738,0.7428506115435108,2.9715078,0.0024569034576416016
20.055369792115517,-0.44228631376910166,0.10162414399376694,0.0014021601344672656,0.00014298588997487376,20.0,0.1,0.10162414399376694,0.000786923,0.0007267835,0.7428506499504902,2.9715874,0.002653837203979492
20.05544807841791,-0.4422783304893426,0.10169682234111797,0.0007828572197422746,7.988969457041397e-05,20.0,0.1,0.10169682234111797,0.0005154822,-0.0004007652,0.7428506927963685,2.9715266,0.002417325973510742
20.05549936030682,-0.4422730972305332,0.10165674582233743,0.0005128209859610169,5.2312036056328106e-05,20.0,0.1,0.10165674582233743,-0.00024474636,-0.00068389444,0.7428507274361534,2.971603,0.0024416446685791016
20.055475012023244,-0.4422755809594038,0.10158835637842395,-0.00024348453378489866,-2.482063699185706e-05,20.0,0.1,0.10158835637842395,-5.9731217e-05,-2.2899007e-05,0.7428507066595949,2.9714859,0.002439737319946289
20.0554690696969,-0.44227618671584656,0.10158606647776589,-5.9423277307263846e-05,-6.057428354605113e-06,20.0,0.1,0.10158606647776589,0.0002832834,-0.0010614989,0.7428507009302984,2.9715066,0.002448558807373047
20.05549725199359,-0.44227331389814273,0.10147991658916845,0.0002818260148051246,2.8698261399972887e-05,20.0,0.1,0.10147991658916845,-0.000100463745,-0.0013806442,0.7428507298622841,2.9716265,0.002761363983154297
20.055487257304346,-0.44227433165445135,0.1013418521735087,-9.994829663499268e-05,-1.0163763879978854e-05,20.0,0.1,0.1013418521735087,-0.0001921807,-0.0007428755,0.7428507162361017,2.971602,0.0028781890869140625
20.055468137836552,-0.44227627591726215,0.10126756462298482,-0.00019119612174112508,-1.942842467027443e-05,20.0,0.1,0.10126756462298482,-0.00020124747,-0.0010177799,0.7428506843443734,2.9715292,0.0024683475494384766
20.055448116191997,-0.44227831041989457,0.10116578663030788,-0.0002002185151780472,-2.0324648590924922e-05,20.0,0.1,0.10116578663030788,-0.0007907891,-0.0026053311,0.7428506488527418,2.971596,0.0025093555450439453
20.055369441605862,-0.4422862968606829,0.1009052535172753,-0.0007867666419531541,-7.965943182652361e-05,20.0,0.1,0.1009052535172753,-0.0006689662,-0.0025071513,0.7428505070665441,2.97165,0.0031321048736572266
20.05530288526221,-0.4422930356320503,0.10065453838354126,-0.0006655803107061503,-6.722084473218036e-05,20.0,0.1,0.10065453838354126,-0.0009223043,-0.0027224866,0.7428503640333739,2.9716246,0.0024251937866210938
20.05521112164792,-0.4423023033756558,0.10038228972146436,-0.0009176613402380895,-9.242760741147896e-05,20.0,0.1,0.10038228972146436,-0.00024033782,-0.002233243,0.7428501405004075,2.9717946,0.0024347305297851562
20.055187208854058,-0.44230471189198545,0.10015896541329249,-0.00023913331144256392,-2.4031759614686928e-05,20.0,0.1,0.10015896541329249,0.0001227826,-0.0018772564,0.7428500714033769,2.9716086,0.002815723419189453
20.055199425578852,-0.4423034841692905,0.09997123976966514,0.0001221695505588394,1.2254292808154103e-05,20.0,0.1,0.09997123976966514,0.0010165677,-0.0012683887,0.7428501138159679,2.9715667,0.0025529861450195312
20.055300574779675,-0.4422933383357459,0.09984440089931859,0.0010115048689477665,0.00010133003812647537,20.0,0.1,0.09984440089931859,0.0015378235,-0.00040454496,0.7428505459357255,2.9716022,0.004075288772583008
20.05545359124224,-0.44227800952768803,0.09980394640327113,0.001530170825590925,0.00015322617841446925,20.0,0.1,0.09980394640327113,0.0024450088,0.000308743,0.742851350997432,2.9715137,0.0030012130737304688
20.055696875420956,-0.4422536478653494,0.09983482070413566,0.0024328342645161707,0.00024369173555959222,20.0,0.1,0.09983482070413566,0.002915933,9.9757526e-05,0.7428529013873395,2.9716277,0.002572774887084961
20.055987016776516,-0.4422245850345904,0.09984479645675429,0.0029014106562291826,0.0002906572513591449,20.0,0.1,0.09984479645675429,0.002984088,0.0007169025,0.7428551166586691,2.971594,0.002753734588623047
20.056283939387058,-0.442194839948468,0.09991648670577824,0.002969204773445646,0.0002976637250183944,20.0,0.1,0.09991648670577824,0.0013397487,0.0003673458,0.7428578157491769,2.9716241,0.0025963783264160156
20.056417246060732,-0.4421814759119384,0.09995322128700472,0.0013330618266347738,0.00013368933485391281,20.0,0.1,0.09995322128700472,0.0018324687,0.00048054726,0.7428591461878127,2.971578,0.0028285980224609375
20.05659957831205,-0.442163190280384,0.10000127601263493,0.0018233137239631035,0.00018294393459609154,20.0,0.1,0.10000127601263493,0.001234148,0.0011107172,0.742861092900264,2.9716873,0.002989053726196289
20.056722376541053,-0.4421508692020745,0.10011234773149162,0.0012279685972424776,0.00012334717643774058,20.0,0.1,0.10011234773149162,0.0008081944,0.00044796383,0.7428624824425749,2.971649,0.0033092498779296875
20.056802791313117,-0.44214279168681875,0.10015714411449998,0.0008041441013882969,8.081117538609857e-05,20.0,0.1,0.10015714411449998,0.0009305754,0.00030427446,0.7428634091973474,2.9716752,0.002828359603881836
20.056895382494073,-0.44213348688417137,0.10018757156097244,0.0009259089779201767,9.307619956261917e-05,20.0,0.1,0.10018757156097244,-0.00027971895,0.00047655994,0.7428645053758423,2.9715476,0.0029277801513671875
20.056867550866148,-0.4421362846345082,0.10023522755539424,-0.0002783149456363439,-2.7990766775926002e-05,20.0,0.1,0.10023522755539424,0.0014752612,-0.00054102665,0.7428641736470561,2.9714577,0.00410771369934082
20.057014336499055,-0.4421215220697191,0.10018112489081367,0.0014678643138536656,0.00014754623273636019,20.0,0.1,0.10018112489081367,0.0008129219,-0.0005524443,0.7428659481440409,2.971503,0.004962921142578125
20.057095221096017,-0.44211339174223885,0.10012588045968122,0.0008088504599461946,8.125859044331054e-05,20.0,0.1,0.10012588045968122,0.0007734426,-0.00086084945,0.7428669844456928,2.9714932,0.0027506351470947266
20.057172177986075,-0.44210566051289457,0.10003979551432103,0.0007695755531596322,7.724604485961999e-05,20.0,0.1,0.10003979551432103,0.00066075585,-0.0006230592,0.7428680127394829,2.9715004,0.004914522171020508
20.057237923205427,-0.44209906134515514,0.09997748959170104,0.0006574563039287093,6.595071410075982e-05,20.0,0.1,0.09997748959170104,0.000121606456,-0.0011202199,0.7428689304104218,2.9715948,0.0034368038177490234
20.057250023125743,-0.4420978475787336,0.09986546759785533,0.00012100056207719883,1.2124109567357441e-05,20.0,0.1,0.09986546759785533,0.00032015314,0.00048592623,0.7428691037434849,2.9714894,0.0036878585815429688
20.05728187892586,-0.4420946556661976,0.09991406022048005,0.0003185564497467194,3.1934604891136315e-05,20.0,0.1,0.09991406022048005,-7.277668e-05,0.0011797306,0.7428695733878256,2.9714406,0.00408935546875
20.05727463755328,-0.44209538159835915,0.10003203328408682,-7.241286886729473e-05,-7.26786443384033e-06,20.0,0.1,0.10003203328408682,-2.5334128e-05,0.0008049608,0.7428694671428258,2.9714894,0.0036749839782714844
20.057272116805123,-0.4420956345983599,0.10011252936267674,-2.520727783009283e-05,-2.532029102289778e-06,20.0,0.1,0.10011252936267674,-5.1392446e-05,-8.3681334e-05,0.7428694310348453,2.9715269,0.003354310989379883
20.057267003293102,-0.44209614824213117,0.10010416122925499,-5.1135163177177524e-05,-5.1360098072423185e-06,20.0,0.1,0.10010416122925499,-0.00039295948,0.0003913901,0.742869359012817,2.9715023,0.0033838748931884766
20.05722790406978,-0.4421000753635475,0.10014330023798657,-0.0003909906958907576,-3.928651718167247e-05,20.0,0.1,0.10014330023798657,0.00027842412,-0.00030822837,0.7428688117834596,2.9714808,0.0040531158447265625
20.057255606987326,-0.44209729179054297,0.10011247740142544,0.00027703003329503144,2.782719120738883e-05,20.0,0.1,0.10011247740142544,-0.00039939882,0.0005026663,0.7428691957453206,2.9714584,0.003974199295043945
20.057215867086995,-0.44210128359530115,0.10016274402981189,-0.0003973969962623071,-3.9938023439652674e-05,20.0,0.1,0.10016274402981189,-0.00012938461,1.32158175e-05,0.7428686428054747,2.9714546,0.0034465789794921875
20.057202993474355,-0.4421025773812337,0.10016406561156081,-0.00012873610930856977,-1.2938029460702399e-05,20.0,0.1,0.10016406561156081,-0.0006951939,-0.0007262667,0.7428684671645089,2.971441,0.003659486770629883
20.057133822532847,-0.4421095290879761,0.10009143894097114,-0.000691714462063911,-6.94668306891612e-05,20.0,0.1,0.10009143894097114,-0.0014490976,-0.00044624927,0.7428675380130054,2.9714415,0.0039691925048828125
20.056989638036875,-0.4421240091090238,0.10004681401444876,-0.0014418514199758424,-0.0001447358681068036,20.0,0.1,0.10004681401444876,-0.00062653987,-0.00088419876,0.7428656502400371,2.971417,0.0029332637786865234
20.056927297351756,-0.4421302669890341,0.0999583941386202,-0.0006234123819549505,-6.252367830254946e-05,20.0,0.1,0.0999583941386202,-0.00092199503,-0.00072631333,0.7428648589234416,2.9714298,0.003072977066040039
20.05683555807937,-0.4421394677635461,0.0998857628055969,-0.0009173994040823711,-9.194111342088512e-05,20.0,0.1,0.0998857628055969,-0.00053658255,-0.00069678744,0.7428637079228365,2.971435,0.0030841827392578125
20.056782167280627,-0.442144818551285,0.09981608406199419,-0.0005339117145117269,-5.3470675221069014e-05,20.0,0.1,0.09981608406199419,-0.0015202466,-0.00027216767,0.7428630470077272,2.9714081,0.0027799606323242188
20.056630899320293,-0.4421599678723403,0.09978886729480044,-0.001512683725925887,-0.00015145204024828056,20.0,0.1,0.09978886729480044,-0.0008124793,8.344225e-05,0.7428612238029058,2.9714544,0.003393888473510742
20.056550055581287,-0.44216806206215936,0.09979721152015307,-0.000808436714639575,-8.09486439714773e-05,20.0,0.1,0.09979721152015307,-0.00142122,0.0002253957,0.7428602907662104,2.9715323,0.0031294822692871094
20.056408640723102,-0.44218222191017226,0.09981975109078965,-0.0014141453899015831,-0.0001416303543947061,20.0,0.1,0.09981975109078965,-0.00079856743,-0.00025709343,0.7428587412591984,2.971569,0.003154277801513672
20.056329181495368,-0.44219017995936893,0.09979404174776325,-0.0007945943230520724,-7.956006349492337e-05,20.0,0.1,0.09979404174776325,-0.00039248297,-0.00027451865,0.7428579198307773,2.9714828,0.0039005279541015625
20.056290128470668,-0.4421940902076989,0.09976658988273746,-0.00039053132027861266,-3.9091762501346516e-05,20.0,0.1,0.09976658988273746,-0.00082168105,0.00028147027,0.7428575250484966,2.9715235,0.004537820816040039
20.056208368951186,-0.4422022742471136,0.09979473691021601,-0.0008175928909370356,-8.186340698894295e-05,20.0,0.1,0.09979473691021601,-0.0011649647,0.0007967869,0.7428567173472372,2.9716542,0.0034780502319335938
20.056092452088556,-0.44221388069502626,0.0998744156019068,-0.0011591593747600653,-0.00011615683979747505,20.0,0.1,0.0998744156019068,-0.0009396723,3.192604e-05,0.7428556389991681,2.9718862,0.0029053688049316406
20.055998953127027,-0.4422232500226028,0.0998776082058878,-0.0009349893161585045,-9.369626081645588e-05,20.0,0.1,0.0998776082058878,-0.00073765503,0.00031209263,0.7428548390409926,2.971745,0.004884958267211914
20.05592555524304,-0.44223060530160185,0.09990881746855781,-0.0007339765439884797,-7.357569689292524e-05,20.0,0.1,0.09990881746855781,-0.00096532685,0.0001569993,0.7428542426374594,2.971564,0.003373861312866211
20.05582950394105,-0.442240233731201,0.09992451739893046,-0.0009605115081060758,-9.629937596755153e-05,20.0,0.1,0.09992451739893046,-0.0016034484,0.0011085451,0.7428535114679286,2.9716756,0.0034017562866210938
20.0556699589481,-0.44225622946173665,0.10003537191007969,-0.0015954321877277027,-0.00016013416719494144,20.0,0.1,0.10003537191007969,-0.0019751554,0.00076538575,0.7428524067983573,2.971698,0.0030031204223632812
20.05547343085717,-0.44227595506487644,0.10011191048472871,-0.00196526580585147,-0.00019740645061942075,20.0,0.1,0.10011191048472871,-0.00079231634,0.0013081883,0.7428512824314727,2.971685,0.004124641418457031
20.055394595937447,-0.4422838738520661,0.10024272931553176,-0.0007883388312313026,-7.929100213877845e-05,20.0,0.1,0.10024272931553176,-0.0005154431,0.0015979079,0.7428509027476913,2.9715981,0.004273891448974609
20.05534331038503,-0.44228903214528364,0.10040252010151496,-0.0005128472751319157,-5.166488110399752e-05,20.0,0.1,0.10040252010151496,-0.00060234003,0.0012963011,0.7428506909736058,2.9715395,0.0032508373260498047
20.055283379726045,-0.4422950696354315,0.10053215021546683,-0.0005992987584142279,-6.045258915272496e-05,20.0,0.1,0.10053215021546683,-0.0009228092,0.0023181215,0.742850486562079,2.9715085,0.004168033599853516
20.055191564743776,-0.4423043312154418,0.1007639623647531,-0.000918128328543254,-9.282863589616834e-05,20.0,0.1,0.1007639623647531,-0.0004969887,0.0015848564,0.7428502411847352,2.971477,0.0038766860961914062
20.055142117965172,-0.44230933060045663,0.10092244800692177,-0.0004944598565336651,-5.0072215564290665e-05,20.0,0.1,0.10092244800692177,-0.0005069319,0.0015449882,0.7428501580750007,2.97145,0.0034525394439697266
20.055091682718242,-0.442314438001033,0.10107694683177149,-0.0005043445723901718,-5.1151927017281974e-05,20.0,0.1,0.10107694683177149,-0.00026948107,0.002068362,0.7428501079227592,2.9714284,0.003489255905151367
20.055064872152588,-0.44231715719773446,0.10128378302836542,-0.0002681000265279477,-2.724742038709399e-05,20.0,0.1,0.10128378302836542,-0.0010232169,0.0010246088,0.7428500978405327,2.9714117,0.00425267219543457
20.054963074845567,-0.44232750301550483,0.1013862439133202,-0.0010179624644536783,-0.00010356247958191827,20.0,0.1,0.1013862439133202,-0.0011111906,0.0008902694,0.7428501503087794,2.9714417,0.003589630126953125
20.054852526397465,-0.4423387496692856,0.10147527085430672,-0.0011054744641033167,-0.00011256495526365346,20.0,0.1,0.10147527085430672,-0.0007306976,0.0018943604,0.7428502976125716,2.9714525,0.003050088882446289
