x,y,theta,dx,dy,x_d,y_d,theta_d,v,w,state_cost,min_Traj_cost,t_mppi
0.01,0.01,0.0,0.0,0.0,20.0,0.1,0.0,1.000068,0.0011591661,999.0204999999999,1000003200.0,0.05858731269836426
0.1100067949295044,0.01,0.00011591661022976042,1.0000679425762573,0.00011592448642210307,20.0,0.1,0.00011591661022976042,0.9970617,2.5680714e-05,989.0498242443764,1000003200.0,0.0025615692138671875
0.20971296720276064,0.010011557601560667,0.00011848468166135719,0.997061722432467,0.00011813654133196,20.0,0.1,0.00011848468166135719,1.001653,-9.061389e-05,979.1588969006694,1000003100.0,0.002429962158203125
0.3098782621005605,0.010023425654695686,0.00010942329281533604,1.0016529500122868,0.00010960416448598652,20.0,0.1,0.00010942329281533604,1.0034825,0.0016432101,969.2724745930774,1000003100.0,0.002307891845703125
0.4102265075973675,0.010034406090190013,0.0002737442995567108,1.0034824233771957,0.0002746975999664356,20.0,0.1,0.0002737442995567108,1.0048149,0.00052476727,959.418298229321,1000003100.0,0.0023794174194335938
0.5107079901530257,0.010061912323937699,0.0003262210262619192,1.0048148097386782,0.0003277917300640094,20.0,0.1,0.0003262210262619192,1.0076603,0.0010144409,949.6014797617498,1000002940.0,0.0023806095123291016
0.6114740117649818,0.010094784320086363,0.00042766511651279874,1.0076601775879972,0.000430941133526157,20.0,0.1,0.00042766511651279874,1.0056437,0.0015972429,939.8075573606777,1000002940.0,0.0023603439331054688
0.7120383751080185,0.010137792192874508,0.000587389406064176,1.0056435519084335,0.0005907044366039563,20.0,0.1,0.000587389406064176,1.0021535,0.00097032444,930.0838471492443,1000002940.0,0.002301931381225586
0.8122537094011257,0.0101966576253335,0.0006844218503829324,1.00215328109472,0.0006858957101129687,20.0,0.1,0.0006844218503829324,0.9982884,0.0006765554,920.4441808817312,1000002940.0,0.0023746490478515625
0.9120825253216148,0.010264982658915912,0.0007520773888245458,0.9982881106945037,0.000750790057139774,20.0,0.1,0.0007520773888245458,0.99791896,0.0062053865,910.8916147336741,1000002900.0,0.002395153045654297
1.0118743934426813,0.010340033880668495,0.0013726160370424623,0.9979180233554813,0.0013697591427544436,20.0,0.1,0.0013726160370424623,0.99349797,0.003438306,901.3923823998057,1000002900.0,0.002367734909057617
1.1112240966234757,0.010476402962173056,0.0017164466411486502,0.9934965042039633,0.0017052854123318962,20.0,0.1,0.0017164466411486502,0.9887064,0.0020802438,891.9846740060104,1000002900.0,0.0025420188903808594
1.2100945919708286,0.010646109058482837,0.001924471019083285,0.9887045790508026,0.0019027356578022174,20.0,0.1,0.001924471019083285,0.9813599,0.002566572,882.6713234012757,1000002900.0,0.0026314258575439453
1.3082304001476166,0.010834968810406388,0.002181128223674023,0.9813575647232639,0.0021404700762355957,20.0,0.1,0.002181128223674023,0.97743523,0.0014384314,873.4755029418817,1000002750.0,0.0024139881134033203
1.4059736907699643,0.011048159798330277,0.0023249713678524134,0.9774325894508977,0.0022725068791531354,20.0,0.1,0.0023249713678524134,0.96981883,0.0023500046,864.364317045535,1000002750.0,0.0024313926696777344
1.5029553117017038,0.011273639696481218,0.0025599718301236867,0.969815652659442,0.002482706174658595,20.0,0.1,0.0025599718301236867,0.960535,0.001381116,855.3713364197922,1000002750.0,0.002373933792114258
1.5990084959440802,0.011519533679487397,0.0026980834289133788,0.9605314936546714,0.0025916003946336932,20.0,0.1,0.0026980834289133788,0.95287913,0.0014369892,846.510792813146,1000002700.0,0.002383708953857422
1.694296062196793,0.011776628106828472,0.002841782346149558,0.9528752832470747,0.0027078714473611535,20.0,0.1,0.002841782346149558,0.9585136,0.006167818,837.7664500546302,1000002700.0,0.0027260780334472656
1.7901470369138996,0.012049016447885785,0.003458564132233733,0.9585078848114724,0.0033150742088193805,20.0,0.1,0.003458564132233733,0.95516235,0.0052165505,829.0162007818084,1000002700.0,0.002398967742919922
1.8856627002841346,0.012379364812457893,0.0039802191869966926,0.9551547804629679,0.0038017454597055133,20.0,0.1,0.0039802191869966926,0.9478845,0.0067713256,820.3422329589703,1000002700.0,0.0026471614837646484
1.980450399461622,0.012756642623714072,0.004657351746936911,0.9478742197993462,0.0044146155725373,20.0,0.1,0.004657351746936911,0.94699603,0.0053361244,811.7794480241729,1000002560.0,0.0025985240936279297
2.075148975721636,0.013197690392207098,0.005190964191933745,0.9469832742910501,0.004915800421182719,20.0,0.1,0.005190964191933745,0.9420858,0.006964178,803.2695472088159,1000002560.0,0.0024836063385009766
2.169356286702647,0.013686721562631564,0.005887381974389428,0.9420694756587036,0.005546386931362165,20.0,0.1,0.005887381974389428,0.9333162,0.0067436816,794.8482630314625,1000002560.0,0.0024416446685791016
2.2626862863282198,0.014236197268619565,0.006561750136097545,0.9332960785472504,0.006124143565540546,20.0,0.1,0.006561750136097545,0.90545654,0.0014215246,786.54913301767,1000002400.0,0.002397775650024414
2.353229991339671,0.014830330964444374,0.006703902592198574,0.9054361963906448,0.006070046998304015,20.0,0.1,0.006703902592198574,0.9362523,0.00551389,778.5393640276933,1000002400.0,0.002659320831298828
2.4468531170775973,0.015457980682472824,0.0072552916102722525,0.9362276542667024,0.0067927238337014105,20.0,0.1,0.0072552916102722525,0.9330979,0.0028630944,770.3002821161967,1000002400.0,0.002873659133911133
2.5401604511054066,0.016134964478904546,0.007541601054617786,0.9330713637661162,0.007036985392783756,20.0,0.1,0.007541601054617786,0.9286097,0.00014762876,762.1325760433167,1000002400.0,0.002418994903564453
2.633018783230665,0.016835278251396975,0.0075563639304164106,0.9285832177649416,0.007016846284400985,20.0,0.1,0.0075563639304164106,0.9371995,-0.008045665,754.0473823864061,1000002370.0,0.0023767948150634766
2.726736054940928,0.017543453541671087,0.006751797431570595,0.9371781115144519,0.00632773292017172,20.0,0.1,0.006751797431570595,0.9348291,-0.011515606,745.9311159943288,1000002370.0,0.0033998489379882812
2.820216835743857,0.01817462642847077,0.0056002368120971376,0.9348144565456432,0.0052352370624485795,20.0,0.1,0.0056002368120971376,0.92933583,-0.013379367,737.8791124065474,1000002370.0,0.0028383731842041016
2.9131489616854167,0.01869507378207632,0.004262300105256146,0.9293273908926201,0.00396109622339341,20.0,0.1,0.004262300105256146,0.92376655,-0.016882522,729.9177222414488,1000002370.0,0.0026297569274902344
3.0055247779141943,0.01908880961767376,0.002574047902089661,0.9237634930931707,0.0023778167330105035,20.0,0.1,0.002574047902089661,0.93260896,-0.0024935906,722.0468367370438,1000002240.0,0.002455472946166992
3.098785365159853,0.019328867366806685,0.002324688843873447,0.9326064420676352,0.002168023697062695,20.0,0.1,0.002324688843873447,0.954643,0.016525136,714.1439099114378,1000002240.0,0.002447843551635742
3.1942494083162347,0.01955079196269688,0.003977202474561637,0.95463546076492,0.0037967985363093035,20.0,0.1,0.003977202474561637,0.9493619,0.016366461,706.0993125623826,1000002240.0,0.002763986587524414
3.2891848494959337,0.019928371425150686,0.0056138486037525595,0.9493469606850039,0.005329546097243736,20.0,0.1,0.0056138486037525595,0.93615085,0.0070575103,698.1443861500474,1000002240.0,0.002293109893798828
3.382798459232797,0.02045390957830599,0.006319599635389752,0.9361321552405623,0.005916059184366056,20.0,0.1,0.006319599635389752,0.9185673,-0.0043555554,690.3442865674434,1000002240.0,0.002502918243408203
3.474653354966477,0.021034403471707805,0.005884044095364517,0.9185513985817053,0.0054048593088919464,20.0,0.1,0.005884044095364517,0.8993737,-0.014715564,682.7332932598894,1000002240.0,0.002387523651123047
3.564589169081816,0.021563595874957767,0.004412487651643461,0.899364954745365,0.003968462512552478,20.0,0.1,0.004412487651643461,0.9017982,-0.033260226,675.322203626387,1000002200.0,0.0023658275604248047
3.654768110049209,0.021961511920899436,0.0010864650266739786,0.9017976564423122,0.000979772000370824,20.0,0.1,0.0010864650266739786,0.90870506,-0.03500812,667.931738854715,1000002200.0,0.0031213760375976562
3.7456385619885233,0.02206023952773579,-0.0024143471015122477,0.9087024072613752,-0.002193927285963677,20.0,0.1,-0.0024143471015122477,0.8900837,-0.04353645,660.5258509094423,1000002200.0,0.002319812774658203
3.8346466696321775,0.021845342643485283,-0.006767992172899539,0.8900632852331343,-0.006024033326514678,20.0,0.1,-0.006767992172899539,0.8600511,-0.049528237,653.3118911152513,1000002200.0,0.002567768096923828
3.9206498094253655,0.021263265179000988,-0.011720815916123683,0.8599920203162382,-0.010080269764529233,20.0,0.1,-0.011720815916123683,0.83317983,-0.054120615,646.3792550613568,1000002200.0,0.0025544166564941406
4.003962069632178,0.020286732795283632,-0.01713287742859393,0.8330575505713893,-0.014274069580900864,20.0,0.1,-0.01713287742859393,0.8017994,-0.05504885,639.6989591868364,1000002200.0,0.002405881881713867
4.084130243745046,0.01891308688729567,-0.02263776237195998,0.8015939769296799,-0.018149394404130968,20.0,0.1,-0.02263776237195998,0.76778984,-0.059051514,633.3037129638731,1000002200.0,0.002562999725341797
4.160889555257869,0.01717513094085524,-0.02854291373914748,0.767477103536381,-0.021911983635426194,20.0,0.1,-0.02854291373914748,0.8223759,-0.027924296,627.2106990991848,1000002050.0,0.0024280548095703125
4.243093647494723,0.014828149232138235,-0.03133534329062968,0.8219721796460264,-0.025765213963275847,20.0,0.1,-0.03133534329062968,0.8026003,-0.050638713,620.718380114461,1000002050.0,0.002321958541870117
4.32331427932127,0.012313585121014346,-0.036399214584889705,0.8020686991363818,-0.029207570895537688,20.0,0.1,-0.036399214584889705,0.7567074,-0.06644697,614.4154102307168,1000002050.0,0.0023660659790039062
4.398934893697199,0.009559837894714126,-0.04304391132718592,0.7560064730100768,-0.03256158787256296,20.0,0.1,-0.04304391132718592,0.88086873,0.09737133,608.5035296850513,2100.8787,0.002564668655395508
4.486940176864877,0.005769405056613332,-0.033306778092446615,0.8803801859893498,-0.029333475240834416,20.0,0.1,-0.033306778092446615,0.7046502,0.12721074,601.6597612029813,2070.3992,0.0025360584259033203
4.557366117917851,0.0034228761012071863,-0.02058570446497469,0.7045009232823665,-0.014504696750931858,20.0,0.1,-0.02058570446497469,0.6073467,0.22252902,596.2106708922304,2051.142,0.003055095672607422
4.6180879209234496,0.0021726984085187278,0.0016671979235980024,0.6073458694681839,0.0010125667106429214,20.0,0.1,0.0016671979235980024,0.5969059,0.20613079,591.5319734734444,2029.016,0.0026102066040039062
4.677778426679706,0.002272214387977267,0.0222802766966197,0.5967577380121534,0.01329812804106613,20.0,0.1,0.0222802766966197,0.49609193,0.22304304,586.9500616550063,2009.5873,0.0029723644256591797
4.7273753071270015,0.003377429493897112,0.04458458064073057,0.4955989517193801,0.022110723824031127,20.0,0.1,0.04458458064073057,0.5121091,0.23925099,583.1560023262132,1991.9623,0.0025634765625
4.778535327504399,0.005659890095300779,0.0685096794175479,0.5109077592742448,0.035056991522949596,20.0,0.1,0.0685096794175479,0.5276449,0.26761597,579.254717080921,1974.6732,0.0025568008422851562
4.831176036125881,0.009271941081817022,0.09527127681249115,0.5252520683718849,0.05019338921759009,20.0,0.1,0.09527127681249115,0.54923445,0.26355726,575.2536300691919,1951.6703,0.003040313720703125
4.885850410076408,0.014496655646832028,0.12162700233930084,0.5451770077437137,0.0666371603866762,20.0,0.1,0.12162700233930084,0.5598121,0.28371376,571.1120716212076,1928.2559,0.0024394989013671875
4.941418064511424,0.021288707857952255,0.1499983781384799,0.5535261774617702,0.08365638128296642,20.0,0.1,0.1499983781384799,0.555567,0.17959087,566.9177134383339,1905.761,0.0024878978729248047
4.996350938706566,0.029590908649450298,0.1679574647354457,0.547749237882255,0.09287353192147664,20.0,0.1,0.1679574647354457,0.52287334,0.20174405,562.7861064864903,1893.6963,0.002656221389770508
5.04790249974873,0.038331725101449755,0.18813186971419785,0.5136474167555661,0.09778989249142997,20.0,0.1,0.18813186971419785,0.53209496,0.15727362,558.9225565828731,1877.9719,0.0025539398193359375
5.100173131536496,0.04828318070356607,0.20385923175090287,0.5210766365981023,0.10772270141859157,20.0,0.1,0.20385923175090287,0.5763682,0.09437518,555.0187883489626,1865.2395,0.002723217010498047
5.1566164423859515,0.059951763584978626,0.21329674957269165,0.5633067643299405,0.12200740088616985,20.0,0.1,0.21329674957269165,0.52540505,0.020719895,550.8190982492175,1851.0172,0.0028917789459228516
5.207966293362456,0.07107369971331148,0.21536873908662532,0.5132669623193654,0.11228308530960238,20.0,0.1,0.21536873908662532,0.57248956,0.09646219,547.0127447728737,1839.7631,0.0026967525482177734
5.26389266438218,0.08330824031161485,0.2250149581017468,0.5580575385038472,0.12773441050774148,20.0,0.1,0.2250149581017468,0.52373713,0.05574351,542.8828450542271,1812.5476,0.002641439437866211
5.314946076638639,0.09499391261069548,0.23058930927836632,0.5098747935341487,0.11970078917641915,20.0,0.1,0.23058930927836632,0.5663996,0.043773938,539.1270844823546,1798.5631,0.002727508544921875
5.37008688068819,0.10793904707165486,0.23496670307540632,0.5508360998770432,0.1318638267932871,20.0,0.1,0.23496670307540632,0.5257796,0.0056054154,535.0860522677006,1782.5973,0.002731800079345703
5.421220108910117,0.12017975379211673,0.2355272446195159,0.5112635876443681,0.12269367094606981,20.0,0.1,0.2355272446195159,0.57018477,0.040594254,531.3530758382748,1760.1155,0.0028400421142578125
5.476664387653372,0.13348534068773382,0.23958666998842099,0.5538980902392199,0.13530548558355315,20.0,0.1,0.23958666998842099,0.6224766,0.08339903,527.320996442242,1744.3668,0.0028324127197265625
5.537134012140961,0.14825677978190857,0.24792657274701932,0.6034433061074327,0.15275230332936077,20.0,0.1,0.24792657274701932,0.56544363,0.083220355,522.9420532489119,1734.6211,0.0026662349700927734
5.591949436320038,0.16213245329851783,0.25624860826828816,0.5469805351897098,0.14331363672292938,20.0,0.1,0.25624860826828816,0.58590394,0.023918338,518.9894537182782,1707.476,0.002692699432373047
5.64862671275491,0.17698239051358725,0.2586404420802865,0.5664159576524171,0.1498545723470998,20.0,0.1,0.2586404420802865,0.6461211,0.07190011,514.9196037957528,1700.4631,0.002977609634399414
5.711089732090382,0.19350800022419828,0.26583045277693607,0.6234258650353859,0.16974288464022425,20.0,0.1,0.26583045277693607,0.61233956,0.10344459,510.4542509761971,1689.691,0.0028493404388427734
5.770172824497619,0.20959481198665225,0.27617491189339494,0.589135248597856,0.1669712279640176,20.0,0.1,0.27617491189339494,0.6788141,0.045467015,506.24998116870114,1679.3005,0.0029952526092529297
5.835481902971504,0.22810454647620515,0.2807216134289775,0.6522424547598712,0.18806483032987936,20.0,0.1,0.2807216134289775,0.6219153,0.16661182,501.624959239689,1674.6293,0.002701997756958008
5.895238991335148,0.24533465255424902,0.2973827954749141,0.594617337689137,0.18223292302869626,20.0,0.1,0.2973827954749141,0.6164589,0.13437289,497.4135131819635,1648.9723,0.0027341842651367188
5.954179036217481,0.2633980623836565,0.31082008447447157,0.5869200787958658,0.18853749665758315,20.0,0.1,0.31082008447447157,0.67128855,0.13150553,493.27946368355794,1618.9705,0.002905607223510742
6.018091282952755,0.2839287196921472,0.32397063787975644,0.6363673869347315,0.21369339267459872,20.0,0.1,0.32397063787975644,0.7743437,0.080336265,488.81900286442334,1575.1655,0.0026390552520751953
6.0914974352696065,0.30857864684717495,0.3320042644063506,0.7320575736548315,0.25238842985744636,20.0,0.1,0.3320042644063506,0.8255905,0.015616307,483.7248716125814,1532.5043,0.002726316452026367
6.169548015295012,0.3354878190912741,0.33356589510985946,0.7800846268232053,0.2703102556518901,20.0,0.1,0.33356589510985946,0.8500806,-0.018536583,478.3421415354262,1483.0017,0.002739429473876953
6.249870502276689,0.36332068650596994,0.33171223685094453,0.8037394158072523,0.27683929241057853,20.0,0.1,0.33171223685094453,0.86367774,-0.046285223,472.83849747025675,1461.1997,0.0027399063110351562
6.331530033697517,0.3914474231727488,0.3270837145293627,0.8178884148104604,0.27748473770276577,20.0,0.1,0.3270837145293627,0.89572436,-0.08307654,467.28003205046764,1440.8126,0.0033216476440429688
6.416353636271358,0.42022549935647946,0.3187760608638201,0.8505975099076905,0.2807240609263899,20.0,0.1,0.3187760608638201,0.9070489,-0.088562526,461.5449822631912,1407.5471,0.0027413368225097656
6.502488786473609,0.44865282117629596,0.30991980828293897,0.863835285473727,0.27663382329661174,20.0,0.1,0.30991980828293897,0.92889106,-0.096794136,455.7609193724621,1388.4628,0.0027196407318115234
6.590952472732794,0.47698235131278455,0.30024039469608405,0.887337511208743,0.274719397993005,20.0,0.1,0.30024039469608405,0.93888223,-0.10403036,449.8616782042802,1364.554,0.0036215782165527344
6.680640645676498,0.5047497797906175,0.2898373583699141,0.8997218017535578,0.26832913459868324,20.0,0.1,0.2898373583699141,0.9418354,-0.11120276,443.92288998461385,1343.8337,0.002655029296875
6.77089582545501,0.5316670938268178,0.27871708221682645,0.9054892113004949,0.2591200791059694,20.0,0.1,0.27871708221682645,0.9705858,-0.11526767,437.9888343521414,1318.9532,0.0026280879974365234
6.864208838345481,0.5583700903728154,0.2671903150523577,0.9361460628666489,0.2562564904593598,20.0,0.1,0.2671903150523577,0.983961,-0.07951033,431.8977814558735,1304.2365,0.002659320831298828
6.959113501210192,0.5843488738112326,0.2592392819369707,0.9510821898603538,0.2522338010079126,20.0,0.1,0.2592392819369707,0.9771045,-0.06976186,425.7482862647013,1286.8983,0.002714395523071289
7.05355898090319,0.6093964907101235,0.25226309619793036,0.9461791691581576,0.24388143538731907,20.0,0.1,0.25226309619793036,0.9904422,-0.055694148,419.6745496142505,1266.006,0.0033702850341796875
7.149468457091453,0.6341175387763697,0.24669368140348533,0.9604566977282223,0.24186507769638116,20.0,0.1,0.24669368140348533,0.99481505,-0.045534294,413.5536062012901,1254.658,0.0027637481689453125
7.245938171674491,0.6584108307781467,0.24214025199362377,0.9657933190478044,0.23853773639460837,20.0,0.1,0.24214025199362377,0.99766546,0.010146067,407.4447894417003,1237.363,0.0027174949645996094
7.342794229402735,0.6823329519100044,0.24315485864826777,0.9683173633601371,0.24020379602677427,20.0,0.1,0.24315485864826777,0.977246,0.009779562,401.3599239653023,1219.4358,0.0026972293853759766
7.437644085419396,0.7058617001591684,0.2441328148725007,0.9482680057740941,0.23621495990009891,20.0,0.1,0.2441328148725007,0.9662787,0.030328613,395.44963631079503,1207.5918,0.0027191638946533203
7.531406675618836,0.7292180997732314,0.24716567614996174,0.9369132236263961,0.23640660688314002,20.0,0.1,0.24716567614996174,0.96947163,0.03861982,389.6543372647119,1186.2312,0.0035037994384765625
7.625407590614717,0.7529368784153697,0.2510276581528161,0.9390861272085307,0.2408163070023386,20.0,0.1,0.2510276581528161,1.0126454,0.02326527,383.8921596640267,1163.9392,0.0025217533111572266
7.723498259814094,0.7780909425885875,0.2533541852044437,0.9803188217247054,0.2538220648672416,20.0,0.1,0.2533541852044437,0.9752772,0.007979438,377.9307557580207,1136.2985,0.0024199485778808594
7.81791261408424,0.8025365064427981,0.2541521289753292,0.943948180293314,0.24520893409668698,20.0,0.1,0.2541521289753292,0.99407923,-0.02677523,372.24202655243187,1117.7112,0.002651214599609375
7.914127238636762,0.8275301300585624,0.25147460600310306,0.9628120058661667,0.2473591746486974,20.0,0.1,0.25147460600310306,0.9762908,-0.013791311,366.49405123501225,1096.2344,0.0027697086334228516
8.00868554890055,0.8518234141477903,0.25009547494300943,0.9459172395075087,0.24162852724953013,20.0,0.1,0.25009547494300943,0.9972682,-0.0267477,360.8921517780184,1074.0563,0.003600597381591797
8.10530974749303,0.8765054495600244,0.24742070496031385,0.9668987163758243,0.24423499921953346,20.0,0.1,0.24742070496031385,0.98047936,-0.08625204,355.2165422907019,1049.249,0.0025033950805664062
8.200371861609527,0.9005177840205302,0.2387955008442078,0.9526568682407656,0.23191521305817292,20.0,0.1,0.2387955008442078,0.96102846,-0.08451611,349.6801323170734,1027.4662,0.0025238990783691406
8.293747652833433,0.9232492282982138,0.23034389004060368,0.9356457137310272,0.21941465981272965,20.0,0.1,0.23034389004060368,0.94967365,-0.081338994,344.28520826859085,1013.8834,0.0025451183319091797
8.386206734181197,0.9449314500866515,0.22220999062010388,0.9263238186999603,0.20929459965483022,20.0,0.1,0.22220999062010388,0.9853624,-0.06515013,338.9852579413092,996.96747,0.002749204635620117
8.48232024311069,0.9666474396431446,0.21569497793861966,0.9625294809550257,0.21089352386498247,20.0,0.1,0.21569497793861966,0.96294314,-0.049218945,333.5200619172445,977.7337,0.0027980804443359375
8.576383214016637,0.9872569604859572,0.2107730834180985,0.9416326904651408,0.20146305058173536,20.0,0.1,0.2107730834180985,0.9323312,-0.083485894,328.2156134673291,961.9186,0.002569437026977539
8.667553035677463,1.0067628151347692,0.20242449402758222,0.9132948893857338,0.187440443199022,20.0,0.1,0.20242449402758222,0.9601768,-0.13249984,323.11643250523554,939.1785,0.0026912689208984375
8.761610231607952,1.0260666814939974,0.18917450964399915,0.9430470805628968,0.180559519588267,20.0,0.1,0.18917450964399915,0.9772573,-0.085915044,317.897510212181,912.35645,0.0030770301818847656
8.857592516320926,1.0444438289068438,0.18058300524899107,0.961366277194797,0.17551847096020223,20.0,0.1,0.18058300524899107,0.9699032,-0.112064816,312.6130466957691,889.73956,0.0027306079864501953
8.953005688469135,1.061863593342291,0.16937652364322286,0.9560239115207001,0.16349447035815767,20.0,0.1,0.16937652364322286,0.9811074,-0.1414939,307.4031622279815,873.3331,0.002791166305541992
9.049712470683868,1.0784019078632006,0.15522713348218542,0.9693110103047684,0.15168362684874775,20.0,0.1,0.15522713348218542,0.977997,-0.12731563,302.16516817001684,854.2207,0.002534627914428711
9.146336270654588,1.0935221822268009,0.14249557092734916,0.96808468589255,0.13888910216980968,20.0,0.1,0.14249557092734916,0.97453356,-0.1047724,296.9727566907121,839.3747,0.0025484561920166016
9.242801904851206,1.1073619067044758,0.13201833128878218,0.9660533906272591,0.12828289798299555,20.0,0.1,0.13201833128878218,0.9765861,-0.0874558,291.8302221733803,819.82654,0.002664327621459961
9.339610712390671,1.1202172152225456,0.12327275112220389,0.9691753104194178,0.12008178506435108,20.0,0.1,0.12327275112220389,0.96923864,-0.073354304,286.7118573240304,806.99585,0.0026330947875976562
9.435799072576907,1.1321350487346038,0.11593732073852163,0.9627319397432106,0.11211936180740044,20.0,0.1,0.11593732073852163,0.95820755,-0.06397812,281.66910998448327,793.27783,0.0026710033416748047
9.530976562829235,1.1432193797150088,0.10953950867005925,0.9524645733922333,0.10475180587578752,20.0,0.1,0.10953950867005925,0.96998614,-0.08983575,276.7218960056094,774.63116,0.0027565956115722656
9.627393820027486,1.1538233245663496,0.10055593386241536,0.9650862661603745,0.09737356968407805,20.0,0.1,0.10055593386241536,0.9969539,-0.040250555,271.7537564105102,748.51044,0.0028510093688964844
9.72658560029664,1.1638314016334428,0.09653087839433293,0.9923125972022897,0.09608744656907303,20.0,0.1,0.09653087839433293,1.0232226,-0.07056208,266.6869516978343,738.0121,0.002907276153564453
9.82843149677419,1.173693326357221,0.08947467043944936,1.0191294824509929,0.09143039350491276,20.0,0.1,0.08947467043944936,0.9746802,-0.103711024,261.53405793719844,721.942,0.0027027130126953125
9.925509624853436,1.1824026136498025,0.07910356804677586,0.9716323056679439,0.07702029754495106,20.0,0.1,0.07910356804677586,0.9999442,-0.15818688,256.66737934239165,716.26025,0.0027251243591308594
10.025191357691334,1.1903042824994126,0.06328487977334599,0.9979425019670994,0.0632391175234463,20.0,0.1,0.06328487977334599,1.0261931,-0.07968557,251.71392719778055,706.17505,0.002773284912109375
10.12760524651345,1.1967941994420106,0.05531632289239506,1.0246235203095884,0.056736286338142074,20.0,0.1,0.05531632289239506,1.0258758,-0.11288678,246.667839211496,692.68134,0.0026390552520751953
10.23003591356977,1.2024660735896568,0.044027644991365474,1.024881671385398,0.04515230507078914,20.0,0.1,0.044027644991365474,1.05,-0.066690065,241.66907423388167,685.00543,0.0027647018432617188
10.334934157484144,1.2070874827170242,0.03735863849469761,1.0492673119338831,0.03921744473117001,20.0,0.1,0.03735863849469761,1.0125492,-0.04424923,236.59785108638866,674.58295,0.0027883052825927734
10.436118422776305,1.2108693486787547,0.0329337155813847,1.012000091134537,0.03334097824568394,20.0,0.1,0.0329337155813847,1.0331507,-0.09635324,231.7546538324819,658.4581,0.0028791427612304688
10.539377465840444,1.214271282669306,0.023298391550270123,1.0328702807298837,0.024068571306254706,20.0,0.1,0.023298391550270123,0.9626804,-0.12153984,226.8624480630727,631.5105,0.0035614967346191406
10.635619379093692,1.2165139702507024,0.01114440768906216,0.9626206186318003,0.010728280770645311,20.0,0.1,0.01114440768906216,0.94985145,-0.11402339,222.3455696474265,609.3171,0.0028405189514160156
10.730598626011048,1.217572501523139,-0.00025793105414767883,0.9498514217082286,-0.00024499618391794526,20.0,0.1,-0.00025793105414767883,0.9630292,-0.12317593,217.92692532067238,585.80634,0.0026938915252685547
10.826901543387518,1.2175476620095917,-0.012575523704799611,0.9629530582552839,-0.012110277405844189,20.0,0.1,-0.012575523704799611,0.9619777,-0.12372915,213.48662017892354,558.35315,0.0034439563751220703
10.923091708973384,1.216337956532287,-0.024948438406499823,0.9616783564999837,-0.023997352297912965,20.0,0.1,-0.024948438406499823,0.96029824,-0.11481874,209.09118639225602,546.5624,0.002534627914428711
11.019091648880572,1.2139424109083679,-0.036430312097581824,0.9596610722841779,-0.034976226845886894,20.0,0.1,-0.036430312097581824,0.95784724,-0.104881376,204.7439562650676,535.6046,0.0025491714477539062
11.114812818475787,1.2104537153278052,-0.046918449700387915,0.9567931568134884,-0.044924220949043955,20.0,0.1,-0.046918449700387915,0.95174676,-0.09323452,200.44914676151876,525.0272,0.0026445388793945312
11.209882757916507,1.2059899052193894,-0.05624190136841198,0.9502418989532597,-0.05349983241390923,20.0,0.1,-0.05624190136841198,0.9335438,-0.12951837,196.22343700005177,522.71844,0.0026209354400634766
11.30308952993998,1.2007422449251104,-0.06919373884848018,0.9313098946731146,-0.0645438536496066,20.0,0.1,-0.06919373884848018,0.9825444,-0.12179092,192.11971303500593,509.15558,0.003672361373901367
11.401108855977181,1.1939490764311809,-0.08137283116629977,0.9792932392865507,-0.07986421592340563,20.0,0.1,-0.08137283116629977,0.95887315,-0.11192602,187.8441337214467,498.3686,0.002966165542602539
11.496678885650773,1.186155062156949,-0.09256543308547396,0.9547681002225482,-0.08863181048167712,20.0,0.1,-0.09256543308547396,0.9709659,-0.120634645,183.71550698196634,483.05353,0.002629518508911133
11.593359795526176,1.177180103652077,-0.10462889760783572,0.9656560864329133,-0.10140583900863968,20.0,0.1,-0.10462889760783572,1.0068225,-0.12788822,179.57979125794898,470.76862,0.0027115345001220703
11.69349145011505,1.1666650407973331,-0.11741771936467547,0.9998899463708625,-0.1179473395247155,20.0,0.1,-0.11741771936467547,0.97506464,-0.15611358,175.33964649642735,463.3625,0.002703428268432617
11.790326528589716,1.1552423438093211,-0.13302907735160252,0.9664496208944419,-0.1293297074938998,20.0,0.1,-0.13302907735160252,0.9892147,-0.14726125,171.28068727836492,458.58237,0.003625154495239258
11.888373996925317,1.1421216905168867,-0.14775520205548665,0.9784362790885697,-0.14563037714507013,20.0,0.1,-0.14775520205548665,0.9653743,-0.14906114,167.21123507900785,449.435,0.0026061534881591797
11.983859558517192,1.1279096272034874,-0.16266131639531514,0.9526311491693087,-0.1563375042859,20.0,0.1,-0.16266131639531514,0.98996454,-0.18674283,163.2877644481845,448.27377,0.0025539398193359375
12.081549239169732,1.1118776499990657,-0.18133559912494085,0.9737327926865941,-0.178533605672941,20.0,0.1,-0.18133559912494085,0.96758,-0.20975901,159.31439707565272,438.9059,0.0026149749755859375
12.17672076833341,1.0944279796309568,-0.20231150031140707,0.9478459702444875,-0.19441993884929057,20.0,0.1,-0.20231150031140707,1.05,-0.14837766,155.48146235824672,438.87744,0.002622365951538086
12.279579260917824,1.073329887255005,-0.21714926600507162,1.025341331011282,-0.22621904160395473,20.0,0.1,-0.21714926600507162,1.05,-0.25667402,151.38066864468504,430.16205,0.0026006698608398438
12.382113394018953,1.0507079830946096,-0.24281666815331837,1.0191977765846767,-0.25245948599537826,20.0,0.1,-0.24281666815331837,1.05,-0.08905082,147.34010502676315,417.77228,0.00304412841796875
12.48403317167742,1.0254620344950718,-0.2517217503493156,1.0169092226502001,-0.26152539600039804,20.0,0.1,-0.2517217503493156,1.05,-0.04396643,143.36559335434282,391.0982,0.0026404857635498047
12.58572409394244,0.999309494895032,-0.2561183934663858,1.0157495638712706,-0.26599384083005145,20.0,0.1,-0.2561183934663858,0.98073685,0.05257551,139.450611946885,365.7819,0.0027871131896972656
12.680598672477542,0.9744647354786429,-0.25086084246686363,0.9500388927197069,-0.2434561040250193,20.0,0.1,-0.25086084246686363,1.05,-0.030077796,135.84581091733313,353.8149,0.0026330947875976562
12.782312071982528,0.9483997520759792,-0.2538686221098032,1.0163454180981029,-0.2637079653237486,20.0,0.1,-0.2538686221098032,1.036641,-0.0013816839,132.03700291392934,346.81216,0.0026361942291259766
12.882653536757607,0.9223644661955573,-0.2540067904959869,1.003378665638729,-0.260491496501196,20.0,0.1,-0.2540067904959869,1.0267714,-0.013804774,128.33225998272528,339.43805,0.0027272701263427734
12.982036113932015,0.8965633233759349,-0.2553872678759944,0.9934686459412165,-0.2593831359095798,20.0,0.1,-0.2553872678759944,1.0446491,-0.144979,124.71582558575543,334.29913,0.0025489330291748047
13.083112762966605,0.8701733831388321,-0.2698851678851497,1.0068344130353828,-0.27852514663073563,20.0,0.1,-0.2698851678851497,1.026506,-0.03977564,121.09124022482746,333.8944,0.0025980472564697266
13.182047562111176,0.8428046032462682,-0.27386273186239124,0.9882515573517007,-0.27762081847435693,20.0,0.1,-0.27386273186239124,0.8416774,-0.11348835,117.590585309795,328.6823,0.0028209686279296875
13.263078658974113,0.820041249861582,-0.2852115664962184,0.8076754668860666,-0.2368147626374579,20.0,0.1,-0.2852115664962184,0.9073932,-0.15153341,114.76142139168067,326.37357,0.0026845932006835938
13.350152306965112,0.7945107909998484,-0.30036490749153016,0.8667679415055203,-0.26846933901919046,20.0,0.1,-0.30036490749153016,0.9550576,-0.24216738,111.75704894844164,325.29517,0.002622842788696289
13.441382141240593,0.7662536161160763,-0.324581645834769,0.9051885496756176,-0.3045796266504519,20.0,0.1,-0.324581645834769,0.9417902,-0.24125054,108.64840524556392,325.2589,0.0027680397033691406
13.53064353316285,0.7362187670940428,-0.34870670031341433,0.8851089521908656,-0.3217933608996655,20.0,0.1,-0.34870670031341433,0.883873,-0.33017159,105.64336853652578,329.5982,0.002649545669555664
13.613711277248518,0.7060183624031683,-0.3817238588217151,0.8202552037338178,-0.3292610755085296,20.0,0.1,-0.3817238588217151,0.8043909,-0.2588842,102.87985476478143,329.7247,0.002608776092529297
13.688360671234904,0.6760531276346076,-0.40761227797302124,0.7384871408145244,-0.3188753276416244,20.0,0.1,-0.40761227797302124,0.78118545,0.20582227,100.42157055567982,308.49213,0.0026645660400390625
13.7600789617872,0.6450855018848398,-0.3870300505641353,0.7234043786176108,-0.294850486567305,20.0,0.1,-0.3870300505641353,0.8461327,0.28442076,98.08433191873941,273.64435,0.0027191638946533203
13.838433736364333,0.6131490855569656,-0.3585879747155559,0.7923129961390988,-0.2969522770398487,20.0,0.1,-0.3585879747155559,0.89283955,0.24447556,95.57055201295286,258.146,0.0025870800018310547
13.92203863466434,0.581814669684891,-0.3341404188755405,0.8434588850659882,-0.29281320493293267,20.0,0.1,-0.3341404188755405,0.9456092,0.121575266,92.93439933609123,245.7201,0.002816915512084961
14.011369633803806,0.5508027298962175,-0.3219828922632587,0.8970141661190596,-0.29923630704326537,20.0,0.1,-0.3219828922632587,1.0110562,0.19931415,90.16729191052262,232.76578,0.002780914306640625
14.107279414402992,0.5188080416963645,-0.3020514775398624,0.9652838778621204,-0.30076842237585305,20.0,0.1,-0.3020514775398624,0.98030376,0.16040124,87.24889018927071,232.54704,0.002707958221435547
14.200871781808825,0.4896460207234063,-0.2860113535407436,0.9404807005544702,-0.2765710076456716,20.0,0.1,-0.2860113535407436,1.0351316,0.15535408,84.45428028121684,218.09708,0.0029189586639404297
14.300179904758863,0.4604420746823025,-0.27047594528230545,0.997498162123783,-0.276576917660943,20.0,0.1,-0.27047594528230545,1.05,0.32137582,81.5446690182899,204.95792,0.0025408267974853516
14.401362503116385,0.4323871145457687,-0.2383383635762584,1.0203181431806967,-0.247892691623804,20.0,0.1,-0.2383383635762584,0.9710128,0.3492613,78.63805753856823,190.84866,0.002579927444458008
14.495718883367465,0.4094626402250403,-0.203412232208575,0.9509933694191077,-0.19615660329872497,20.0,0.1,-0.203412232208575,0.9664149,0.10491832,75.9821943415314,178.4051,0.002464771270751953
14.590367915427196,0.38993986201083514,-0.1929203998628509,0.9484864865167831,-0.18528680147152118,20.0,0.1,-0.1929203998628509,0.92460924,0.089251064,73.37046103505591,159.43478,0.0026857852935791016
14.681113551417939,0.37221270524134725,-0.18399529348644136,0.9090023638780609,-0.16916547021643183,20.0,0.1,-0.18399529348644136,0.92815363,0.07213482,70.91163202451176,151.24739,0.0030777454376220703
14.772362244096128,0.35523131045411505,-0.17678181122573733,0.9136881258409653,-0.1632273786381383,20.0,0.1,-0.17678181122573733,0.9387637,0.06402469,68.48334882196951,143.8384,0.002630949020385742
14.864775525059585,0.33872198174949697,-0.17037934254440187,0.9251708662340669,-0.15917321238987278,20.0,0.1,-0.17037934254440187,0.94587433,0.02673396,66.06879648149366,136.84496,0.002941608428955078
14.95799338135317,0.3226840949332542,-0.16770594663503288,0.9326039874758044,-0.15788621565676933,20.0,0.1,-0.16770594663503288,0.9418373,0.009133476,63.67854737153672,130.70918,0.0025746822357177734
15.050855741668721,0.3069628597208022,-0.16679259905176877,0.9287668053267756,-0.1563641305451715,20.0,0.1,-0.16679259905176877,0.9415454,-0.014917675,61.34215628769318,122.29482,0.0025115013122558594
15.1437036388737,0.29133129253285134,-0.16828436659234283,0.9282447523862642,-0.1577005722282984,20.0,0.1,-0.16828436659234283,0.94266343,-0.015537148,59.0505550264771,117.133484,0.002802133560180664
15.236638335203683,0.2755425097216097,-0.16983808142649648,0.9291005290024615,-0.15933157712149715,20.0,0.1,-0.16983808142649648,0.9508291,-0.037381448,56.801073805926265,109.1413,0.002409219741821289
15.330353205228569,0.25947133381039494,-0.17357622621166227,0.9365413901016163,-0.16421382561035558,20.0,0.1,-0.17357622621166227,0.9465096,-0.054586895,54.57758073556591,105.3917,0.002506256103515625
15.423581886048314,0.24312455138751005,-0.17903491569268223,0.9313806027602057,-0.1685544277055962,20.0,0.1,-0.17903491569268223,0.9392524,-0.06268171,52.41021847728745,101.301384,0.002437591552734375
15.51600582394726,0.22639834524505145,-0.18530308691370007,0.9231728020056109,-0.1730520283150362,20.0,0.1,-0.18530308691370007,0.93548197,-0.06616141,50.305450781388934,95.929054,0.002485036849975586
15.60795251781896,0.20916261014021387,-0.19191922781574244,0.9183064825292964,-0.17843685717556984,20.0,0.1,-0.19191922781574244,0.9437234,-0.053842824,48.25499390296359,91.538216,0.002675771713256836
15.700592176306223,0.19116172500570444,-0.19730351021098608,0.9254139427501302,-0.18499419880067813,20.0,0.1,-0.19730351021098608,0.9455064,-0.068784334,46.233045236363175,84.911026,0.0026760101318359375
15.79330841264221,0.1726273534510483,-0.20418194358753675,0.9258655657552357,-0.19171670525125734,20.0,0.1,-0.20418194358753675,0.9609824,-0.05840001,44.253822109040264,81.12756,0.0026590824127197266
15.88741042007421,0.15314188224478725,-0.21002194447028152,0.9398660821115858,-0.20034691607915167,20.0,0.1,-0.21002194447028152,0.9455885,-0.07179029,42.29054278140677,75.89088,0.002474546432495117
15.979891468896298,0.13342812378502508,-0.21720097375618927,0.9233714123318485,-0.20377168908515075,20.0,0.1,-0.21720097375618927,0.9370471,-0.06856918,40.405975103281385,73.041824,0.002502918243408203
16.071394538105455,0.1132350197748647,-0.2240578920911502,0.913624567225227,-0.20820053455416274,20.0,0.1,-0.2240578920911502,0.919782,-0.07943992,38.58529010244023,69.17728,0.0025942325592041016
16.161073636907002,0.09279857686536194,-0.2320018844078731,0.8951392388843767,-0.21148200650311957,20.0,0.1,-0.2320018844078731,0.91962236,-0.084440954,36.843518704363994,66.75506,0.0026247501373291016
16.250572026327838,0.07165404632606218,-0.2404459798108291,0.8931665438795604,-0.21899500669961391,20.0,0.1,-0.2404459798108291,0.9178625,-0.088022806,35.14753405711255,63.259056,0.0024237632751464844
16.339717754907095,0.049796454859796085,-0.24924826038586612,0.8894988092133779,-0.22641420289206649,20.0,0.1,-0.24924826038586612,0.90136844,-0.09385528,33.5004662742175,60.155945,0.0024919509887695312
16.427069201909006,0.0275619020537095,-0.2586337880562496,0.8713891977049288,-0.23053400899774032,20.0,0.1,-0.2586337880562496,0.8905326,-0.09889377,31.927704414953055,57.94577,0.0024733543395996094
16.51316057867046,0.004785638270286528,-0.26852316496479034,0.8586192755141063,-0.23626526231566788,20.0,0.1,-0.26852316496479034,0.8940779,-0.09170873,30.417787312043327,55.66497,0.0025336742401123047
16.599364329684448,-0.018934947123885656,-0.27769403768288614,0.85982590540071,-0.2451014043906113,20.0,0.1,-0.27769403768288614,0.904624,-0.05796371,28.946171209674663,51.42555,0.0031080245971679688
16.68636112713879,-0.04373419671570557,-0.2834904087107134,0.8685159115591812,-0.2530309588399035,20.0,0.1,-0.2834904087107134,0.90663046,-0.0432341,27.50215524760602,47.394264,0.002496004104614258
16.77340535657916,-0.06909341529034026,-0.2878138185809803,0.869337779774695,-0.25735308277693103,20.0,0.1,-0.2878138185809803,0.9212595,-0.016914515,26.098763940116502,43.389996,0.0025320053100585938
16.861741867021426,-0.09524397933227721,-0.2895052700634551,0.882921516873336,-0.26299943483754923,20.0,0.1,-0.2895052700634551,0.90392375,-0.0015505956,24.716960801679175,39.65537,0.002622365951538086
16.94837258388049,-0.12104902444454191,-0.2896603296259855,0.8662671449862251,-0.25818477723047334,20.0,0.1,-0.2896603296259855,0.9008522,0.030229686,23.403231395050277,37.202885,0.002585172653198242
17.03470493949489,-0.14677977059033945,-0.2866373610431765,0.8640974426627277,-0.25469648976530784,20.0,0.1,-0.2866373610431765,0.88981557,0.06511161,22.13468762757156,33.66775,0.002440214157104492
17.120056049773922,-0.17193738258216842,-0.28012620031186086,0.8551310514399696,-0.2460134784165804,20.0,0.1,-0.28012620031186086,0.89186037,0.08536702,20.920067741223573,30.730078,0.002410888671875
17.20576566410718,-0.1965952643423524,-0.2715894986624334,0.8591698571959722,-0.2392531477146508,20.0,0.1,-0.2715894986624334,0.8893503,0.11142224,19.739285686781752,27.925049,0.0025191307067871094
17.291440843233055,-0.22045324319857146,-0.2604472745890234,0.859356863761923,-0.22901905606463294,20.0,0.1,-0.2604472745890234,0.8930885,0.10860132,18.59745746695637,25.362907,0.0024802684783935547
17.377737744858813,-0.24345141285898034,-0.24958714290805797,0.8654157088268478,-0.22059636150488857,20.0,0.1,-0.24958714290805797,0.8950341,0.14229542,17.485545519332437,23.296083,0.002705812454223633
17.464467842858834,-0.2655591049850026,-0.23535760089107494,0.8703588931688209,-0.2087136605619959,20.0,0.1,-0.23535760089107494,0.8910207,0.14635059,16.40639194783592,21.083366,0.002780914306640625
17.55111346064625,-0.2863368832118966,-0.22072254165359478,0.8694041201924401,-0.19507534640047472,20.0,0.1,-0.22072254165359478,0.88672984,0.14710274,15.365753674894682,19.474411,0.0025606155395507812
17.6376351946684,-0.30575047562943003,-0.20601226731487254,0.8679794184897313,-0.18138779438973532,20.0,0.1,-0.20601226731487254,0.8892009,0.15102129,14.363502304857311,17.923815,0.002434253692626953
17.724675020191544,-0.32393980320954874,-0.19091013863035183,0.8730458706256604,-0.1687281668101785,20.0,0.1,-0.19091013863035183,0.87997717,0.1436945,13.392071801214254,16.702612,0.0024933815002441406
17.811073989117094,-0.3406375966836194,-0.17654068812080365,0.8662997906153084,-0.15454606630370918,20.0,0.1,-0.17654068812080365,0.8723752,0.14139791,12.463896431827166,15.4697895,0.0024652481079101562
17.896955586196853,-0.3559586935375496,-0.16240089728780727,0.8608964179679335,-0.1410525792309673,20.0,0.1,-0.16240089728780727,0.8594629,0.13378312,11.57673534160273,14.257396,0.0027000904083251953
17.98177099071042,-0.36985517552477276,-0.1490225855941389,0.849937204509443,-0.1276058534424549,20.0,0.1,-0.1490225855941389,0.8475686,0.12777191,10.73503054976354,13.275139,0.002495288848876953
18.06558845953008,-0.38243916359515306,-0.13624539419361092,0.8397141068365189,-0.11512038172617192,20.0,0.1,-0.13624539419361092,0.8290314,0.117976695,9.936738886184001,12.328501,0.0024247169494628906
18.14772333233223,-0.3936994220962704,-0.12444772466369607,0.8226199862402331,-0.10290497272653729,20.0,0.1,-0.12444772466369607,0.80850345,0.111238115,9.186669932411522,11.492988,0.0025281906127929688
18.227948410631694,-0.40373511249095995,-0.1133239132101152,0.8033174768339184,-0.0914267925638895,20.0,0.1,-0.1133239132101152,0.7860627,0.10875168,8.484789747347552,10.730862,0.002493619918823242
18.306050479288928,-0.412624028561949,-0.10244874551244712,0.7819411671278194,-0.0803903408152651,20.0,0.1,-0.10244874551244712,0.7623039,0.10401471,7.830620933440884,10.027131,0.002440929412841797
18.381881170567045,-0.42042008198946795,-0.09204727455326056,0.7590767819230568,-0.0700689519082719,20.0,0.1,-0.09204727455326056,0.73443705,0.095391884,7.222864019758504,9.384092,0.0027909278869628906
18.455013961760134,-0.4271708325736766,-0.08250808610864616,0.7319385952366773,-0.06052826544007651,20.0,0.1,-0.08250808610864616,0.7082378,0.09081119,6.662227362681351,8.538373,0.002492189407348633
18.525596811735316,-0.43300773953092403,-0.07342696680971122,0.7063294454673124,-0.051957038122739094,20.0,0.1,-0.07342696680971122,0.6823153,0.08886385,6.14490502991233,8.3136425,0.0028939247131347656
18.593644487550996,-0.4380132730099651,-0.06454058184572196,0.6808946955646973,-0.044006459576431484,20.0,0.1,-0.06454058184572196,0.6543197,0.08023791,5.668235273326488,7.8254333,0.002481222152709961
18.65894022720637,-0.44223335923823914,-0.0565167908305738,0.6532749848351367,-0.03696036634417366,20.0,0.1,-0.0565167908305738,0.6270971,0.0736186,5.231145825190229,7.442636,0.002438783645629883
18.72154980885208,-0.445775624177199,-0.049154931002340085,0.6263396245065112,-0.030812501488095397,20.0,0.1,-0.049154931002340085,0.5980626,0.06704473,4.830764807980399,7.0738387,0.0033397674560546875
18.781283828729045,-0.44871421293054353,-0.04245045825191475,0.597523789018677,-0.02538040600628727,20.0,0.1,-0.04245045825191475,0.5649752,0.063117236,4.465890983973305,6.7611365,0.002416849136352539
18.83773045114605,-0.4511118382986984,-0.03613873466201759,0.5646063111268431,-0.02041304497445536,20.0,0.1,-0.03613873466201759,0.53602654,0.057528675,4.136486906265333,6.50298,0.002494335174560547
18.891298105946074,-0.4530485487552759,-0.03038586720176674,0.5357790995584717,-0.016285124900831584,20.0,0.1,-0.03038586720176674,0.50662154,0.051124852,3.837706467897699,6.163608,0.002743244171142578
18.941936873498,-0.45458772535825814,-0.025273381986698876,0.5064597475119278,-0.012802676652775435,20.0,0.1,-0.025273381986698876,0.48242846,0.04661844,3.567662811953079,6.0225286,0.002523660659790039
18.9901643130391,-0.4558068554416838,-0.020611538060984383,0.4823259885725758,-0.009942888541825083,20.0,0.1,-0.020611538060984383,0.45632964,0.045212764,3.3217234380394207,5.698001,0.002471923828125
19.035787584503254,-0.45674735442749215,-0.01609026163168884,0.4562705739225548,-0.007342146538919004,20.0,0.1,-0.01609026163168884,0.4333821,0.044660755,3.0991829971502036,5.4259567,0.002516031265258789
19.079120183959144,-0.4574446474665375,-0.01162418618150688,0.4333528145725056,-0.005037600697312174,20.0,0.1,-0.01162418618150688,0.4117154,0.041699287,2.896910426451331,5.1714277,0.0028460025787353516
19.12028894123602,-0.4579232223214627,-0.007454257526478538,0.4117039496715761,-0.0030690041097792245,20.0,0.1,-0.007454257526478538,0.3922496,0.03827692,2.7129246722930205,4.955267,0.0024309158325195312
19.15951281285487,-0.4582156125773632,-0.0036265657032344425,0.3922470345738437,-0.0014225158790859456,20.0,0.1,-0.0036265657032344425,0.3735277,0.03774675,2.5450584547006305,4.766766,0.0023872852325439453
19.19686533779066,-0.4583510745570894,0.00014810927859806216,0.37352770157248427,5.532291882082068e-05,20.0,0.1,0.00014810927859806216,0.3566738,0.03659551,2.3919530202529242,4.5863237,0.0024535655975341797
19.232532718090027,-0.45834579188708513,0.0038076601242210788,0.3566712213312906,0.0013580893502446356,20.0,0.1,0.0038076601242210788,0.33842042,0.034975056,2.251890130300744,4.425867,0.0026068687438964844
19.266374514853204,-0.4582169332042745,0.00730516568473839,0.3384113909469493,0.002472195257227269,20.0,0.1,0.00730516568473839,0.3254294,0.033729944,2.1245312424321416,4.2856565,0.0023643970489501953
19.298916587497025,-0.4579792037430253,0.010678160122552148,0.3254108566829949,0.003474921308052637,20.0,0.1,0.010678160122552148,0.3092886,0.03332287,2.007146857741292,4.15393,0.002585887908935547
19.329843683326175,-0.45764894670923006,0.014010447195687524,0.30925823610742426,0.004333129711001402,20.0,0.1,0.014010447195687524,0.29648715,0.032209568,1.9002045913593555,4.032219,0.002529621124267578
19.359489488719262,-0.45723356853928304,0.017231403968253366,0.29644313699273356,0.00510863707817172,20.0,0.1,0.017231403968253366,0.2827809,0.029130263,1.8019074124203396,3.9260917,0.002459287643432617
19.387763379209616,-0.45674632148486155,0.02014443029365801,0.282723511667553,0.005696074579370617,20.0,0.1,0.02014443029365801,0.27197644,0.027862892,1.7120003658093825,3.8316338,0.002569913864135742
19.41495550513495,-0.4561984774929389,0.022930719449141254,0.27190493923829534,0.006236068929037409,20.0,0.1,0.022930719449141254,0.26030838,0.026242163,1.6290845183434075,3.7377129,0.0024912357330322266
19.440979500184017,-0.45560162394776416,0.025554935752370587,0.26022339170843034,0.0066514400375658304,20.0,0.1,0.025554935752370587,0.24928965,0.024991253,1.5529927093697595,3.6579804,0.0023827552795410156
19.46590032531218,-0.45496463519383856,0.028054061091461413,0.24919155392030162,0.006992669654483612,20.0,0.1,0.028054061091461413,0.23860437,0.02364997,1.483120522043663,3.5839581,0.002389192581176758
19.489751373162072,-0.4542953408461621,0.030419058098414175,0.23849398270299244,0.007257000801195069,20.0,0.1,0.030419058098414175,0.22846952,0.023491831,1.4189924651843853,3.5162454,0.002427339553833008
19.512587755697336,-0.453600465258625,0.032768241248049966,0.22834687133639836,0.007485204658537585,20.0,0.1,0.032768241248049966,0.21910366,0.022731869,1.3601104275768154,3.4508634,0.0024950504302978516
19.53448635995424,-0.45288262956576036,0.0350414281030681,0.2189691590448329,0.007676134146694584,20.0,0.1,0.0350414281030681,0.21193096,0.021058096,1.3059553778605082,3.3909168,0.0025663375854492188
19.555666445808118,-0.4521401451859415,0.037147237664976344,0.2117847536349716,0.007870839279201298,20.0,0.1,0.037147237664976344,0.20434977,0.019856563,1.2557276182668566,3.3363807,0.002437591552734375
19.57608732525469,-0.4513812168055684,0.03913289394877218,0.20419332218629585,0.007994757051579674,20.0,0.1,0.03913289394877218,0.19644268,0.018834421,1.2093080051392804,3.287194,0.0025806427001953125
19.595716553578445,-0.45061267594498516,0.04101633608988785,0.19627746006463567,0.008055099914049199,20.0,0.1,0.04101633608988785,0.1879395,0.016731616,1.1665485599044694,3.2430573,0.0024046897888183594
19.61449469637462,-0.449842033119397,0.04268949770084881,0.18776827102369317,0.008020605998850669,20.0,0.1,0.04268949770084881,0.17978925,0.015770234,1.1273515012704198,3.2047668,0.0023577213287353516
19.632457241040242,-0.449074754959385,0.04426652111760639,0.17961312314050915,0.007956045477212603,20.0,0.1,0.04426652111760639,0.17337008,0.015614806,1.0914269154936476,3.168111,0.002963542938232422
19.649777265485213,-0.44830755655126636,0.04582800169191622,0.17318805365020995,0.007942423435461038,20.0,0.1,0.04582800169191622,0.16567388,0.013953582,1.0582428508555883,3.1326044,0.0023174285888671875
19.666327259244905,-0.44754857199359466,0.047223359930285445,0.16548918593062004,0.007820769814347189,20.0,0.1,0.047223359930285445,0.15968494,0.01339369,1.0278673415381032,3.1032395,0.002405881881713867
19.682277951434788,-0.44679476629145726,0.04856272891811394,0.15949668259159205,0.007751688820740446,20.0,0.1,0.04856272891811394,0.15356493,0.012922422,0.9998295414705112,3.0743344,0.0023131370544433594
19.697616340084036,-0.44604930617348737,0.04985497112102174,0.15337412527781394,0.007652804031725382,20.0,0.1,0.04985497112102174,0.14804047,0.011588241,0.9740143063918014,3.0480752,0.002355337142944336
19.712401993376368,-0.4453115565242405,0.05101379521838688,0.1478478844282385,0.007548831213904308,20.0,0.1,0.05101379521838688,0.14144602,0.010564588,0.9501932677319419,3.0245235,0.0023925304412841797
19.7265281947771,-0.44459029960209967,0.05207025401941799,0.14125431539487202,0.0073618026666039515,20.0,0.1,0.05207025401941799,0.1345433,0.010487213,0.928413556681442,3.0035474,0.002633333206176758
19.739964289426492,-0.4438900457575205,0.05311897529936694,0.13435352889803517,0.007143441752992472,20.0,0.1,0.05311897529936694,0.12848973,0.009883744,0.9085873816189672,2.9835498,0.002409696578979492
19.75279513946718,-0.443207842389594,0.05410734967044853,0.12830169501350813,0.006948847159844745,20.0,0.1,0.05410734967044853,0.12273858,0.008788934,0.8904625077615202,2.9667401,0.0027315616607666016
19.765051035087122,-0.44254406046947986,0.054986243068197,0.12255307492911693,0.00674553288100884,20.0,0.1,0.054986243068197,0.11812559,0.010065609,0.8738876841608583,2.9511743,0.0023856163024902344
19.776845740797683,-0.4418948594988928,0.05599280393398665,0.11794046275390593,0.00661072728900338,20.0,0.1,0.05599280393398665,0.112232395,0.009588286,0.8586196553786497,2.9333222,0.0024116039276123047
19.788051391328427,-0.4412667671714174,0.05695163256204985,0.11205043146961717,0.00638836335634992,20.0,0.1,0.05695163256204985,0.106231995,0.00937548,0.8447298149050326,2.9198923,0.0032494068145751953
19.79865736736478,-0.4406620856206165,0.05788918056241535,0.10605404457149978,0.006146248952125695,20.0,0.1,0.05788918056241535,0.103031695,0.008557398,0.8321358663602909,2.9076657,0.002304553985595703
19.80894327790384,-0.4400659766544023,0.058744920349636305,0.10285396658824605,0.006049108097735426,20.0,0.1,0.058744920349636305,0.097141415,0.008845972,0.8204348254945069,2.8952525,0.002348661422729492
19.818640662627285,-0.43949564834910426,0.05962951753936075,0.09696876418534935,0.005789063603088641,20.0,0.1,0.05962951753936075,0.0933126,0.008278134,0.8098669095997266,2.8849635,0.0023567676544189453
19.827955337934682,-0.4389395595069944,0.06045733096725606,0.09314211778083642,0.005637994639882013,20.0,0.1,0.06045733096725606,0.08864732,0.0074220286,0.8001380363669064,2.8750405,0.002357959747314453
19.836803874263538,-0.4384039478891625,0.06119953382476531,0.08848136359244009,0.0054217887865218835,20.0,0.1,0.06119953382476531,0.085726574,0.0076368265,0.791279466395068,2.8667872,0.002473592758178711
19.845360482737522,-0.4378796326888612,0.061963216473304855,0.08556205568446418,0.005308495801947906,20.0,0.1,0.061963216473304855,0.08079794,0.00816231,0.7830696989016909,2.858404,0.003248453140258789
19.853424770805905,-0.43737930296893746,0.06277944750800096,0.08063876997435833,0.005069118747189254,20.0,0.1,0.06277944750800096,0.07751328,0.0088236965,0.7756520326817065,2.8507314,0.0023529529571533203
19.86116082857996,-0.43689299848408164,0.06366181716039145,0.0773562566223374,0.004931303572664867,20.0,0.1,0.06366181716039145,0.07453857,0.0069241333,0.7688260183545796,2.8432322,0.0023920536041259766
19.868599586445846,-0.43641879284329765,0.06435423048860693,0.07438427736404023,0.004793562217884453,20.0,0.1,0.06435423048860693,0.070232965,0.0064124935,0.7625279749941583,2.8376184,0.0026144981384277344
19.87560834459432,-0.43596712591252434,0.06499547984167302,0.07008467076362013,0.004561611992309307,20.0,0.1,0.06499547984167302,0.0662158,0.006501759,0.7568351099837435,2.831875,0.002433300018310547
19.882215943201146,-0.43553705610243815,0.06564565573535228,0.06607317589211868,0.004343658202113617,20.0,0.1,0.06564565573535228,0.06382954,0.006740936,0.7516825562371542,2.8267155,0.0023200511932373047
19.888585149061594,-0.4351183437747326,0.0663197493431654,0.06368922162075744,0.004230056732058689,20.0,0.1,0.0663197493431654,0.061031878,0.006816694,0.7469122771346002,2.821611,0.0023114681243896484
19.894674919926402,-0.4347138785357513,0.0670014187478956,0.060894937383735,0.004086163551681038,20.0,0.1,0.0670014187478956,0.058892652,0.0062397397,0.7425307609781399,2.817066,0.002376079559326172
19.90055097109448,-0.43431958457401354,0.06762539271912837,0.05875803995021273,0.003979603877244155,20.0,0.1,0.06762539271912837,0.056421097,0.0059236456,0.7384688195239941,2.8132348,0.0023479461669921875
19.906180184516717,-0.43393832543773275,0.06821775727621579,0.05628986590217677,0.0038459361571029508,20.0,0.1,0.06821775727621579,0.053786,0.004386395,0.7347307328714185,2.8095863,0.0024750232696533203
19.91154627411287,-0.4335716939372072,0.0686563967978146,0.053659282608620094,0.003689852441526209,20.0,0.1,0.0686563967978146,0.051492076,0.00398322,0.7313070354858411,2.8060608,0.0028946399688720703
19.91668335060379,-0.43321844556505534,0.06905471880636477,0.051369353767975176,0.0035529455470037392,20.0,0.1,0.06905471880636477,0.04940229,0.0042623347,0.7281589368935621,2.803122,0.0023682117462158203
19.921611805318353,-0.4328775705112089,0.06948095227307939,0.0492830897452272,0.0034297569515712827,20.0,0.1,0.06948095227307939,0.047128625,0.0035998197,0.7252580355484405,2.7998955,0.0023484230041503906
19.926313296501576,-0.43255037974147903,0.0698409342458036,0.04701373095819716,0.003288832005643541,20.0,0.1,0.0698409342458036,0.045980062,0.0026890142,0.7225990930881455,2.7972229,0.002396106719970703
19.930900093316193,-0.4322295116916595,0.07010983566469813,0.04586710366913193,0.0032210143437562773,20.0,0.1,0.07010983566469813,0.043837328,0.0026142262,0.7201076255481329,2.7945552,0.0023992061614990234
19.935273056603634,-0.43192242063190617,0.07037125828392173,0.04372882857465439,0.0030823424076310375,20.0,0.1,0.07037125828392173,0.04176289,0.0024708235,0.7178275969308572,2.7925363,0.002406597137451172
19.939439008984248,-0.4316287724343786,0.07061834063097204,0.04165879698164504,0.002946775218454492,20.0,0.1,0.07061834063097204,0.04089254,0.0025483365,0.7157419632822357,2.7900739,0.0032501220703125
19.943518070908794,-0.43134023605155675,0.07087317428267861,0.04078988263318914,0.002895758556875404,20.0,0.1,0.07087317428267861,0.039530274,0.0028659373,0.7137816369029701,2.7880223,0.0023109912872314453
19.947461174374805,-0.43106030694008984,0.07115976801324005,0.039430230781492305,0.0028105916868764276,20.0,0.1,0.07115976801324005,0.03744834,0.0019898722,0.7119634445134427,2.7857957,0.002384662628173828
19.951196530910156,-0.43079405026804646,0.07135875523272271,0.03735303479726124,0.0026699995497788823,20.0,0.1,0.07135875523272271,0.035845008,0.0015746893,0.710310255987902,2.7847786,0.0023946762084960938
19.95477190928895,-0.4305384817790739,0.0715162241616782,0.03575338090371904,0.002561314968055521,20.0,0.1,0.0715162241616782,0.034794275,0.0019822102,0.708791652094529,2.7832522,0.0023927688598632812
19.958242442664233,-0.43028985832426886,0.07171444518207873,0.03470484024704819,0.002493113825831053,20.0,0.1,0.07171444518207873,0.034024984,0.002082158,0.7073775685905577,2.7813156,0.002519369125366211
19.961636195318587,-0.43004605914225885,0.07192266099336858,0.0339370181794256,0.0024450580968231202,20.0,0.1,0.07192266099336858,0.03343481,0.0019690897,0.7060515158046815,2.779794,0.0025963783264160156
19.96497103217672,-0.4298057943724299,0.07211956996652599,0.03334789483192526,0.0024092142446818406,20.0,0.1,0.07211956996652599,0.031594496,0.0022489873,0.7048030208434147,2.7785575,0.002360105514526367
19.968122268843647,-0.4295781336968585,0.07234446869879331,0.031511853866347014,0.002283693789394318,20.0,0.1,0.07234446869879331,0.030437792,0.00035790395,0.7036729735838111,2.77748,0.002540111541748047
19.971158086341752,-0.42935812513768057,0.07238025909355211,0.030358096219689087,0.0022011721214366406,20.0,0.1,0.07238025909355211,0.029358303,-0.00024833923,0.7026297015818752,2.776669,0.0023772716522216797
19.97408622975246,-0.429145814471143,0.0723554251704628,0.02928148682309741,0.00212237949183865,20.0,0.1,0.0723554251704628,0.028548343,2.9789178e-06,0.701667041151929,2.775638,0.0023882389068603516
19.97693359435506,-0.4289394319102143,0.07235572306224196,0.028473645411227606,0.002063834091352031,20.0,0.1,0.07235572306224196,0.027665779,0.00031557825,0.7007724542471928,2.7746212,0.0026874542236328125
19.979692933410785,-0.4287394287869557,0.07238728088693744,0.027593327426867632,0.0020009020189717098,20.0,0.1,0.07238728088693744,0.027595684,6.703761e-05,0.6999444012685374,2.7739377,0.0023145675659179688
19.982445275003847,-0.428539845541149,0.07239398464796533,0.027523402550436976,0.0019960169684252755,20.0,0.1,0.07239398464796533,0.026919821,3.836976e-06,0.6991563417358803,2.7731652,0.0022897720336914062
19.98513020602211,-0.42834513241068917,0.07239436834554464,0.026849309435504242,0.001947141606613411,20.0,0.1,0.07239436834554464,0.025527455,0.00010476461,0.6984242242875339,2.7723908,0.0025932788848876953
19.98767626503562,-0.4281604893959401,0.0724048448062832,0.02546057078966757,0.001846696884262193,20.0,0.1,0.0724048448062832,0.024706304,4.0754443e-05,0.6977634425060779,2.7716002,0.0024957656860351562
19.990140422179223,-0.42798176004391514,0.07240892025058665,0.024641564151800677,0.001787393945586468,20.0,0.1,0.07240892025058665,0.022567948,0.0010190369,0.6971548755346859,2.7709208,0.002418994903564453
19.992391303350324,-0.4278184907257553,0.07251082393688657,0.022508645216669138,0.0016349869040051467,20.0,0.1,0.07251082393688657,0.02186718,0.0010994365,0.6966256285418024,2.7702231,0.002411365509033203
19.99457227520856,-0.4276600689108528,0.07262076759127475,0.021809544275820766,0.0015866159796073794,20.0,0.1,0.07262076759127475,0.021733362,0.00039571515,0.696136521298544,2.7697616,0.002707242965698242
19.996739883105406,-0.42750237825564424,0.07266033910620999,0.021676016550874058,0.0015777643061331067,20.0,0.1,0.07266033910620999,0.019542323,0.00068695133,0.6956734685688181,2.769262,0.0023779869079589844
19.99868895900804,-0.42736050798248304,0.07272903423929629,0.01949066152237527,0.001420041648548951,20.0,0.1,0.07272903423929629,0.018620692,0.00079325907,0.6952770605200629,2.7688618,0.0023763179779052734
20.000546105678655,-0.4272252008449233,0.07280836014599582,0.01857135931411245,0.0013545445697739002,20.0,0.1,0.07280836014599582,0.017361194,4.2433134e-05,0.694916776593455,2.7684824,0.0023763179779052734
20.002277625466437,-0.42709890848870297,0.07281260345937435,0.017315192518670905,0.001262997036003169,20.0,0.1,0.07281260345937435,0.016280694,-0.00014592591,0.6945961172693687,2.7684445,0.003046751022338867
20.00390138101858,-0.4269804692367375,0.07279801086863254,0.01623757280305218,0.001184155571526389,20.0,0.1,0.07279801086863254,0.015513591,-6.4380736e-05,0.6943090893270604,2.7682557,0.0021948814392089844
20.00544863113465,-0.4268676331085972,0.07279157279501769,0.01547250842487899,0.0011282616682779234,20.0,0.1,0.07279157279501769,0.014968482,0.0006211152,0.6940479759967422,2.768041,0.002399921417236328
20.006941515460298,-0.4267587713705035,0.07285368431569177,0.014928775612002787,0.0010895446319930224,20.0,0.1,0.07285368431569177,0.013823017,0.00028178288,0.6938074696316199,2.767696,0.0024306774139404297
20.008320150344097,-0.42665815466380497,0.07288186260359461,0.013786320480450864,0.0010065555422927542,20.0,0.1,0.07288186260359461,0.013060517,-0.0002670259,0.6935950919390816,2.7675476,0.002305746078491211
20.00962273482667,-0.42656305143215606,0.07285516001377354,0.013025870216112177,0.0009506844923586192,20.0,0.1,0.07285516001377354,0.012291358,-0.000599301,0.6934031103977197,2.7674837,0.002262115478515625
20.0108486100054,-0.42647358174585887,0.07279522991250369,0.012258805384535812,0.0008939621931297901,20.0,0.1,0.07279522991250369,0.012130248,-0.001635611,0.693230311538407,2.7673717,0.0025947093963623047
20.01205842226292,-0.4263853572912662,0.07263166880677553,0.012098266714268932,0.0008802657518286406,20.0,0.1,0.07263166880677553,0.0112045705,-0.0011372684,0.6930673747953123,2.767395,0.0022242069244384766
20.013175925208337,-0.4263040481588384,0.07251794196874933,0.011175121852203238,0.000811820418258315,20.0,0.1,0.07251794196874933,0.011594855,-0.000820574,0.6929238902836913,2.7672265,0.002259969711303711
20.014332363285526,-0.42622003833273275,0.07243588456860842,0.011564449669225492,0.0008391493152084475,20.0,0.1,0.07243588456860842,0.010136471,-0.0008971326,0.6927823634506276,2.7669482,0.0022249221801757812
20.015343352279483,-0.42614667809975776,0.07234617130691284,0.010109955712740891,0.0007326953355972206,20.0,0.1,0.07234617130691284,0.008447987,-0.0008589325,0.6926643633364562,2.7668974,0.0022814273834228516
20.016185941121442,-0.42608561344904394,0.07226027805684233,0.008425940838932028,0.0006099227779451206,20.0,0.1,0.07226027805684233,0.00856527,-0.0009425027,0.6925701434201091,2.7668958,0.002276897430419922
20.017040232930082,-0.4260237744161025,0.07216602778737533,0.008542976331907719,0.0006175851543371958,20.0,0.1,0.07216602778737533,0.0073585007,-0.00052627036,0.6924784519731854,2.766727,0.0023183822631835938
20.017774167705042,-0.4259707171204182,0.07211340075102735,0.007339375661902964,0.0005301867079878025,20.0,0.1,0.07211340075102735,0.0073991795,0.00018788528,0.6924027907644349,2.7667809,0.002295970916748047
20.018512162575945,-0.4259174053553389,0.07213218927884109,0.007379938691231798,0.0005332563090702771,20.0,0.1,0.07213218927884109,0.0071597295,2.5773004e-05,0.6923295435473252,2.7666674,0.0026166439056396484
20.01922627370973,-0.4258658054324396,0.07213476657927922,0.007141110007956894,0.0005160176337805208,20.0,0.1,0.07213476657927922,0.007413988,0.000115901,0.6922612373096748,2.7665658,0.0023140907287597656
20.0199657444398,-0.4258123711713856,0.07214635667917274,0.007394701107123499,0.0005344283159009703,20.0,0.1,0.07214635667917274,0.008098337,0.0012389445,0.692193201569776,2.766486,0.002280712127685547
20.020773471409285,-0.4257539952941519,0.07227025112663352,0.008077197308374475,0.0005847594967194764,20.0,0.1,0.07227025112663352,0.00761319,0.0014962258,0.6921220017053886,2.7662525,0.0023453235626220703
20.021532803092448,-0.42569902246187646,0.07241987370946401,0.00759323449485307,0.0005508644482734512,20.0,0.1,0.07241987370946401,0.0077448254,0.0013411043,0.6920578095659767,2.766137,0.0022869110107421875
20.0223052555841,-0.42564298354777214,0.07255398413692557,0.007724449693026015,0.0005614250753393807,20.0,0.1,0.07255398413692557,0.007066263,0.0014265635,0.6919951764491888,2.7660499,0.0021848678588867188
20.023010022819552,-0.42559175996370024,0.0726966404851056,0.007047599209103094,0.0005132412307045642,20.0,0.1,0.0726966404851056,0.0071447142,0.0019891318,0.6919403982297404,2.7659526,0.002253293991088867
20.023722607155005,-0.4255398660278425,0.07289555366444359,0.007125739989671049,0.0005203567724587787,20.0,0.1,0.07289555366444359,0.0060192505,0.0022915804,0.6918872821869834,2.7659945,0.00222015380859375
20.024322933668874,-0.42549602721704793,0.07312471170737365,0.006003164520905237,0.0004397637929132287,20.0,0.1,0.07312471170737365,0.0060861995,0.0018429342,0.691844199307902,2.7660584,0.0022580623626708984
20.02492992713482,-0.4254515617109088,0.0733090051246337,0.006069852609392809,0.0004457737028347761,20.0,0.1,0.0733090051246337,0.006007756,0.0022818155,0.6918021124284512,2.7658134,0.003396272659301758
20.025529089121118,-0.42540755888671905,0.07353718667584429,0.005991519300649267,0.0004413954075449408,20.0,0.1,0.07353718667584429,0.006188688,0.0014392141,0.691762093316638,2.7657726,0.0023894309997558594
20.026146285328014,-0.4253620900235462,0.07368110808604354,0.006171896565624581,0.0004555769045009965,20.0,0.1,0.07368110808604354,0.0060221595,0.0019052828,0.6917223846759064,2.7657084,0.0025107860565185547
20.026746867328217,-0.42531775822283585,0.07387163637033621,0.0060057354284159545,0.00044446227763080616,20.0,0.1,0.07387163637033621,0.0053560324,0.0014601154,0.6916853550403479,2.7656038,0.0022292137145996094
20.027281009834365,-0.4252782283105227,0.07401764791286508,0.005341367286295385,0.0003960790286277657,20.0,0.1,0.07401764791286508,0.005413936,0.0019611253,0.6916536765865609,2.7655494,0.0022726058959960938
20.02782092106708,-0.42523819221018794,0.07421376044223973,0.0053990337075161664,0.00040141982921679167,20.0,0.1,0.07421376044223973,0.0045960825,0.0024594353,0.6916229055131176,2.7655187,0.0023691654205322266
20.02827926420916,-0.42520411425554194,0.0744597039680458,0.004583347469665896,0.000341906801425769,20.0,0.1,0.0744597039680458,0.0053507076,0.0022916328,0.6915976960378997,2.7654657,0.002257823944091797
20.028812852368436,-0.4251643098501322,0.07468886724966535,0.0053357902355580505,0.00039926683177107195,20.0,0.1,0.07468886724966535,0.005150775,0.0021695297,0.6915693320049273,2.765453,0.0021944046020507812
20.02932649387104,-0.42512587505296856,0.07490582021712282,0.005136331519737669,0.0003854623230641121,20.0,0.1,0.07490582021712282,0.0055592605,0.0014724786,0.6915430697322852,2.7653627,0.002270221710205078
20.029880861031565,-0.42508427188683634,0.07505306807872796,0.005543610285365303,0.0004168479505985539,20.0,0.1,0.07505306807872796,0.0052678124,0.0012973918,0.691515896097292,2.7654014,0.002218961715698242
20.030406159298742,-0.42504477244606514,0.07518280726219484,0.005252931381301873,0.00039567592206841626,20.0,0.1,0.07518280726219484,0.0052991873,0.0009287265,0.6914913689906022,2.7654645,0.002233743667602539
20.030934581059856,-0.42500496919100766,0.07527567991348871,0.00528418062200377,0.00039852330815715877,20.0,0.1,0.07527567991348871,0.0048736962,0.0011201442,0.6914679149514994,2.7656128,0.0022432804107666016
20.031420570514218,-0.4249683167487586,0.07538769432869696,0.004859853457103547,0.0003670687984351146,20.0,0.1,0.07538769432869696,0.004775477,0.001143841,0.6914474646036598,2.7654903,0.0027196407318115234
20.03189676184304,-0.4249323496192065,0.07550207842434713,0.004761872116392447,0.00036021598031202854,20.0,0.1,0.07550207842434713,0.0054444326,0.0010591105,0.6914284377320312,2.7654777,0.0025229454040527344
20.03243965402418,-0.42489128206542665,0.0756079894752703,0.005428878285868361,0.0004112505183089034,20.0,0.1,0.0756079894752703,0.0050704614,0.001963374,0.6914079728537396,2.7652957,0.0022742748260498047
20.032945251575157,-0.42485298184133874,0.07580432687248059,0.005055900214651073,0.0003839949105625922,20.0,0.1,0.07580432687248059,0.0055531827,0.0015324798,0.6913901053727376,2.7652583,0.002315998077392578
20.033498975095487,-0.42481092661781017,0.07595757484962189,0.0055371706894963065,0.0004214008004380769,20.0,0.1,0.07595757484962189,0.0046039475,0.0025115963,0.6913717250747314,2.7652402,0.0032057762145996094
20.03395804234921,-0.42477598976665987,0.07620873448033773,0.0045905846451459896,0.0003505214920906737,20.0,0.1,0.07620873448033773,0.004825237,0.0027593533,0.6913574701894204,2.7651906,0.002593517303466797
20.034439165554254,-0.42473925282861213,0.0764846698061093,0.004811130497090461,0.00036869695535783116,20.0,0.1,0.0764846698061093,0.0048765386,0.0018189925,0.6913433489580085,2.765169,0.0022361278533935547
20.034925393749685,-0.4247019911381688,0.07666656906078526,0.004862214095147971,0.0003735013437275668,20.0,0.1,0.07666656906078526,0.0048314356,0.0018574708,0.6913299065823237,2.7651093,0.002190113067626953
20.035407118105855,-0.4246649864545381,0.07685231614452742,0.004817174743475806,0.00037094161886154107,20.0,0.1,0.07685231614452742,0.004349144,0.0014828023,0.6913175300597564,2.7650669,0.002218008041381836
20.03584074879261,-0.42463159516659477,0.07700059637720652,0.004336257307195567,0.0003345558643514783,20.0,0.1,0.07700059637720652,0.0043057627,0.00045093702,0.6913071748026516,2.7650533,0.0023310184478759766
20.03627004923049,-0.42459847329008055,0.07704569007912607,0.004292989438596418,0.00033141235226513715,20.0,0.1,0.07704569007912607,0.002808379,0.0004513285,0.6912976866236643,2.7650876,0.002595186233520508
20.036550054011393,-0.4245768573405397,0.07709082292860796,0.0028000380502732763,0.00021628586932480068,20.0,0.1,0.07709082292860796,0.0030738933,0.00072835246,0.6912919642637817,2.7651098,0.002344369888305664
20.036856530382522,-0.4245531839092624,0.07716365817470898,0.0030647464605476813,0.00023695753496378908,20.0,0.1,0.07716365817470898,0.0017559226,0.00076035206,0.6912861164529556,2.7651396,0.0022280216217041016
20.03703160014021,-0.42453964801036737,0.07723969338114796,0.0017506872797893591,0.00013549210321064733,20.0,0.1,0.07723969338114796,0.0015869555,0.0014974141,0.6912829543594613,2.7652047,0.00225067138671875
20.037189822539684,-0.4245274025991353,0.07738943478909743,0.0015822056405482472,0.0001226910353954243,20.0,0.1,0.07738943478909743,0.0012854998,0.0007213661,0.6912801974448214,2.765085,0.002265453338623047
20.037317987758527,-0.4245174641164259,0.07746157139774834,0.0012816450157979349,9.947728087808916e-05,20.0,0.1,0.07746157139774834,0.000251543,0.00016633203,0.6912780059336792,2.765066,0.0022766590118408203
20.037343066630605,-0.4245155175727487,0.07747820460065225,0.00025078839698557896,1.9469608189143242e-05,20.0,0.1,0.07747820460065225,-0.00064541126,0.000117127645,0.6912775819999656,2.7651134,0.002338886260986328
20.037278719123883,-0.42452051310188366,0.07748991736518758,-0.0006434744820720886,-4.996282821793016e-05,20.0,0.1,0.07748991736518758,0.0010870995,-0.0006506568,0.6912786789104515,2.7650757,0.0022776126861572266
20.037387102857185,-0.4245120976044561,0.07742485168348605,0.0010838428063274775,8.408445348277827e-05,20.0,0.1,0.07742485168348605,0.0011037125,-0.00043397793,0.6912768399837004,2.7650585,0.002185821533203125
20.03749714345411,-0.4245035606621988,0.07738145389087105,0.001100409673086432,8.532166730245265e-05,20.0,0.1,0.07738145389087105,0.0012344063,-0.0006565065,0.6912750522863577,2.765048,0.002196788787841797
20.037620214689692,-0.4244940181770011,0.07731580323963964,0.00123071861787058,9.534405470367283e-05,20.0,0.1,0.07731580323963964,0.0010263259,-0.0014831875,0.6912731391418874,2.7650561,0.002227783203125
20.037722540673265,-0.42448609095949297,0.07716748448513056,0.0010232715820043584,7.912040558577687e-05,20.0,0.1,0.07716748448513056,0.0010569685,-0.00066807325,0.6912716242120391,2.7650666,0.002290487289428711
20.037827922973246,-0.42447794269224615,0.07710067716036531,0.0010538284411198016,8.141226919088607e-05,20.0,0.1,0.07710067716036531,0.0011041966,-0.00018954811,0.6912701603179021,2.7650847,0.0022306442260742188
20.037938014605146,-0.42446943769349854,0.07708172234927145,0.0011009179309123824,8.502911980012913e-05,20.0,0.1,0.07708172234927145,0.00056925305,-0.00022118258,0.6912687100667869,2.7650425,0.002886056900024414
20.037994770880793,-0.4244650541368083,0.07705960409150532,0.000567563725906457,4.3823013392492136e-05,20.0,0.1,0.07705960409150532,0.0002088913,-0.0007515488,0.6912679890625232,2.7650611,0.0023369789123535156
20.03801559801999,-0.42446344602135216,0.07698444921190924,0.00020827259995856968,1.606550190427355e-05,20.0,0.1,0.07698444921190924,-0.00018897127,-0.0006222168,0.6912677297635229,2.7650561,0.0023260116577148438
20.037996756862945,-0.4244648993697256,0.07692222753323688,-0.00018841247437647853,-1.4521760421730621e-05,20.0,0.1,0.07692222753323688,-5.5972476e-05,-0.0010235134,0.6912679605074956,2.7650642,0.0022890567779541016
20.037991176166738,-0.4244653294980044,0.07681987619509995,-5.580740202301578e-05,-4.2955708483022545e-06,20.0,0.1,0.07681987619509995,0.0005810947,-0.00019021073,0.6912680282799561,2.765059,0.003278017044067383
20.038049114260936,-0.42446086992491167,0.07680085512186009,0.0005793817901249001,4.458471047230826e-05,20.0,0.1,0.07680085512186009,0.0013106888,7.8291094e-05,0.6912673479460922,2.7650664,0.0022199153900146484
20.03817979678371,-0.4244508136156852,0.07680868423124151,0.0013068244403801152,0.00010057332353902953,20.0,0.1,0.07680868423124151,0.0005201304,0.0009289721,0.6912658819614989,2.7650592,0.0022134780883789062
20.038231656470398,-0.42444682248964966,0.07690158144034753,0.000518593156996472,3.9959436384796545e-05,20.0,0.1,0.07690158144034753,0.0007319819,0.0002656978,0.6912653229399016,2.7650695,0.002192258834838867
20.0383046383237,-0.4244411989798038,0.07692815122065907,0.0007298170386276364,5.625448955641958e-05,20.0,0.1,0.07692815122065907,0.001608695,0.001112575,0.6912645412612093,2.765051,0.0022835731506347656
20.038465032052333,-0.42442883578895635,0.07703940871508634,0.0016039235214256526,0.0001238103577529306,20.0,0.1,0.07703940871508634,0.0009973388,0.0004107216,0.6912629062443679,2.7650962,0.0024335384368896484
20.038564470114206,-0.42442115994790136,0.07708048087590681,0.0009943774652607226,7.67992518456541e-05,20.0,0.1,0.07708048087590681,0.0009885465,0.00030549505,0.6912619283907296,2.765063,0.0024166107177734375
20.038663031244642,-0.42441354772684564,0.07711103038093382,0.0009856089783849347,7.615232045924527e-05,20.0,0.1,0.07711103038093382,0.0013142941,0.00028493357,0.6912609975612022,2.7651234,0.0024034976959228516
20.038794070097186,-0.42440342311058254,0.07713952373817405,0.0013103856400735077,0.00010128349995821256,20.0,0.1,0.07713952373817405,0.0012575407,0.000105037565,0.691259825112005,2.7651749,0.002221345901489258
20.038919450198325,-0.4243937321195644,0.07715002749466761,0.0012537999933874343,9.692307979706932e-05,20.0,0.1,0.07715002749466761,0.001211065,3.0677544e-05,0.6912587747250634,2.7653441,0.0021872520446777344
20.039040196454856,-0.42438439801594435,0.07715309524903673,0.001207462278967919,9.334474039831437e-05,20.0,0.1,0.07715309524903673,0.0015673989,-0.00024102397,0.6912578345544453,2.7654326,0.002215862274169922
20.039196470070923,-0.42437231704217243,0.07712899285218112,0.0015627390720109342,0.00012077207199697251,20.0,0.1,0.07712899285218112,0.0014690678,-0.001342135,0.6912567253654935,2.7654815,0.0022499561309814453
20.03934294009835,-0.42436099750136447,0.07699477935059361,0.00146471545343246,0.00011299882450822471,20.0,0.1,0.07699477935059361,0.0016587067,-0.0011716048,0.6912558065905208,2.7655506,0.0022606849670410156
20.039508319353565,-0.42434823894038026,0.0768776188659332,0.0016538074887753184,0.00012739184983012934,20.0,0.1,0.0768776188659332,0.0027365384,-0.002102512,0.6912549574450536,2.7654989,0.00273895263671875
20.03978116492322,-0.4243272218014013,0.07666736767243959,0.002728499825008314,0.00020959772408192336,20.0,0.1,0.07666736767243959,0.0036508457,-0.0034887572,0.6912539415115608,2.765456,0.0021729469299316406
20.040145177058758,-0.4242992591405838,0.07631849195424832,0.0036402186887995952,0.0002783566412312034,20.0,0.1,0.07631849195424832,0.0040907855,-0.0031336294,0.6912533709411103,2.7655873,0.0021784305572509766
20.04055306484684,-0.42426806918075,0.07600512900937713,0.0040789754183387945,0.000310621413860929,20.0,0.1,0.07600512900937713,0.0034132937,-0.003699556,0.6912538985774591,2.765541,0.002487659454345703
20.040893408803417,-0.42424215136802784,0.07563517341006912,0.0034035352172545603,0.0002579189879897582,20.0,0.1,0.07563517341006912,0.0032725185,-0.0020386348,0.691255260386354,2.7654521,0.0027303695678710938
20.041219725049654,-0.4242174232102089,0.07543130992528416,0.0032632128062642235,0.00024661633338437285,20.0,0.1,0.07543130992528416,0.0031962297,-0.0024426312,0.6912574313258009,2.7653546,0.002570629119873047
20.04153843914141,-0.42419333648789775,0.07518704680808252,0.0031871996574545625,0.00024008871495821262,20.0,0.1,0.07518704680808252,0.002710828,-0.002588805,0.6912602398615473,2.7653568,0.0021903514862060547
20.04180875608347,-0.424172973770081,0.07492816630367553,0.002703222045113949,0.00020292737348872347,20.0,0.1,0.07492816630367553,0.0013952017,-0.0027640578,0.6912631962905427,2.7652473,0.0022323131561279297
20.041947884783486,-0.4241625295589876,0.0746517605203054,0.0013913158154339295,0.00010405754717606646,20.0,0.1,0.0746517605203054,-9.51189e-05,-0.0024607205,0.6912649560787129,2.7651615,0.0021715164184570312
20.041938399385568,-0.42416323897897007,0.07440568847198403,-9.485572199743655e-05,-7.070858697147499e-06,20.0,0.1,0.07440568847198403,-0.0004926553,-0.003365312,0.6912648260998708,2.7650716,0.002199411392211914
20.041889270162454,-0.4241669012334679,0.07406915727153784,-0.0004913045279380622,-3.645720774353727e-05,20.0,0.1,0.07406915727153784,-0.00086106744,-0.0029840565,0.6912641282585977,2.7650752,0.0024764537811279297
20.04180339951149,-0.4241732732573008,0.07377075162332869,-0.0008587254858764068,-6.346399262310486e-05,20.0,0.1,0.07377075162332869,-3.269554e-05,-0.0022522372,0.6912628615199754,2.7650387,0.0022802352905273438
20.041800138849972,-0.424173514236056,0.07354552790604896,-3.260715711155718e-05,-2.4024437077351402e-06,20.0,0.1,0.07354552790604896,-0.00065591914,-0.0024558383,0.6912628115861342,2.7650235,0.002178192138671875
20.041734724247664,-0.42417833388038045,0.07329994408030427,-0.000654157839621765,-4.803579410976493e-05,20.0,0.1,0.07329994408030427,-0.0012033035,-0.002092803,0.6912617822941005,2.7650685,0.0022547245025634766
20.0416147170175,-0.42418714619179937,0.0730906637905947,-0.0012000907178001032,-8.787196078246242e-05,20.0,0.1,0.0730906637905947,-0.0007495149,-0.0010413964,0.6912598722628736,2.76511,0.002760171890258789
20.041539965642617,-0.4241926195695905,0.07298652415013304,-0.0007475194447283541,-5.4655931801344896e-05,20.0,0.1,0.07298652415013304,-0.00060810597,-0.0012139399,0.6912586778920482,2.7651658,0.002270936965942383
20.041479316943832,-0.4241970539841973,0.07286513016408673,-0.0006064923664885227,-4.4270521868950616e-05,20.0,0.1,0.07286513016408673,8.382375e-05,-0.0010931271,0.6912577128495958,2.7651982,0.002235889434814453
20.041487677075946,-0.42419644374170795,0.07275581745745978,8.360198769743874e-05,6.093286170585086e-06,20.0,0.1,0.07275581745745978,-0.00015077424,-0.00056498346,0.6912578474515287,2.7651134,0.003123044967651367
20.041472639539656,-0.4241975397444998,0.07269931911107516,-0.00015037598189456369,-1.095153194187364e-05,20.0,0.1,0.07269931911107516,6.1200467e-06,-0.00011957811,0.6912576012614315,2.7650445,0.002185344696044922
20.041473249927755,-0.4241974952913585,0.07268736130029094,6.103886320767066e-06,4.4445842450703667e-07,20.0,0.1,0.07268736130029094,-0.00068269315,9.20411e-05,0.6912576113232596,2.7650237,0.002231597900390625
20.041405160882263,-0.4242024532391799,0.07269656540995595,-0.0006808899985678825,-4.958574520225296e-05,20.0,0.1,0.07269656540995595,-0.00061656197,-0.0004437433,0.6912564983241518,2.7650108,0.002290487289428711
20.041343667533503,-0.4242069314860767,0.07265219107905534,-0.0006149354741720245,-4.475518166222959e-05,20.0,0.1,0.07265219107905534,-0.0006409758,1.473184e-05,0.6912555146579229,2.7649946,0.0022165775299072266
20.041279739045834,-0.42421158421989874,0.0726536642630209,-0.0006392848081545626,-4.6528280004640085e-05,20.0,0.1,0.0726536642630209,-0.00053009816,-0.00034680276,0.6912545047150704,2.765042,0.0022208690643310547
20.041226869076166,-0.4242154321898819,0.07261898398730875,-0.0005287010308331115,-3.8461364357343006e-05,20.0,0.1,0.07261898398730875,9.584941e-05,-0.00074613997,0.6912536851996199,2.7650864,0.0024313926696777344
20.041236428755386,-0.4242147367527933,0.07254436999076017,9.559731082777e-05,6.947238007908946e-06,20.0,0.1,0.07254436999076017,-0.0004303197,0.00032696483,0.691253833213246,2.7651453,0.002715587615966797
20.04119350996849,-0.4242178557424907,0.07257706647371844,-0.0004291868489222857,-3.1203929891217134e-05,20.0,0.1,0.07257706647371844,-0.000121378274,0.0010121017,0.6912531638569471,2.7651448,0.0024492740631103516
20.04118140409461,-0.4242187358972318,0.07267827663902164,-0.00012105784739833506,-8.81379974093661e-06,20.0,0.1,0.07267827663902164,0.0001412071,0.0012058725,0.6912529777722376,2.7653182,0.0022172927856445312
20.04119548752726,-0.4242177105316092,0.07279886389017076,0.00014083308904247574,1.0270638975492136e-05,20.0,0.1,0.07279886389017076,-0.00032727845,0.0016588107,0.691253190569027,2.765499,0.0022704601287841797
20.041162846367186,-0.4242200909776617,0.07296474495535687,-0.0003264076475489341,-2.385860570112621e-05,20.0,0.1,0.07296474495535687,0.00019816222,0.0018504926,0.6912527092641914,2.7655005,0.0022444725036621094
20.04118260986315,-0.4242186463746905,0.07314979421073542,0.0001976322830320639,1.4482601667068418e-05,20.0,0.1,0.07314979421073542,0.00020876247,0.002538016,0.691252991405133,2.7655873,0.0031554698944091797
20.04120343028221,-0.4242171206430076,0.07340359581733094,0.00020820031156247977,1.5310158895162545e-05,20.0,0.1,0.07340359581733094,0.0015084409,0.0031125648,0.6912532806056662,2.7656465,0.0021865367889404297
20.041353868177904,-0.4242060580846969,0.07371485229680286,0.0015043444511585757,0.0001110938254383498,20.0,0.1,0.07371485229680286,0.0014162365,0.0026524453,0.6912553343649301,2.765613,0.002287626266479492
20.04149510722033,-0.4241956277703415,0.07398009683104204,0.0014123627087429245,0.00010467776872094013,20.0,0.1,0.07398009683104204,0.001702302,0.0023893414,0.691257250241923,2.7655144,0.0022287368774414062
20.041664871795064,-0.424183045607997,0.07421903096703784,0.0016976156357664434,0.0001262272453690029,20.0,0.1,0.07421903096703784,0.0016270305,0.0023608957,0.6912595671114363,2.765501,0.0022220611572265625
20.041827126933683,-0.42417098102826334,0.07445512054121094,0.0016225228577546737,0.00012102886143664624,20.0,0.1,0.07445512054121094,0.0015642041,0.00243012,0.6912618147491459,2.765456,0.0022907257080078125
20.041983113981658,-0.42415934548505674,0.0746981325429489,0.0015598421579133593,0.00011673449587455988,20.0,0.1,0.0746981325429489,0.0012153133,0.0017600654,0.6912640032972999,2.765546,0.0028076171875
20.042104306411197,-0.42415027576149905,0.07487413908686462,0.001211908313295728,9.091054077743681e-05,20.0,0.1,0.07487413908686462,0.00075061637,0.0015895667,0.6912657104980587,2.7656665,0.002252340316772461
20.04217915774332,-0.4241446608358429,0.07503309575706693,0.000748504386473867,5.6268237036608526e-05,20.0,0.1,0.07503309575706693,0.00069895125,0.0017155375,0.6912667670766415,2.7656274,0.0023043155670166016
20.042248856206804,-0.42413942130787846,0.07520464950805503,0.0006969756359833203,5.25148492013588e-05,20.0,0.1,0.07520464950805503,0.0008672489,0.0016795393,0.6912677470493523,2.7656934,0.0022885799407958984
20.042335335967707,-0.42413290533892883,0.07537260344117852,0.0008647866529890539,6.530493473612754e-05,20.0,0.1,0.07537260344117852,0.00063404447,0.0025557708,0.6912689578263129,2.7657294,0.002810239791870117
20.042398560398393,-0.42412813090432644,0.07562818052113028,0.0006322320838558574,4.790593161654186e-05,20.0,0.1,0.07562818052113028,-0.0006350494,0.0022891748,0.6912698388227972,2.7655904,0.002230405807495117
20.042335236981742,-0.42413292909053885,0.07585709800343933,-0.0006332231660304106,-4.812681923680565e-05,20.0,0.1,0.07585709800343933,-0.0010613141,0.0017506288,0.6912689991183203,2.7655163,0.0022096633911132812
20.042229410777818,-0.42414097219265506,0.07603216088475633,-0.0010582479425322506,-8.061628233060552e-05,20.0,0.1,0.07603216088475633,-1.3627367e-06,0.002431285,0.6912677046642582,2.7654731,0.0021944046020507812
20.042229274897846,-0.42414098254385696,0.07627528939494836,-1.3587745003231844e-06,-1.0384237859551102e-07,20.0,0.1,0.07627528939494836,-8.79479e-05,0.0021278742,0.691267703101094,2.76557,0.002246856689453125
20.042220505679378,-0.4241416527187121,0.07648807681264329,-8.76907566282387e-05,-6.720408193242375e-06,20.0,0.1,0.07648807681264329,0.00024568645,0.0022790811,0.6912676080363136,2.7654946,0.002438783645629883
20.04224500249048,-0.42413977534216357,0.07671598492754596,0.00024496382593917367,1.8829595218142775e-05,20.0,0.1,0.07671598492754596,0.0007240882,0.0018454335,0.6912678608278856,2.7654076,0.003434896469116211
20.042317198342204,-0.42413422587517924,0.07690052827686043,0.0007219482637780691,5.5627901540192456e-05,20.0,0.1,0.07690052827686043,0.00060689216,0.0016180947,0.691268580023267,2.7653155,0.0022869110107421875
20.042377708198455,-0.42412956344090985,0.07706233775109024,0.0006050910103349666,4.6722252763556793e-05,20.0,0.1,0.07706233775109024,0.0002905962,0.0013028258,0.6912691735622805,2.7654548,0.0022363662719726562
20.042406681573194,-0.42412732625457783,0.07719262032635481,0.00028973083026220174,2.2409610388915727e-05,20.0,0.1,0.07719262032635481,0.0010872842,0.00078575057,0.6912694519220574,2.765495,0.0021936893463134766
20.0425150862121,-0.42411894155585605,0.07727119538333238,0.001084039797401265,8.393216596588475e-05,20.0,0.1,0.07727119538333238,0.0005874181,0.00049220806,0.6912704936331325,2.765351,0.002197265625
20.042573652739772,-0.42411440702166975,0.07732041618885444,0.0005856630440815204,4.537416872502202e-05,20.0,0.1,0.07732041618885444,0.00046724093,0.001145291,0.6912710688882082,2.7654061,0.002240419387817383
20.042620237233272,-0.4241107978940504,0.07743494529142947,0.00046584079844700136,3.614462875950724e-05,20.0,0.1,0.07743494529142947,0.00019577247,0.0015584877,0.6912715327273964,2.7653184,0.002296924591064453
20.042639755815777,-0.42410928344550736,0.07759079405670957,0.00019518346241191345,1.5174904716018953e-05,20.0,0.1,0.07759079405670957,-0.00033745557,0.0012965704,0.6912717244244807,2.76524,0.0024564266204833984
20.042606111787823,-0.42411189916362296,0.07772045109752537,-0.00033643688527147913,-2.6200802787186905e-05,20.0,0.1,0.07772045109752537,-0.00032249498,0.0017169432,0.6912714090164405,2.7652159,0.002189159393310547
20.042573959642244,-0.42411440308653514,0.07789214542001457,-0.0003215171519734096,-2.5094432161230677e-05,20.0,0.1,0.07789214542001457,0.0003969896,0.00088655076,0.6912711239059361,2.7651806,0.002183198928833008
20.042613538233233,-0.42411131397523716,0.07798080049553857,0.00039578316969752586,3.0926201288011183e-05,20.0,0.1,0.07798080049553857,6.200998e-05,0.0007672202,0.6912714576940121,2.7651794,0.002198457717895508
20.042619720386813,-0.4241108309063737,0.07805752251745172,6.182116498493452e-05,4.83543169375673e-06,20.0,0.1,0.07805752251745172,0.00013615594,0.0002748129,0.6912715090980489,2.7652762,0.0022420883178710938
20.04263329452219,-0.424109769185773,0.07808500380645012,0.00013574106195736875,1.062093635034039e-05,20.0,0.1,0.07808500380645012,8.6785614e-05,0.0015007423,0.6912716198944501,2.7651982,0.002259969711303711
20.0426419466393,-0.42410909220871246,0.07823507803416316,8.65201541547949e-05,6.782755127017048e-06,20.0,0.1,0.07823507803416316,-0.00047220226,0.00087386614,0.691271690372574,2.7652335,0.002768278121948242
20.04259487085099,-0.4241127827192949,0.07832246464834053,-0.00047075465626754593,-3.694624362093241e-05,20.0,0.1,0.07832246464834053,-0.00043933105,0.00079072174,0.6912713300814386,2.7651908,0.0023450851440429688
20.042551072428736,-0.4241162201514207,0.07840153682202536,-0.0004379815031207242,-3.440895351487156e-05,20.0,0.1,0.07840153682202536,-0.00072278077,0.0008353165,0.6912710149766201,2.7652252,0.0024497509002685547
20.042479016377897,-0.42412188106012594,0.07848506847087729,-0.0007205557772177555,-5.6669276462348324e-05,20.0,0.1,0.07848506847087729,-0.0016121481,0.0012475556,0.6912705325960959,2.765202,0.002245187759399414
20.042318297843988,-0.42413452102960336,0.07860982403083208,-0.0016071695575333063,-0.00012660019909678565,20.0,0.1,0.07860982403083208,-0.0009843984,0.0006436947,0.6912695861683603,2.7652411,0.0022554397583007812
20.04222016200058,-0.4241422514008362,0.07867419350234295,-0.0009813534560423748,-7.736688169236393e-05,20.0,0.1,0.07867419350234295,-0.0012166521,0.0020570871,0.6912691044572313,2.7652621,0.0022928714752197266
20.04209887312718,-0.42415181344177166,0.07887990221654499,-0.0012128690383673786,-9.586990911121894e-05,20.0,0.1,0.07887990221654499,-0.00050981314,0.002368707,0.6912685966321906,2.7653646,0.0023603439331054688
20.042048050335133,-0.42415583067388846,0.07911677291424447,-0.0005082183905755156,-4.02927043420663e-05,20.0,0.1,0.07911677291424447,-0.0009312284,0.0027197048,0.6912684334160498,2.7653852,0.0021889209747314453
20.041955218793195,-0.4241631905686547,0.07938874339026833,-0.0009282953683018226,-7.385141932387207e-05,20.0,0.1,0.07938874339026833,-0.0002381503,0.0027023233,0.6912682268277416,2.7652993,0.0022678375244140625
20.041931478771765,-0.4241650792285977,0.07965897571568811,-0.00023739510185964913,-1.895075195138178e-05,20.0,0.1,0.07965897571568811,-9.627178e-05,0.0023493844,0.6912681979867726,2.7652614,0.0022296905517578125
20.041921882122274,-0.42416584530895335,0.07989391415187591,-9.596469244064632e-05,-7.683349563072145e-06,20.0,0.1,0.07989391415187591,0.00046803575,0.0013269868,0.6912681939728088,2.7652497,0.0022461414337158203
20.041968536402464,-0.42416210996489906,0.08002661283401274,0.0004665378410589873,3.7415349828599296e-05,20.0,0.1,0.08002661283401274,0.00034363152,0.0018512806,0.69126818892655,2.7652009,0.0023124217987060547
20.042002789577563,-0.42415936293257656,0.08021174089092263,0.00034252665959122393,2.7533734991501474e-05,20.0,0.1,0.08021174089092263,0.00027834775,0.0019374732,0.6912681802054539,2.7651823,0.0028908252716064453
20.04203053485755,-0.42415713265015914,0.08040548821020373,0.0002774484735325982,2.2356579491311915e-05,20.0,0.1,0.08040548821020373,0.00043556976,0.0018812326,0.6912681639211204,2.7651908,0.002275228500366211
20.042073951110552,-0.42415363420268476,0.08059361147036277,0.0004341559409631177,3.506615019471219e-05,20.0,0.1,0.08059361147036277,-5.7173274e-05,0.0020066847,0.6912681240248376,2.765236,0.0023212432861328125
20.04206825234103,-0.4241540944840933,0.08079427993664019,-5.69867704464856e-05,-4.61424962601187e-06,20.0,0.1,0.08079427993664019,0.0006486579,0.0015811739,0.6912681315486708,2.76516,0.002311229705810547
20.042132906534224,-0.4241488593991002,0.08095239732222133,0.000646533646292136,5.245307879649994e-05,20.0,0.1,0.08095239732222133,0.00034682412,0.0019453755,0.6912680215559983,2.7651548,0.0027284622192382812
20.04216747536624,-0.4241460548402344,0.08114693486870699,0.0003456828577176057,2.8112837484393556e-05,20.0,0.1,0.08114693486870699,0.00042010532,0.0021139472,0.6912679569583614,2.7651587,0.002210378646850586
20.042209347658464,-0.4241426495543775,0.08135832958662383,0.00041871571427406937,3.414137362120135e-05,20.0,0.1,0.08135832958662383,0.00011438148,0.0014566378,0.69126786527909,2.7651324,0.0022051334381103516
20.04222074797184,-0.4241417199920394,0.0815039933616618,0.00011400177851210009,9.312229409135107e-06,20.0,0.1,0.0815039933616618,6.360333e-05,0.0006471085,0.6912678354887876,2.7653213,0.002193450927734375
20.04222708719092,-0.42414120217325524,0.0815687042094624,6.339185557592581e-05,5.182289993212256e-06,20.0,0.1,0.0815687042094624,0.00039203843,0.0006033112,0.6912678167706369,2.7652602,0.0022783279418945312
20.042266160686076,-0.4241380079114513,0.08162903532659135,0.00039073302371924086,3.1966191457676866e-05,20.0,0.1,0.08162903532659135,0.00088248414,0.0005199363,0.6912676991913143,2.7652402,0.002354145050048828
20.042354115250017,-0.42413081227591526,0.08168102895881481,0.0008795418969656627,7.200208603535311e-05,20.0,0.1,0.08168102895881481,0.0009203366,0.001169514,0.6912674486390561,2.7653942,0.0025763511657714844
20.042445842063742,-0.4241233032283571,0.08179798036155722,0.0009172593490565731,7.519775086296816e-05,20.0,0.1,0.08179798036155722,0.0010992246,0.00071579224,0.6912672162387613,2.7652595,0.0026199817657470703
20.042555396983293,-0.4241143218169878,0.08186955958528876,0.001095542763877562,8.989253202366026e-05,20.0,0.1,0.08186955958528876,0.0009915071,0.00042883967,0.6912669603652167,2.7652247,0.002241849899291992
20.04265421559226,-0.42410621345712796,0.08191244355268743,0.0009881826116048774,8.112597586393537e-05,20.0,0.1,0.08191244355268743,0.00016393841,0.0008213038,0.6912667627303991,2.7651954,0.0022666454315185547
20.04267055446591,-0.4241048720987051,0.08199457393359359,0.00016338763428326588,1.3427003362006584e-05,20.0,0.1,0.08199457393359359,0.00044481942,0.0010305878,0.6912667329400709,2.7652125,0.0022344589233398438
20.04271488696348,-0.4241012289062656,0.08209763271599975,0.00044332121872227255,3.647761273355776e-05,20.0,0.1,0.08209763271599975,0.0014037896,0.0008265143,0.691266649273402,2.7653027,0.0022783279418945312
20.042854793112344,-0.424089717067667,0.08218028414860334,0.0013990519691491432,0.00011523402002883978,20.0,0.1,0.08218028414860334,0.0010840122,0.0010579211,0.6912664120719227,2.7652793,0.0023033618927001953
20.04296282849034,-0.42408081864846164,0.0822860762579922,0.0010803443600696805,8.909848446082967e-05,20.0,0.1,0.0822860762579922,0.0017629924,0.0019074489,0.6912662727678301,2.7652812,0.0026197433471679688
20.043138531201443,-0.4240663280417128,0.08247682114463266,0.0017569994389970555,0.00014524120878769734,20.0,0.1,0.08247682114463266,0.0017157637,0.00097511517,0.6912661226533551,2.7654335,0.0022287368774414062
20.043309524334877,-0.42405219300624103,0.08257433266128379,0.0017099175429080046,0.00014151709204335595,20.0,0.1,0.08257433266128379,0.0023373137,0.0022268714,0.6912660397319095,2.7655694,0.0021674633026123047
20.043542459308767,-0.42403291471982485,0.08279701980511624,0.0023293067508900634,0.000193301575618023,20.0,0.1,0.08279701980511624,0.0033314605,0.0027679428,0.6912661036810273,2.7655036,0.0022029876708984375
20.043874464097595,-0.4240053627244646,0.08307381408969837,0.003319971498749567,0.00027643891331653584,20.0,0.1,0.08307381408969837,0.0022921495,0.0016406486,0.6912664719096221,2.7655368,0.002258777618408203
20.04410288856329,-0.4239863428590544,0.08323787894780713,0.002284213421302328,0.00019057341581603845,20.0,0.1,0.08323787894780713,0.002970798,0.0021311557,0.6912668807060814,2.7654352,0.002251148223876953
20.044398939786195,-0.42396164311240236,0.08345099451701121,0.002960459522806423,0.00024762839215543536,20.0,0.1,0.08345099451701121,0.0024555586,0.0022496905,0.6912676732679666,2.7655063,0.0023593902587890625
20.04464364111115,-0.4239411750076401,0.08367596356413291,0.0024469671407372465,0.0002052315446772008,20.0,0.1,0.08367596356413291,0.0025835559,0.0019375287,0.6912685239001195,2.7654507,0.0022771358489990234
20.044901092766594,-0.42391958207324926,0.08386971643642487,0.0025744746691883412,0.00021642815982964375,20.0,0.1,0.08386971643642487,0.0025420282,0.0009823613,0.6912695915286061,2.765545,0.0022780895233154297
20.045154402063144,-0.42389828714050964,0.08396795256278441,0.0025330720339658127,0.00021319816760874462,20.0,0.1,0.08396795256278441,0.0024775397,0.0010994163,0.6912708382360999,2.7656212,0.0022368431091308594
20.045401283137338,-0.42387750818439257,0.084077894191546,0.0024687878822826047,0.00020806098498836825,20.0,0.1,0.084077894191546,0.0022796502,0.0008894555,0.6912723002300126,2.765491,0.002218484878540039
20.04562844287772,-0.4238583639396913,0.08416683974076027,0.002271580366897411,0.0001916444947337451,20.0,0.1,0.08416683974076027,0.0020749392,0.0020084218,0.6912738506725389,2.7654846,0.0022766590118408203
20.045835202281996,-0.42384092044434263,0.08436768192198092,0.002067558967169845,0.00017485021006299016,20.0,0.1,0.08436768192198092,0.0014884482,0.0014911231,0.6912754392505189,2.7653337,0.0025212764739990234
20.04598351768813,-0.4238283776437116,0.08451679423317278,0.0014831353419906953,0.00012564916144492219,20.0,0.1,0.08451679423317278,0.0025759516,0.0012546461,0.6912766328095434,2.7652907,0.0022051334381103516
20.04624019338596,-0.42380663243591943,0.08464225884392822,0.002566729675546968,0.0002177741133745236,20.0,0.1,0.08464225884392822,0.0028716072,0.00073263125,0.6912788591705731,2.7652614,0.0022995471954345703
20.046526326065198,-0.42378235551610105,0.08471552196872385,0.0028613089986813983,0.0002429788272741532,20.0,0.1,0.08471552196872385,0.0025620598,0.0006938945,0.691281637417801,2.7652755,0.0023145675659179688
20.046781613234458,-0.42376067684489366,0.08478491142025182,0.0025528566437523366,0.00021696385391842024,20.0,0.1,0.08478491142025182,0.0007174266,0.0011464449,0.6912844148645989,2.7652793,0.0023567676544189453
20.046853098187714,-0.42375460143482574,0.08489955591369386,0.0007148425627284171,6.0836053842143795e-05,20.0,0.1,0.08489955591369386,0.00090286235,0.0009852077,0.691285238334852,2.765413,0.0022749900817871094
20.046943059229104,-0.423746945378733,0.08499807668715681,0.000899602866737858,7.664919086988495e-05,20.0,0.1,0.08499807668715681,0.00082977564,0.00020117583,0.6912862840083518,2.76531,0.002274036407470703
20.047025737230943,-0.4237399009348144,0.08501819427049219,0.0008267786010567877,7.046107198763432e-05,20.0,0.1,0.08501819427049219,0.0014566059,0.00020189323,0.691287259483307,2.765329,0.002754688262939453
20.047170871709056,-0.4237275320480323,0.08503838359331445,0.0014513422836531027,0.00012371816946371122,20.0,0.1,0.08503838359331445,0.0010804995,1.6752107e-06,0.6912890474072876,2.7654529,0.0022919178009033203
20.04727853121102,-0.42371835472531644,0.08503855111438276,0.0010765950042620378,9.177340751131648e-05,20.0,0.1,0.08503855111438276,0.0012890121,8.903421e-05,0.6912904364741597,2.7653253,0.002228975296020508
20.047406966628042,-0.42370740635957205,0.08504745453564061,0.0012843531953876251,0.00010949509258560056,20.0,0.1,0.08504745453564061,0.0011944723,-0.0002988844,0.6912921699018556,2.7653527,0.0022623538970947266
20.047525982134125,-0.4236972599186207,0.08501756609501859,0.0011901580929147993,0.00010142883758962494,20.0,0.1,0.08501756609501859,0.0009890309,-0.00036133424,0.6912938475602115,2.765308,0.0024487972259521484
20.047624528007276,-0.4236888615441337,0.08498143267087249,0.0009854617654908092,8.394813681658422e-05,20.0,0.1,0.08498143267087249,0.0006601061,-0.00039350195,0.6912952984332668,2.7652836,0.002290964126586914
20.047690300398948,-0.4236832586177412,0.08494208247601596,0.0006577261209549683,5.6003382317481905e-05,20.0,0.1,0.08494208247601596,0.00022768984,-0.00053555425,0.6912963002715948,2.7653105,0.0021696090698242188
20.047712987291913,-0.4236813268976836,0.08488852705075947,0.00022686996385324365,1.9305050486141796e-05,20.0,0.1,0.08488852705075947,-0.00015900588,-0.0012707724,0.6912966532440921,2.7652423,0.0023834705352783203
20.047697143959642,-0.42368267505468127,0.08476144980839995,-0.00015843503461585249,-1.3461436598166918e-05,20.0,0.1,0.08476144980839995,-0.00086256245,-0.0020770447,0.6912964042358342,2.7651749,0.002418041229248047
20.047611197383628,-0.4236899775076181,0.0845537453397697,-0.0008594809091113223,-7.284601291542731e-05,20.0,0.1,0.0845537453397697,-0.00052630226,-0.0008282886,0.6912950466455808,2.7651374,0.002360820770263672
20.047558755181022,-0.42369442228972776,0.0844709164785741,-0.0005244257058322968,-4.440438366499932e-05,20.0,0.1,0.0844709164785741,-0.00051921554,-0.0005077213,0.6912942078293501,2.7651234,0.0022602081298828125
20.047507018756086,-0.4236988029370469,0.08442014434575645,-0.0005173664728542542,-4.3780205449117873e-05,20.0,0.1,0.08442014434575645,-0.001194008,-0.000317524,0.6912933825719677,2.7651687,0.002750873565673828
20.047388043169548,-0.42370887080169484,0.08438839194449207,-0.001189759061567086,-0.00010064086882254039,20.0,0.1,0.08438839194449207,-0.0013841332,3.2841148e-05,0.6912915199795631,2.7651818,0.0021674633026123047
20.047250122401486,-0.4237205374209077,0.08439167605928338,-0.0013792072974607855,-0.00011667072160441916,20.0,0.1,0.08439167605928338,-0.002239798,-0.00053642294,0.6912894384584997,2.7651973,0.002257108688354492
20.047026939718965,-0.42373941702273943,0.08433803376491375,-0.0022318369494585613,-0.0001886762977338428,20.0,0.1,0.08433803376491375,-0.0013717526,0.00022173603,0.6912862750066252,2.7651768,0.002241373062133789
20.046890252028366,-0.4237509724042446,0.08436020736797906,-0.0013668743434252296,-0.00011558412360913448,20.0,0.1,0.08436020736797906,0.0002169282,0.0004102329,0.6912844420741886,2.7651572,0.002238750457763672
20.046911867703518,-0.42374914456331636,0.08440123065764743,0.00021615600149465798,1.82872767277223e-05,20.0,0.1,0.08440123065764743,-0.00023710367,-0.00060392957,0.6912847244055949,2.7651925,0.003080606460571289
20.046888241737793,-0.42375114337237163,0.08434083770069953,-0.000236260863939815,-1.9973822096909397e-05,20.0,0.1,0.08434083770069953,-0.0016572564,7.829402e-05,0.6912844184928207,2.765157,0.002216815948486328
20.046723105183847,-0.42376510424636155,0.08434866710257444,-0.00165136444635787,-0.00013962166909952062,20.0,0.1,0.08434866710257444,-0.0010964199,-0.00015728267,0.6912823324605571,2.7651892,0.0022971630096435547
20.046613853000085,-0.42377434143944964,0.08433293883525726,-0.0010925232903525263,-9.23547473942306e-05,20.0,0.1,0.08433293883525726,-0.0007327589,0.0005728246,0.691281030104607,2.7651954,0.002438068389892578
20.04654083752665,-0.42378051368828357,0.08439022129704205,-0.000730151197532487,-6.176431329874745e-05,20.0,0.1,0.08439022129704205,-0.00095364696,0.0012184858,0.6912801901931105,2.765182,0.0022308826446533203
20.04644581220911,-0.42378855198706816,0.08451206987327856,-0.000950243373764969,-8.049877424519353e-05,20.0,0.1,0.08451206987327856,-0.0010328599,0.001533631,0.6912791516611841,2.765188,0.0023424625396728516
20.04634289484868,-0.4237972705128603,0.0846654329735316,-0.001029160221176547,-8.734309415048154e-05,20.0,0.1,0.0846654329735316,-0.0014363772,0.0014286669,0.6912781112491962,2.7651398,0.00264739990234375
20.046199771638022,-0.4238094171386299,0.0848082996609151,-0.00143121473848672,-0.00012167073184549404,20.0,0.1,0.0848082996609151,-0.0009290483,0.0009504406,0.6912768109562916,2.765122,0.0022106170654296875
