x,y,theta,dx,dy,x_d,y_d,theta_d,v,w,state_cost,min_Traj_cost,t_mppi
0.01,0.01,0.0,0.0,0.0,20.0,0.1,0.0,1.0,5.072733e-24,999.0204999999999,3235.685,0.05939602851867676
0.11,0.01,5.072732974561171e-25,1.0,5.072732974561171e-25,20.0,0.1,5.072732974561171e-25,1.0,-7.139088e-17,989.0505,3200.6543,0.002491474151611328
0.21000000000000002,0.01,-7.139087648484014e-18,1.0,-7.139087648484014e-18,20.0,0.1,-7.139087648484014e-18,1.0066173,-1.02565294e-16,979.1305,3167.759,0.0024101734161376953
0.31066173076629644,0.01,-1.7395617039139734e-17,1.0066173076629639,-1.7510729189074817e-17,20.0,0.1,-1.7395617039139734e-17,1.0124525,-1.7489542e-16,969.1953537007772,3135.459,0.0024793148040771484
0.41190697908401497,0.009999999999999998,-3.4885158628002446e-17,1.012452483177185,-3.531956547895108e-17,20.0,0.1,-3.4885158628002446e-17,1.0172658,1.5835486e-15,959.2537204901437,3104.1094,0.002346515655517578
0.5136335587501527,0.009999999999999995,1.2346970491608612e-16,1.017265796661377,1.2560150773500747e-16,20.0,0.1,1.2346970491608612e-16,1.0201175,6.556177e-12,949.3164427066705,3073.6768,0.0022687911987304688
0.6156453108787538,0.010000000000000007,6.557411739282041e-13,1.0201175212860107,6.689330609528185e-13,20.0,0.1,6.557411739282041e-13,1.0208489,8.065802e-11,939.403266784142,3044.1738,0.0022513866424560547
0.7177301979064943,0.010000000000066948,8.721543366741925e-12,1.0208488702774048,8.903377693013887e-12,20.0,0.1,8.721543366741925e-12,1.0194788,1.9122467e-07,929.5350718018177,3015.5867,0.0023479461669921875
0.819678077697754,0.010000000000956091,1.9131188708655724e-08,1.0194787979125974,1.95038412673394e-08,20.0,0.1,1.9131188708655724e-08,1.0166197,0.0003629364,919.7321226078698,2987.8938,0.002275228500366211
0.9213400459289551,0.01000000194587039,3.631277192147385e-05,1.0166196816417454,3.6916278646564214e-05,20.0,0.1,3.631277192147385e-05,1.0210476,-0.0022670073,910.0084141068098,2960.1682,0.0022873878479003906
1.0234448050779452,0.010003709652703094,-0.00019038795311240544,1.0210475736578377,-0.00019439515992788797,20.0,0.1,-0.00019038795311240544,1.0170251,0.0029587029,900.294365995499,2924.4734,0.002427339553833008
1.1251473145452882,0.00998434671986526,0.00010548233236880913,1.0170251074477976,0.0001072781808091101,20.0,0.1,0.00010548233236880913,1.0326796,0.010687369,890.6704167886311,2887.1096,0.00264739990234375
1.2284152697508108,0.009995239664679696,0.001174219224562365,1.0326788458758445,0.001212591910929862,20.0,0.1,0.001174219224562365,1.0287671,-0.0062005566,880.9512353545189,2848.059,0.0024979114532470703
1.331291909719812,0.010116039448608893,0.000554163560231644,1.0287669509514645,0.0005701052145471662,20.0,0.1,0.000554163560231644,1.0221106,-0.008065788,871.3218522161434,2822.3125,0.002401113510131836
1.4335029521652458,0.010172681089583607,-0.0002524152473011433,1.022110548836911,-0.00025799629243305485,20.0,0.1,-0.0002524152473011433,1.012107,-0.019187512,861.8072039361982,2797.5752,0.003618955612182617
1.5347136504066108,0.010147133965614927,-0.0021711664349236904,1.0121046291391462,-0.002197451052320378,20.0,0.1,-0.0021711664349236904,1.0044336,-0.0092978515,852.4371837750363,2766.681,0.002338409423828125
1.6351567768532176,0.00992905487818285,-0.003100951582232994,1.0044288026338029,-0.003114695068306927,20.0,0.1,-0.003100951582232994,1.00783,-0.02013897,843.1889484647885,2728.0464,0.0024552345275878906
1.73593929467049,0.009616532168366197,-0.005114848546723408,1.0078168405332062,-0.00515487545563629,20.0,0.1,-0.005114848546723408,1.0031825,-0.018219138,833.9602065480468,2690.0112,0.0024046897888183594
1.8362562354668652,0.009103421734904735,-0.006936762303153557,1.003158394594727,-0.006958782951871187,20.0,0.1,-0.006936762303153557,1.0040286,-0.010347363,824.8246243288914,2660.351,0.00232696533203125
1.9366566757236523,0.008406956574682904,-0.007971498563925308,1.0039966585083688,-0.008003527449692075,20.0,0.1,-0.007971498563925308,1.0160462,-0.01559895,815.7319033407069,2626.015,0.0024781227111816406
2.038258064160764,0.007597024096928074,-0.009531393561551851,1.0160000141610164,-0.009684189256629505,20.0,0.1,-0.009531393561551851,1.0113171,-0.009923791,806.581779199104,2589.224,0.0025970935821533203
2.1393851838060858,0.006633112530025376,-0.010523772619704289,1.0112611328401704,-0.010642675115400626,20.0,0.1,-0.010523772619704289,1.0059597,-0.013974628,797.5256974703036,2557.1802,0.002684354782104492
2.2399755882881203,0.005574482904240843,-0.011921235460827632,1.0058882686534671,-0.011991998987680632,20.0,0.1,-0.011921235460827632,1.0084953,-0.016467124,788.5684582072016,2529.781,0.003306865692138672
2.3408179552952375,0.004372260350553541,-0.013567947883198542,1.0084025056803203,-0.013682792270800718,20.0,0.1,-0.013567947883198542,1.0182503,-0.005180415,779.6396378815339,2492.0366,0.00283050537109375
2.4426336176123162,0.0029907459755384664,-0.014085989406371993,1.0181493297331716,-0.014342589280691263,20.0,0.1,-0.014085989406371993,1.0131127,0.00043772606,770.6763127019088,2467.7056,0.002410888671875
2.5439348333583682,0.0015637237415199203,-0.01404221680007646,1.013012781134856,-0.014225880144187346,20.0,0.1,-0.01404221680007646,1.0036079,-0.016088111,761.8097520063075,2440.4563,0.0024137496948242188
2.644285725672473,0.0001544821277829015,-0.015651027932686305,1.0034849524374876,-0.01570685353064256,20.0,0.1,-0.015651027932686305,0.996529,0.0036365169,753.0769677488385,2404.815,0.002405405044555664
2.743926419011553,-0.00140512449329007,-0.015287376246338283,0.9964125390427574,-0.015233720125867767,20.0,0.1,-0.015287376246338283,0.99346346,-0.0011935834,744.4558960794022,2381.2612,0.0023767948150634766
2.8432611560878573,-0.002923810302734852,-0.015406734582425599,0.993345551009117,-0.015305422275318168,20.0,0.1,-0.015406734582425599,1.0073824,0.0015566025,735.9107026723276,2349.7666,0.0024569034576416016
2.9439874396221617,-0.004475796217555549,-0.015251074328476135,1.007265238965202,-0.015363068172072804,20.0,0.1,-0.015251074328476135,0.9956931,-0.0052627516,727.2961991294046,2312.407,0.0028295516967773438
3.043545168929354,-0.005994276279445191,-0.015777349488267246,0.995569163818619,-0.01570874609087311,20.0,0.1,-0.015777349488267246,1.0032967,-0.0009826005,718.8314880618575,2277.528,0.002727985382080078
3.1438623552088716,-0.007577146927800128,-0.015875609537975434,1.003170302622861,-0.015927278124081488,20.0,0.1,-0.015875609537975434,1.0013301,-0.012303315,710.3523728567145,2248.4949,0.0025284290313720703
3.2439827506882097,-0.009166752780887223,-0.017105941048280837,1.0011836396076768,-0.017127858962872042,20.0,0.1,-0.017105941048280837,1.0006099,-0.0022088967,701.9400785978672,2204.606,0.0023946762084960938
3.3440290989338908,-0.01087830666042713,-0.01732683071626121,1.0004596774037289,-0.017336530422515557,20.0,0.1,-0.01732683071626121,0.99930555,-0.0007682445,693.5841516401221,2180.0188,0.0024275779724121094
3.443944653408825,-0.012609699827948257,-0.017403655166195277,0.9991542116675599,-0.017390691199166322,20.0,0.1,-0.017403655166195277,0.99815965,0.00031169766,685.2891239597141,2156.3296,0.0037457942962646484
3.5437455019994744,-0.014346774764917258,-0.017372485400333572,0.9980090268638758,-0.017339641670423032,20.0,0.1,-0.017372485400333572,0.9948819,0.0016766861,677.0534682196542,2133.178,0.002466917037963867
3.643218682243846,-0.016075045005793615,-0.017204816789522338,0.9947346862280784,-0.01711591686716729,20.0,0.1,-0.017204816789522338,0.99021685,0.0032250918,668.8944212324247,2110.8135,0.0024192333221435547
3.742225712236157,-0.017778610909420896,-0.016882307605042623,0.990075742589838,-0.01671635139084437,20.0,0.1,-0.016882307605042623,0.9833634,0.004262296,660.8227414826573,2088.899,0.0024154186248779297
3.8405480380323063,-0.019438676373982437,-0.016456078003316686,0.983230244339789,-0.01618157429272159,20.0,0.1,-0.016456078003316686,0.9651385,0.021814771,652.8553832713889,2059.9292,0.0024275779724121094
3.9370488197280302,-0.02102684412747093,-0.014274600903659628,0.965040166286489,-0.01377649896169102,20.0,0.1,-0.014274600903659628,0.9457581,0.015849948,645.0826202920002,2019.3265,0.002532482147216797
4.031614994740439,-0.022376830228964223,-0.012689606110721396,0.9456819594750487,-0.012000975735454679,20.0,0.1,-0.012689606110721396,0.9435347,0.01004782,637.5107394119382,1995.8444,0.0031795501708984375
4.125960865382828,-0.02357410643051952,-0.01168482407104926,0.9434702601863475,-0.011024785767904069,20.0,0.1,-0.01168482407104926,0.94445574,0.006132429,630.0009725178439,1972.4905,0.002517223358154297
4.220399992171181,-0.024677661237582423,-0.011071581171050237,0.9443978577774957,-0.010456404792025824,20.0,0.1,-0.011071581171050237,0.9462967,0.0027155536,622.5283023157073,1949.7761,0.0024187564849853516
4.3150238615717305,-0.025725339896837753,-0.010800025808780955,0.9462415041441244,-0.010219830018076276,20.0,0.1,-0.010800025808780955,0.9471278,-0.00014194625,615.0857083103908,1927.7123,0.0025184154510498047
4.409731119855708,-0.026748220500680802,-0.010814220433745103,0.9470724375502985,-0.010242249377526788,20.0,0.1,-0.010814220433745103,0.9464315,-0.0026375146,607.681372166489,1906.3308,0.0025718212127685547
4.504368737536203,-0.02777169245736224,-0.011077971894915717,0.9463734444654862,-0.010484327307381481,20.0,0.1,-0.011077971894915717,0.95607543,-0.028966144,600.327284569097,1881.0817,0.0033409595489501953
4.599970414039143,-0.02883080846854463,-0.013974586267645972,0.9559820758990033,-0.013360323709655952,20.0,0.1,-0.013974586267645972,0.9608361,-0.026615378,592.9437715642009,1851.4994,0.0024383068084716797
4.696044643402624,-0.030173493479918673,-0.016636124019201413,0.9607031547654836,-0.0159838514224134,20.0,0.1,-0.016636124019201413,0.9701825,-0.0070505464,585.5699867378256,1829.9615,0.0024046897888183594
4.793049466139718,-0.031787426635229016,-0.017341178654383435,0.9700366071548935,-0.016823264484049822,20.0,0.1,-0.017341178654383435,0.944157,-0.01871595,578.1717811627318,1819.6459,0.002458810806274414
4.8874509707526945,-0.03342462410600732,-0.019212773627291933,0.9439827510626537,-0.018138758816561157,20.0,0.1,-0.019212773627291933,0.9531277,-0.03776309,571.0173507293038,1805.2828,0.0024445056915283203
4.9827461480816995,-0.03525573408763189,-0.022989082521449343,0.9528758303047689,-0.021909600957711065,20.0,0.1,-0.022989082521449343,0.9661867,-0.0026173037,563.8405184163967,1786.0764,0.0024521350860595703
5.079339288048373,-0.037476713028030934,-0.02325081289621772,0.965925553605797,-0.02246260222762307,20.0,0.1,-0.02325081289621772,0.9427146,0.08984416,556.6125398195045,1751.9563,0.003300905227661133
5.1735852648025435,-0.03966840355685064,-0.014266396918024437,0.9426186381933482,-0.013448684051092513,20.0,0.1,-0.014266396918024437,0.9660826,0.09544822,549.605202907581,1716.6062,0.0026683807373046875
5.270183690919774,-0.041046608548822125,-0.004721575089420692,0.9660718043865568,-0.0045614144625170565,20.0,0.1,-0.004721575089420692,0.962926,0.11285841,542.4684566125723,1699.36,0.002407550811767578
5.366475214638707,-0.0415012595870938,0.0065642656305175875,0.962905224589452,0.0063208564591694,20.0,0.1,0.0065642656305175875,0.95448834,0.12541577,535.4001756256199,1683.2004,0.0024340152740478516
5.461921991924852,-0.04087471258816848,0.019105842850480663,0.9543141323584285,0.018235194714179264,20.0,0.1,0.019105842850480663,0.9829123,0.15601,528.4388946338127,1654.8367,0.002450704574584961
5.560195282889613,-0.03899689003982487,0.03470684304026185,0.9823203705832675,0.03410693468968951,20.0,0.1,0.03470684304026185,1.0145358,0.15968528,521.3182010093103,1617.4203,0.0026373863220214844
5.661587763782586,-0.0354764634789984,0.05067537143019257,1.0132334029326764,0.05138997627635199,20.0,0.1,0.05067537143019257,1.012262,0.17220964,514.021048319665,1602.029,0.0024881362915039062
5.762684016169389,-0.030348983476119876,0.0678963349678856,1.009929663430086,0.06867608541251037,20.0,0.1,0.0678963349678856,1.0032254,0.18382126,506.7953932023297,1588.159,0.0023894309997558594
5.862775410496923,-0.023542682607058538,0.08627846106079637,0.9994937699968506,0.08644939983888224,20.0,0.1,0.08627846106079637,0.989086,0.1945369,499.6909547211905,1575.1257,0.0025014877319335938
5.961316099581794,-0.015019584527994111,0.10573215051678239,0.9835624826110659,0.10438344417875436,20.0,0.1,0.10573215051678239,0.9726518,0.2038339,492.74468790171585,1562.8416,0.0025756359100341797
6.058038106150831,-0.004754678787838378,0.12611553981092988,0.9649269503006339,0.12234159163189028,20.0,0.1,0.12611553981092988,0.92926157,0.18351376,485.97318748067556,1546.1346,0.0025091171264648438
6.150226240373884,0.006933711786089222,0.14446691586760102,0.9195812540969238,0.1337810662506448,20.0,0.1,0.14446691586760102,0.9224849,0.10409107,479.5622363170751,1515.9207,0.0025475025177001953
6.241513756154772,0.020214257841296768,0.15487602292684136,0.9114433421738982,0.14230030957065334,20.0,0.1,0.15487602292684136,0.9120228,0.14225884,473.25577371682544,1496.7386,0.002701997756958008
6.331624408180476,0.03428290378508876,0.1691019067087513,0.8990140190152095,0.15349082817237078,20.0,0.1,0.1691019067087513,0.92314154,0.13388136,467.0720251394566,1477.2251,0.0024254322052001953
6.422621821703834,0.04981911130557208,0.18249004273799477,0.907812637115332,0.16753064525565126,20.0,0.1,0.18249004273799477,0.91110814,0.11617451,460.86929079515767,1459.5334,0.0024633407592773438
6.512219726767163,0.06635379504440081,0.19410749389914092,0.8939977227312121,0.17574443820345578,20.0,0.1,0.19410749389914092,0.9317234,0.1208265,454.8033719152919,1425.0037,0.002474069595336914
6.603642311959048,0.0843258887814741,0.20619014366653976,0.9119876663141947,0.19075382076632064,20.0,0.1,0.20619014366653976,0.93465084,0.12526532,448.65661245924105,1408.4923,0.00371551513671875
6.69512761998141,0.10346120463478863,0.21871667518404542,0.9123843758528722,0.20279778197708703,20.0,0.1,0.21871667518404542,0.9373301,0.12789492,442.5491025712977,1386.2173,0.0024297237396240234
6.786627603457697,0.12379911724161696,0.2315061674931389,0.9123239571539791,0.2150645571434375,20.0,0.1,0.2315061674931389,0.9457584,0.13670665,436.48444121921887,1373.1975,0.0026159286499023438
6.878680341709232,0.14549895448765962,0.24517683251884997,0.9174749468552066,0.22956192520549634,20.0,0.1,0.24517683251884997,0.9474763,0.13859837,430.4277493247682,1350.9285,0.0027074813842773438
6.970594491347007,0.1684968458380418,0.259036669276033,0.9158658483634465,0.24269556819487403,20.0,0.1,0.259036669276033,0.9363221,0.14387803,424.4252493170167,1338.9707,0.002497434616088867
7.06110286641024,0.19248068752360864,0.2734244720557076,0.9015394432806321,0.2528353101680599,20.0,0.1,0.2734244720557076,0.9289985,0.14141977,418.55902927795523,1327.871,0.003790616989135742
7.15055165438407,0.2175664585567904,0.2875664488890511,0.8908509287720499,0.2634820307679458,20.0,0.1,0.2875664488890511,0.9341614,0.1337058,412.8053616470738,1309.1215,0.0023963451385498047
7.240131842011966,0.2440610930578799,0.30093702837017594,0.8921794245327578,0.2768996961354943,20.0,0.1,0.30093702837017594,0.93477637,0.07616107,407.087472519425,1287.4968,0.002389192581176758
7.329408514980143,0.2717692904642732,0.3085531355359894,0.8906305716933801,0.28387327937473456,20.0,0.1,0.3085531355359894,0.8932886,0.06871083,401.4334831735108,1274.6533,0.00246429443359375
7.41451872707608,0.2988967165642059,0.31542421816972316,0.8492180968197865,0.27711580434189953,20.0,0.1,0.31542421816972316,0.9031186,0.05670894,396.08474693744677,1258.4165,0.0024869441986083984
7.500375040130389,0.3269132429888936,0.3210951121070725,0.8569605463150467,0.2850295536920267,20.0,0.1,0.3210951121070725,0.9250046,0.04956348,390.7302843930977,1244.8243,0.002505064010620117
7.588147835366183,0.3561069331300996,0.32605145997491897,0.8762702366030739,0.2962836229023354,20.0,0.1,0.32605145997491897,0.9344408,-0.011350289,385.2991622948062,1207.9785,0.002671957015991211
7.676668762964175,0.38603754133274776,0.324916431076203,0.8855484267563037,0.2983011513359796,20.0,0.1,0.324916431076203,0.9823015,0.037095763,379.86577563188655,1198.6482,0.002558469772338867
7.769759254344217,0.4173955110587112,0.3286260073551279,0.9297352635983018,0.31703079455001487,20.0,0.1,0.3286260073551279,0.9846003,0.017637651,374.1988215178478,1173.3575,0.002584695816040039
7.862950362085815,0.44917278367497254,0.3303897724964958,0.9313491517237376,0.3194159033093161,20.0,0.1,0.3303897724964958,0.9758721,0.10303338,368.5747388651305,1188.2239,0.0025784969329833984
7.955259662300002,0.4808312207468211,0.3406931103685242,0.91978218734184,0.32607833757423704,20.0,0.1,0.3406931103685242,0.9575314,0.15824498,363.0520055532825,1142.471,0.0026433467864990234
8.045509226689882,0.5128262173101908,0.35651760860470355,0.8973198107896347,0.3341908510563271,20.0,0.1,0.35651760860470355,0.9414537,0.16341755,357.70068783713845,1135.0665,0.0026395320892333984
8.133734537972902,0.5456841699686038,0.37285936339882436,0.8767659842398142,0.34295257583056665,20.0,0.1,0.37285936339882436,0.9238789,0.16981517,352.5172259866444,1126.6418,0.002477407455444336
8.219774414843664,0.5793392135348259,0.38984088017729346,0.8545598520766273,0.35111208489140255,20.0,0.1,0.38984088017729346,0.93362314,0.009508822,347.5087022970103,1090.9845,0.0024788379669189453
8.306131711365238,0.6148207428315661,0.390791762388621,0.863235187304823,0.35563628860656626,20.0,0.1,0.390791762388621,0.9431966,0.009029383,342.5289898729684,1061.9646,0.002569913864135742
8.393340399593148,0.6507490444945863,0.3916947006726009,0.8717621164275694,0.3600703106948978,20.0,0.1,0.3916947006726009,1.0167189,-0.064607166,337.5446789743206,1043.7014,0.0025415420532226562
8.487312005729466,0.6895628272690224,0.38523398409721676,0.942204080205786,0.3820585302719968,20.0,0.1,0.38523398409721676,0.9779672,-0.16301186,332.2239229517959,1007.0477,0.003145933151245117
8.577941256438177,0.7263124859181971,0.3689327977144462,0.9121624608401193,0.3526747715947594,20.0,0.1,0.3689327977144462,0.9552628,-0.20097429,327.1392331784853,981.00476,0.0026574134826660156
8.667039832132081,0.7607611956396272,0.3488353691541892,0.8977286642402796,0.3265122120484365,20.0,0.1,0.3488353691541892,0.9430638,-0.28258586,322.18147881035986,965.9494,0.00257110595703125
8.755666272839775,0.7929954512161025,0.3205767832243186,0.8950183009700018,0.2971726155573147,20.0,0.1,0.3205767832243186,0.97751373,-0.24073195,317.28820915789794,936.0581,0.0026166439056396484
8.84843758718597,0.823798278491332,0.2965035877668601,0.9348588514946449,0.2856081601581322,20.0,0.1,0.2965035877668601,0.9733051,-0.22010413,312.2030704870843,917.382,0.002574443817138672
8.941520974691109,0.852236127696188,0.2744931749546271,0.936867191691811,0.26382322645005435,20.0,0.1,0.2744931749546271,0.99480265,-0.19317715,307.1395438625201,911.17236,0.0030295848846435547
9.037276967610685,0.879201160977321,0.2551754600846511,0.9625899707365906,0.2511033018978478,20.0,0.1,0.2551754600846511,1.004951,-0.23388906,301.9711268353689,885.71875,0.0025539398193359375
9.134517937988315,0.9045676508472382,0.23178655426142034,0.9780761454675136,0.23085399389608238,20.0,0.1,0.23178655426142034,1.003003,-0.21044357,296.7650738617188,871.49475,0.0025789737701416016
9.232135962062156,0.9276083014531459,0.21074219714042958,0.9808124896144902,0.2098139191251588,20.0,0.1,0.21074219714042958,0.9970589,-0.23727155,291.5795786003731,847.8372,0.002631664276123047
9.32963595441451,0.9484653518340613,0.18701504240867908,0.9796738049949741,0.18537999281691286,20.0,0.1,0.18701504240867908,0.9459267,-0.17112324,286.44140579646614,826.61426,0.002580881118774414
9.422579270876351,0.9660526663567403,0.16990271876690205,0.9323065355282655,0.1599434103545582,20.0,0.1,0.16990271876690205,0.9520067,-0.23264931,281.5796912544957,808.241,0.0031528472900390625
9.5164091671909,0.9821498114885825,0.14663778762457189,0.941789696054205,0.1391003982222241,20.0,0.1,0.14663778762457189,0.8969535,-0.15653737,276.7096625991708,780.8168,0.002836942672729492
9.605141902793678,0.9952554537666894,0.13098405073520955,0.8892700821082593,0.11715094440319757,20.0,0.1,0.13098405073520955,0.9142952,-0.186846,272.1363929713871,745.4806,0.0026047229766845703
9.695788223199303,1.0071970475027767,0.11229945044157323,0.9085360882657463,0.1024591758822243,20.0,0.1,0.11229945044157323,0.92173946,-0.18017137,267.49946706038986,730.1868,0.0026216506958007812
9.787381569165651,1.0175263881478152,0.09428231339094456,0.9176457505687454,0.08677503564035337,20.0,0.1,0.09428231339094456,0.9522422,-0.17720458,262.84857471691254,730.1642,0.0025963783264160156
9.882182870741968,1.0264910526906827,0.07656185547945317,0.9494526711495462,0.07283422505916029,20.0,0.1,0.07656185547945317,0.9757216,-0.19526747,258.0715228295578,714.7437,0.0028541088104248047
9.979469199942885,1.0339540622871697,0.05703510861036595,0.9741350148962609,0.0556202203852447,20.0,0.1,0.05703510861036595,0.9908562,-0.11312922,253.20826926338998,699.02966,0.0025644302368164062
10.078393697756997,1.0396023577347022,0.045722186520073975,0.9898206495725242,0.045288327453365765,20.0,0.1,0.045722186520073975,1.0015602,-0.21569973,248.3028105184217,660.93585,0.0025146007537841797
10.178445048112234,1.044180114643488,0.024152213289712034,1.0012681056196078,0.024187544131941432,20.0,0.1,0.024152213289712034,1.0079153,-0.2266482,243.3860444045982,647.28503,0.0025568008422851562
10.279207178051504,1.0466142164100936,0.001487393631909452,1.0079141434822696,0.001499166184082174,20.0,0.1,0.001487393631909452,1.0098153,-0.22659814,238.47472890488777,634.3671,0.002608776092529297
10.380188599876165,1.0467644156446207,-0.02117242072584812,1.0095890080618648,-0.02137863781164404,20.0,0.1,-0.02117242072584812,1.0073596,-0.22113243,233.5928355817085,621.9549,0.003851175308227539
10.48090198458508,1.0446317508104324,-0.0432856634712476,1.0064160522437966,-0.043590614449518325,20.0,0.1,-0.0432856634712476,1.0022597,-0.21373846,228.76389042928864,610.03455,0.002816438674926758
10.581034078243588,1.0402947576961434,-0.06465950910809223,1.0001653112900841,-0.0647604745425284,20.0,0.1,-0.06465950910809223,0.9951529,-0.20568429,224.00268316639864,598.57434,0.0025713443756103516
10.680341410426498,1.033864630711013,-0.08522793804171269,0.9915407814552575,-0.08471218651573525,20.0,0.1,-0.08522793804171269,0.9864542,-0.19756116,219.3203484367604,587.55994,0.0026078224182128906
10.778628775756415,1.0254674595813011,-0.10498405401470845,0.9810230027676344,-0.10337182734477411,20.0,0.1,-0.10498405401470845,0.9764246,-0.18961951,214.72544318512877,576.9754,0.0025665760040283203
10.875733636706892,1.0152353784861665,-0.1239460051512975,0.968933955805957,-0.1207142893824454,20.0,0.1,-0.1239460051512975,0.96525586,-0.18196192,210.2247311658869,566.8053,0.0029964447021484375
10.971518728510704,1.003302027176467,-0.14214219753506369,0.9555210537774643,-0.13674203568228596,20.0,0.1,-0.14214219753506369,0.95328027,-0.17464243,205.82357155483524,557.0367,0.002470254898071289
11.065885352870852,0.9897974745928695,-0.1596064404106397,0.9411639902855591,-0.1515045106622454,20.0,0.1,-0.1596064404106397,0.9463738,-0.13511509,201.52536018459858,544.54987,0.002450227737426758
11.159319885081072,0.9747567874994649,-0.17311794911387152,0.9322278740413331,-0.163017172772723,20.0,0.1,-0.17311794911387152,0.9537131,-0.13984127,197.30706082899837,531.9147,0.002567768096923828
11.253265631922659,0.9583286474807098,-0.18710207645657248,0.9370683545812819,-0.17740240204759772,20.0,0.1,-0.18710207645657248,0.9401595,-0.12447641,193.10522543197845,523.29285,0.0026121139526367188
11.3456407600191,0.9408405213118503,-0.1995497175014276,0.9215029141802734,-0.18636594090777123,20.0,0.1,-0.1995497175014276,0.93054956,-0.11912568,189.01236659230693,513.00305,0.0039031505584716797
11.436849127692343,0.9223944230971675,-0.21146228541495987,0.9098216089258223,-0.19531289570310983,20.0,0.1,-0.21146228541495987,0.94475436,-0.08153248,185.00971362261183,502.9798,0.002716064453125
11.529220127464212,0.9025649892087644,-0.2196155332482118,0.9220625708931548,-0.2058189011651544,20.0,0.1,-0.2196155332482118,0.9109697,-0.0649444,180.9955555271527,495.29263,0.002519845962524414
11.618129062299179,0.8827191133982195,-0.2261099733865518,0.8877817290561064,-0.20422866980850152,20.0,0.1,-0.2261099733865518,0.9196302,-0.075769044,177.17102406688133,493.55746,0.002532958984375
11.70775124599962,0.8621020869789726,-0.2336868778324384,0.8946339938676989,-0.21295486840432268,20.0,0.1,-0.2336868778324384,0.91776454,-0.107657224,173.35547247299638,489.32047,0.002554655075073242
11.797033147958736,0.8408498030137797,-0.24445260022642798,0.8904793631828446,-0.2221221800336588,20.0,0.1,-0.24445260022642798,0.9100274,-0.14667003,169.5938090157833,482.72833,0.0031278133392333984
11.885330370914893,0.8188248438009825,-0.2591196030831594,0.8796469727646308,-0.23317599429507715,20.0,0.1,-0.2591196030831594,0.9247641,-0.06449174,165.91143086315432,1000000400.0,0.0025413036346435547
11.974719542256409,0.7951296461226884,-0.2655687772190828,0.8923449902087948,-0.2427118725215047,20.0,0.1,-0.2655687772190828,0.92035234,-0.036277603,162.22082912589957,1000000400.0,0.002510547637939453
12.063528331708326,0.7709742490276709,-0.2691965375548858,0.8872057526281484,-0.24477414442056816,20.0,0.1,-0.2691965375548858,0.90518385,-0.029676551,158.5944724611367,1000000400.0,0.002479076385498047
12.150786687639057,0.7469002511379821,-0.2721641926548142,0.8718652847210764,-0.24332844205087203,20.0,0.1,-0.2721641926548142,0.8884543,-0.03239017,155.07157389466659,1000000400.0,0.0025167465209960938
12.23636184184606,0.7230171245628544,-0.27540320963474696,0.8549734759579292,-0.24160180186416624,20.0,0.1,-0.27540320963474696,0.8705571,-0.036752686,151.65556947060617,1000000400.0,0.0038077831268310547
12.32013691500515,0.6993436315297973,-0.27907847822519727,0.8368750111017547,-0.2398122834909821,20.0,0.1,-0.27907847822519727,0.8479176,-0.03589659,148.34877448230483,1000000400.0,0.0027518272399902344
12.40164805777342,0.6759860536144481,-0.2826681374094147,0.8142677204266253,-0.23650024020558386,20.0,0.1,-0.2826681374094147,0.82550013,-0.03824083,145.16678042974198,1000000400.0,0.002537250518798828
12.48092204579112,0.6529612956166515,-0.2864922205439467,0.7918536000825384,-0.23327739227167518,20.0,0.1,-0.2864922205439467,0.80014515,-0.04420231,142.1057486898001,1000000400.0,0.0025844573974609375
12.557675251936057,0.6303500606912626,-0.2909124514541287,0.7665250977308415,-0.22950279821072825,20.0,0.1,-0.2909124514541287,0.772459,-0.046713207,139.17367210630061,1000000400.0,0.0025818347930908203
12.631675474078314,0.6081938937240765,-0.2955837721458334,0.7389591657073902,-0.22501602741835958,20.0,0.1,-0.2955837721458334,0.75658417,0.24970648,136.3761683822937,393.32758,0.002930879592895508
12.704052755785986,0.5861547213841413,-0.27061312445315305,0.7290499327739718,-0.2022518182968478,20.0,0.1,-0.27061312445315305,0.79723555,0.23619008,133.66798150869542,366.06793,0.0025179386138916016
12.780874945308106,0.5648428374953718,-0.24699411638888302,0.7730408135703355,-0.1949164445105251,20.0,0.1,-0.24699411638888302,0.98457193,0.27174163,130.82961354712748,344.67874,0.002536773681640625
12.876344131311843,0.5407709981183307,-0.21981995352419798,0.9608799085347557,-0.2146897624369704,20.0,0.1,-0.21981995352419798,1.0365071,0.17549844,127.35188002069364,318.78625,0.0025992393493652344
12.97750066866737,0.518169554607121,-0.20227010943802778,1.0153759124774202,-0.2082277268177999,20.0,0.1,-0.20227010943802778,1.0405678,0.18623537,123.7259065874189,301.54178,0.0026171207427978516
13.079436044140843,0.49726520651659806,-0.18364657261284772,1.0230698894137242,-0.190024355217357,20.0,0.1,-0.18364657261284772,1.0135758,0.17498387,120.13006277861405,296.732,0.00362396240234375
13.179089225596286,0.47875568752148784,-0.16614818521651212,0.9996179546893322,-0.16763004332420753,20.0,0.1,-0.16614818521651212,0.96990645,0.14320199,116.67069915801638,288.199,0.0028481483459472656
13.274744223324186,0.46271490780351227,-0.15182798602494182,0.9587488931084729,-0.14669383215321738,20.0,0.1,-0.15182798602494182,1.0278115,0.11040606,113.40156841513578,269.0446,0.0025696754455566406
13.37634300790492,0.447169737259497,-0.14078737967523516,1.0176421707416015,-0.14422533716658642,20.0,0.1,-0.14078737967523516,0.9836704,0.121300235,109.9833969384972,253.97098,0.002577066421508789
13.473736787634033,0.43336660377779085,-0.12865735613616885,0.9755404290789208,-0.12620758145289246,20.0,0.1,-0.12865735613616885,0.97472084,0.096052304,106.75811202398921,243.40915,0.0025382041931152344
13.570403269540243,0.42086067114262427,-0.11905212574514332,0.9678214321102514,-0.11576866185609073,20.0,0.1,-0.11905212574514332,0.94891816,0.07277667,103.60666421656224,238.16995,0.0028688907623291016
13.664623409563761,0.4095902661190107,-0.11177445896777095,0.9429966640451656,-0.10584409829772955,20.0,0.1,-0.11177445896777095,0.9453572,0.011588597,100.58210668880785,228.99043,0.002482175827026367
13.75856920207218,0.3990455759031787,-0.11061559929388347,0.9395794923943595,-0.10435813169205212,20.0,0.1,-0.11061559929388347,0.96577203,0.0011269189,97.6122166544729,221.1585,0.0024645328521728516
13.85455615736745,0.3883844031099155,-0.11050290739970985,0.9598815611353084,-0.10650355773782293,20.0,0.1,-0.11050290739970985,0.9712517,-0.05700854,94.62411396726849,210.52275,0.0024700164794921875
13.951088940627896,0.3776736182882844,-0.11620376123922649,0.9647015433174817,-0.11260927080493596,20.0,0.1,-0.11620376123922649,0.95700866,-0.08065937,91.66606910621866,198.78549,0.0025234222412109375
14.046144393942212,0.36657782875844946,-0.12426969795363726,0.9496286424308455,-0.11862131546646355,20.0,0.1,-0.12426969795363726,0.94471604,-0.08731596,88.7986507914283,193.26097,0.0026535987854003906
14.139887475347901,0.3548680643986067,-0.1330012941254932,0.9363726427150127,-0.1252783431187109,20.0,0.1,-0.1330012941254932,0.9386057,-0.082776666,86.01469132958671,187.32861,0.002702474594116211
14.232919104971343,0.34242125862364825,-0.1412789606942493,0.9292541305754465,-0.13216455367360055,20.0,0.1,-0.1412789606942493,0.9360765,-0.086029485,83.29497529109304,179.02493,0.0026128292083740234
14.32559411755732,0.3292404168365517,-0.14988190918105426,0.9255819043061841,-0.13977622553094798,20.0,0.1,-0.14988190918105426,0.9315336,-0.08537537,80.62858321852875,171.62164,0.0024499893188476562
14.417703106532032,0.3153306301861656,-0.1584194460405666,0.9198687823081557,-0.14695654049826584,20.0,0.1,-0.1584194460405666,0.90060866,-0.08308237,78.02101471779623,163.17957,0.002604961395263672
14.506636217745584,0.301122840324119,-0.16672768308656993,0.8881200151896903,-0.14946168374552285,20.0,0.1,-0.16672768308656993,0.93846524,-0.07477638,75.54374010271147,152.49849,0.0028650760650634766
14.599181381835733,0.2855484181617437,-0.17420532121198956,0.9242611795981641,-0.16265999540227194,20.0,0.1,-0.17420532121198956,0.93729633,-0.07006167,73.00817490448028,146.68613,0.002544403076171875
14.691492378315113,0.2693026787599837,-0.18121148808735196,0.9219491145249213,-0.16892081635875678,20.0,0.1,-0.18121148808735196,0.9340373,-0.06317394,70.52229141630461,141.33165,0.0024118423461914062
14.783366725717512,0.2524693313212386,-0.18752888231414144,0.9176617189566917,-0.17413414146135037,20.0,0.1,-0.18752888231414144,0.9283086,-0.05396246,68.09127403836195,136.14674,0.0024132728576660156
14.87457006908677,0.23516271869053343,-0.1929251284791786,0.9110862518705724,-0.1779851395494588,20.0,0.1,-0.1929251284791786,0.93104,-0.04353488,65.72075234306253,130.85892,0.0024433135986328125
14.9659467651873,0.2173118357761772,-0.19727861634331528,0.912981168205397,-0.18248519832953725,20.0,0.1,-0.19727861634331528,0.92768496,-0.036736883,63.38863509435344,123.546165,0.0024476051330566406
15.056915886925262,0.19912907494788257,-0.20095230466562097,0.9090171023378849,-0.18516829579801627,20.0,0.1,-0.20095230466562097,0.9245247,-0.036600653,61.109767806079724,118.5021,0.0030364990234375
15.147507932698959,0.18067532453369498,-0.2046123699738342,0.9052389720441791,-0.18785198874026054,20.0,0.1,-0.2046123699738342,0.9353818,-0.036408834,58.88296942802037,117.42015,0.002668619155883789
15.23909489231158,0.16166952270983678,-0.20825325338977163,0.9151715481767002,-0.19339132558888086,20.0,0.1,-0.20825325338977163,0.9551327,-0.05306117,56.67505143611234,113.738174,0.002432584762573242
15.332544461770649,0.14192203804490722,-0.21355937025385682,0.9334347196191058,-0.20243058681254344,20.0,0.1,-0.21355937025385682,0.9432493,-0.08908485,54.4672466465542,107.62724,0.0024764537811279297
15.424726585889466,0.12193083663918554,-0.2224678551300127,0.9200037734569307,-0.2081160034575048,20.0,0.1,-0.2224678551300127,0.95845217,-0.08866795,52.334019438655886,106.14708,0.0024602413177490234
15.518209785125386,0.10078380401094175,-0.23133465028243846,0.9329202048335751,-0.21975086859790144,20.0,0.1,-0.23133465028243846,0.9842335,-0.1279786,50.216110361236424,102.594315,0.003367185592651367
15.61401126072345,0.07821761092544532,-0.2441325095935423,0.9550483919222217,-0.2379036544499114,20.0,0.1,-0.2441325095935423,0.9816144,-0.1350119,48.09342923383625,99.96263,0.0023849010467529297
15.709261957428541,0.05449055266671886,-0.25763369924264734,0.9492168180609938,-0.25010854434027113,20.0,0.1,-0.25763369924264734,0.9573467,-0.14555828,46.03126014941633,96.908325,0.0024094581604003906
15.801836960117392,0.030098023242195612,-0.2721895275159437,0.922101548982578,-0.25737403680368254,20.0,0.1,-0.2721895275159437,0.9623253,-0.1508911,44.07364798947758,93.32817,0.0024271011352539062
15.894526645812943,0.004226774458533235,-0.2872786370559294,0.9228877475155827,-0.2726685538932704,20.0,0.1,-0.2872786370559294,1.05,-0.099378504,42.16020993167634,87.62725,0.0024747848510742188
15.99522358437571,-0.025524285400375053,-0.2972164874418337,1.0039630942995488,-0.3075028538870401,20.0,0.1,-0.2972164874418337,1.0156559,-0.09407833,40.13497621341453,79.59703,0.002575397491455078
16.09233606642544,-0.05526877057906632,-0.30662432066040823,0.968283574704794,-0.30656773443622315,20.0,0.1,-0.30662432066040823,0.9850745,-0.11362019,38.23486452219137,71.21125,0.0027425289154052734
16.186248926181243,-0.08500246988150527,-0.31798633984165975,0.9356897036514163,-0.30798796835721853,20.0,0.1,-0.31798633984165975,0.9666739,-0.11324962,36.447307917289955,69.05329,0.0026302337646484375
16.27807008351374,-0.11522596340578595,-0.3293113020701964,0.9147299653862928,-0.31261404302039403,20.0,0.1,-0.3293113020701964,0.9477608,-0.10907434,34.74771129639843,66.799774,0.002459287643432617
16.36775339997716,-0.14587573460822828,-0.34021873599725555,0.8934367788402526,-0.3162614343855308,20.0,0.1,-0.34021873599725555,0.9389162,-0.07097644,33.13417560061652,64.13808,0.0024886131286621094
16.456263312284673,-0.17720673920381586,-0.34731638035612894,0.8828530844367936,-0.3195842203013743,20.0,0.1,-0.34731638035612894,0.91973674,-0.019260528,31.58728322029903,59.259453,0.00249481201171875
16.542745195854657,-0.20851233898946905,-0.34924243311273645,0.864214269605264,-0.31472110286065164,20.0,0.1,-0.34924243311273645,0.91687924,0.017174875,30.11947661023702,54.25045,0.0025284290313720703
16.62889812232117,-0.2398866693908851,-0.3475249455763657,0.862066843961043,-0.3122631762331735,20.0,0.1,-0.3475249455763657,0.95202917,0.063163765,28.69962704429838,49.403053,0.00241851806640625
16.71840966843213,-0.2723100944349562,-0.34120856909888575,0.8971455771066628,-0.3185739338900976,20.0,0.1,-0.34120856909888575,0.9487859,0.113893256,27.268624776644714,44.36537,0.002390146255493164
16.80781859652331,-0.3040589595843148,-0.3298192435397465,0.8976471958048367,-0.30728520617212296,20.0,0.1,-0.3298192435397465,0.9290067,0.14971434,25.883214388806955,40.473686,0.002421140670776367
16.895712003706258,-0.3341468870836781,-0.3148478099598248,0.8833399956512251,-0.28768714400603684,20.0,0.1,-0.3148478099598248,0.913896,0.15438734,24.56271870874466,37.360023,0.0024595260620117188
16.98260921486328,-0.3624476666509196,-0.29940907596486405,0.8732376604224014,-0.2695587719184599,20.0,0.1,-0.29940907596486405,0.9110628,0.17927714,23.29626248654716,34.7727,0.0037186145782470703
17.069662261033958,-0.3893199756236884,-0.2814813622726758,0.8752079024928793,-0.25307412180269306,20.0,0.1,-0.2814813622726758,0.9228207,0.17669526,22.065783257382453,31.88876,0.002639293670654297
17.158312569053955,-0.41495399787805415,-0.26381183653014495,0.8908938697638988,-0.24063693339736417,20.0,0.1,-0.26381183653014495,0.9213303,0.16556866,20.850912687818315,29.736313,0.0024678707122802734
17.247258071000314,-0.4389788268215208,-0.2472549700631459,0.8933106862856804,-0.22548944541382807,20.0,0.1,-0.2472549700631459,0.9093615,0.15766546,19.67021575858704,27.963327,0.0024683475494384766
17.335428660086755,-0.4612348431662692,-0.23148842393296554,0.885105163861327,-0.20863162091309145,20.0,0.1,-0.23148842393296554,0.90327495,0.15457702,18.537312436677325,26.163187,0.0024819374084472656
17.42334675885481,-0.48195836416975774,-0.2160307222499211,0.8822792062683166,-0.19362087584679777,20.0,0.1,-0.2160307222499211,0.8972938,0.14565526,17.4445436568279,24.605257,0.0036623477935791016
17.51099046734742,-0.5011922432867496,-0.20146519630091977,0.879145533109533,-0.17955307303412696,20.0,0.1,-0.20146519630091977,0.8940951,0.1444098,16.391501417558935,23.115017,0.0024018287658691406
17.59859162184937,-0.5190835433045394,-0.18702421574729275,0.8785037933987901,-0.16624431907297374,20.0,0.1,-0.18702421574729275,0.88061655,0.13191439,15.375066580606367,21.7179,0.0023920536041259766
17.685117647567097,-0.5354573601686455,-0.1738327765359242,0.8673448539955259,-0.1523102254213344,20.0,0.1,-0.1738327765359242,0.87205195,0.14019306,14.406215905494488,20.200426,0.0023620128631591797
17.771008581443507,-0.5505402507168523,-0.1598134705318768,0.8609393820377906,-0.1387731652787483,20.0,0.1,-0.1598134705318768,0.86115354,0.15734263,13.479013404503082,18.087496,0.0023779869079589844
17.856026566383097,-0.5642441364047879,-0.14407920776742292,0.8522307297357185,-0.1236454928727539,20.0,0.1,-0.14407920776742292,0.85408753,0.16080734,12.594605892007989,17.075556,0.002675294876098633
17.940550359637587,-0.576507231024325,-0.1279984736337025,0.8471005605107608,-0.10902363028223244,20.0,0.1,-0.1279984736337025,0.83760506,0.16996327,11.747487137042675,15.481661,0.002637147903442383
18.023625652141682,-0.5871991965332295,-0.11100214659112285,0.8324500899324404,-0.09278514363798802,20.0,0.1,-0.11100214659112285,0.8315173,0.17353028,10.94574574647077,14.435263,0.002588987350463867
18.106265629807556,-0.5964102739187704,-0.09364911853211712,0.8278736745214845,-0.07775708685488021,20.0,0.1,-0.09364911853211712,0.81545776,0.17367184,10.178042836169475,13.276845,0.0024390220642089844
18.187454082553355,-0.6040358063714327,-0.07628193436997723,0.8130863642920452,-0.062144385479892456,20.0,0.1,-0.07628193436997723,0.7991218,0.17404352,9.452472798763933,12.278491,0.002420186996459961
18.267133873152464,-0.6101257518426737,-0.05887758224147152,0.797737091468592,-0.047023180148570314,20.0,0.1,-0.05887758224147152,0.7798803,0.1687704,8.767758992514263,11.359164,0.002424478530883789
18.344986765255896,-0.6147148459309622,-0.04200054197448086,0.7791925142128581,-0.0327457651710763,20.0,0.1,-0.04200054197448086,0.76182926,0.1668944,8.12471529543065,10.5417,0.0027332305908203125
18.421102505759762,-0.6179136294393998,-0.02531110136645626,0.7615852363771681,-0.019280678693844623,20.0,0.1,-0.02531110136645626,0.73984176,0.16169694,7.520793191632382,9.776403,0.002347707748413086
18.49506298389578,-0.6197860504723589,-0.009141407300408591,0.7398108468607042,-0.006763100664370577,20.0,0.1,-0.009141407300408591,0.72117525,0.16306639,6.957318452238164,9.090382,0.0023615360260009766
18.567177495993583,-0.6204452969632004,0.007165231417242776,0.7211567407065432,0.005167343366971384,20.0,0.1,0.007165231417242776,0.7029468,0.1539483,6.430054384759031,8.44355,0.0023314952850341797
18.6374703697291,-0.6199416236362525,0.02256006212097813,0.702767905066205,0.015857177890280516,20.0,0.1,0.02256006212097813,0.67677784,0.14441521,5.93700733702539,7.879396,0.0024580955505371094
18.705130931904872,-0.6184149381361848,0.03700158358675648,0.6763145984305463,0.025036137990072174,20.0,0.1,0.03700158358675648,0.6557211,0.13649654,5.482014817116909,7.3815675,0.0025119781494140625
18.770658161871395,-0.6159892197273908,0.05065123797518421,0.6548801658198281,0.033198887093053304,20.0,0.1,0.05065123797518421,0.6306121,0.13027593,5.0598047943481355,6.932635,0.0026175975799560547
18.833638493422885,-0.612796457103952,0.06367883146864582,0.6293339433602337,0.04012950641595502,20.0,0.1,0.06367883146864582,0.60550565,0.12185575,4.671194883211957,6.5101576,0.0026006698608398438
18.8940663333543,-0.6089432732485217,0.07586440653664281,0.6037640147600883,0.045892275393734486,20.0,0.1,0.07586440653664281,0.5808112,0.11746786,4.31422459926183,6.138921,0.0023736953735351562
18.95198039347763,-0.6045412089794128,0.08761119232637098,0.5785835555946272,0.05082048971905604,20.0,0.1,0.08761119232637098,0.55833095,0.10854394,3.9868085270136904,5.7980666,0.002363443374633789
19.007599346185568,-0.5996558602913162,0.0984655863152187,0.5556264982869302,0.05488759071607283,20.0,0.1,0.0984655863152187,0.5333465,0.09829432,3.6859434513282343,5.4973054,0.002356290817260742
19.060675650151975,-0.5944127150169064,0.10829501808745076,0.5302220362222543,0.057645934935842524,20.0,0.1,0.10829501808745076,0.51035035,0.09270538,3.4113481324864168,5.231974,0.002707958221435547
19.11141171255181,-0.5888966716384758,0.11756555573207547,0.5068274625876688,0.059861501870672816,20.0,0.1,0.11756555573207547,0.4898982,0.089089334,3.1604194219616932,4.9763107,0.0022945404052734375
19.160063362489517,-0.5831504146797706,0.12647448913318327,0.4859852688841649,0.061794574982318856,20.0,0.1,0.12647448913318327,0.46716496,0.08361976,2.930470110273899,4.740636,0.002279520034790039
19.20640672283782,-0.5772577087906576,0.13483646498185803,0.4629246604259685,0.06280017417437345,20.0,0.1,0.13483646498185803,0.44580263,0.076716855,2.7211707341834526,4.5340285,0.0023059844970703125
19.250582345321373,-0.5712648615232948,0.14250815049869228,0.44128347728520667,0.0633156907332443,20.0,0.1,0.14250815049869228,0.42398623,0.07030216,2.5305583386497554,4.357371,0.002326488494873047
19.292551168316844,-0.5652431427098754,0.14953836635810544,0.4192545223316615,0.06316617460121213,20.0,0.1,0.14953836635810544,0.40317047,0.063673794,2.357580720930933,4.197524,0.0023674964904785156
19.332418275035245,-0.5592366419098016,0.1559057457850616,0.39828053133509866,0.06260226317952718,20.0,0.1,0.1559057457850616,0.38311353,0.05853929,2.2006457738585743,4.051483,0.002547025680541992
19.370264961312046,-0.5532878494673716,0.1617596747831743,0.3781121419466724,0.061702410635758785,20.0,0.1,0.1617596747831743,0.3642155,0.055439543,2.058378083032556,3.922692,0.002543210983276367
19.40621104212354,-0.5474219710865345,0.1673036290810745,0.3591300840872394,0.06065070644288553,20.0,0.1,0.1673036290810745,0.3464181,0.050849784,1.9293513378539617,3.7986393,0.0023529529571533203
19.440369162302215,-0.5416532699629208,0.17238860749763657,0.34128344971982677,0.05942319098434427,20.0,0.1,0.17238860749763657,0.33038777,0.046412785,1.8122639833910843,3.6895573,0.002361774444580078
19.47291823355524,-0.5359859289915977,0.17702988595825842,0.3252241706316254,0.058183486909618415,20.0,0.1,0.17702988595825842,0.3125302,0.042385627,1.705733225984583,3.5909762,0.0023789405822753906
19.50368280193261,-0.5304820642020028,0.18126844861668756,0.3074096362276272,0.05634212510352084,20.0,0.1,0.18126844861668756,0.29871672,0.040760085,1.6095959859447113,3.5034225,0.002898693084716797
19.53306505121474,-0.525096877240424,0.18534445711535624,0.29360055199354707,0.05504904193474784,20.0,0.1,0.18534445711535624,0.2823592,0.037850827,1.521935880832054,3.4186409,0.0022819042205810547
19.560817371072524,-0.5198934176104459,0.18912953981322458,0.27732425578359926,0.0530846693031973,20.0,0.1,0.18912953981322458,0.26735744,0.035683073,1.4428730768710196,3.3446698,0.0022847652435302734
19.5870763700447,-0.5148669900708421,0.19269784712356738,0.26240895996763614,0.05120095518496927,20.0,0.1,0.19269784712356738,0.25443712,0.032975193,1.3714183491355993,3.2791238,0.0022695064544677734
19.612049148065108,-0.5099943283735249,0.19599536643487625,0.24956574581187674,0.049549832741142774,20.0,0.1,0.19599536643487625,0.24257521,0.03164284,1.3064973604121912,3.2175899,0.0023200511932373047
19.635842242531403,-0.5052703473345247,0.1991596503661316,0.2377802735757545,0.047992453699895674,20.0,0.1,0.1991596503661316,0.23111118,0.028920919,1.2474076642175338,3.160846,0.002326488494873047
19.65849652767081,-0.5006979128162725,0.2020517422364395,0.22640966514776464,0.046379335784424526,20.0,0.1,0.2020517422364395,0.21979542,0.026276285,1.1936565101868006,3.1115823,0.002915620803833008
19.68002893765913,-0.49628706369265196,0.20467937071931772,0.21520745594385668,0.04467413005109102,20.0,0.1,0.20467937071931772,0.20895872,0.024353383,1.1448493576568728,3.0665927,0.0025658607482910156
19.700488633015333,-0.4920399102325641,0.20711470903021506,0.20449291438998007,0.04296967096108911,20.0,0.1,0.20711470903021506,0.19744512,0.021223946,1.1005457856530168,3.026952,0.0023305416107177734
19.71981117186202,-0.48797970531616475,0.20923710358453207,0.19313877976614843,0.04101205792122308,20.0,0.1,0.20923710358453207,0.18793112,0.019552749,1.0605647831925464,2.9913793,0.002311229705810547
19.738194399802367,-0.48407611842397524,0.21119237844956332,0.1837556021943173,0.03939523670917601,20.0,0.1,0.21119237844956332,0.17917502,0.018452045,1.0242177110201507,2.958507,0.002363920211791992
19.755713804514986,-0.48032014534116474,0.21303758290720395,0.1751244435343037,0.03788293554008857,20.0,0.1,0.21303758290720395,0.17008522,0.018102186,0.9911180409833322,2.9260538,0.002402782440185547
19.7723378182285,-0.47672403718392026,0.21484780148727112,0.16617476737731884,0.036261953472825195,20.0,0.1,0.21484780148727112,0.16196057,0.017572362,0.9611017101866981,2.8969033,0.0024216175079345703
19.78816150951406,-0.47327105833387295,0.21660503768486195,0.1581759915844421,0.034807794676544136,20.0,0.1,0.21660503768486195,0.15466794,0.01564852,0.9337881309364993,2.871293,0.0022814273834228516
19.80326688674313,-0.46994700855972915,0.21816988964689188,0.15100157090652008,0.03347683373788731,20.0,0.1,0.21816988964689188,0.14732522,0.014836411,0.9088587760448098,2.8480268,0.0022835731506347656
19.817650177020326,-0.4667582535400117,0.21965353074607663,0.14378543480745817,0.032100911429567745,20.0,0.1,0.21965353074607663,0.1394857,0.014451721,0.8861659397411067,2.8263454,0.002410411834716797
19.831263604924693,-0.4637189787762213,0.22109870282125882,0.13609021414908323,0.030589453290010782,20.0,0.1,0.22109870282125882,0.13324903,0.0120214755,0.8656276451387898,2.8061185,0.0024726390838623047
19.844264140974424,-0.46079680474096896,0.22230085036841443,0.1299701377231144,0.029378004825095387,20.0,0.1,0.22230085036841443,0.12661183,0.011412989,0.8468667849852862,2.788061,0.0023746490478515625
19.856613766999214,-0.4580053375678147,0.22344214930323175,0.1234643208388692,0.028055599670908,20.0,0.1,0.22344214930323175,0.119982995,0.011903581,0.8298239214208164,2.772485,0.002359151840209961
19.86831379466747,-0.45534666427524845,0.22463250742417984,0.11696854606467842,0.02672598628620811,20.0,0.1,0.22463250742417984,0.11481757,0.010270181,0.814377935491318,2.7570932,0.002649545669555664
19.879507084086626,-0.45278912458121334,0.225659525535379,0.111906568768831,0.025690340541684717,20.0,0.1,0.225659525535379,0.109615505,0.010172296,0.8002358976014291,2.7428708,0.0022995471954345703
19.890190723639254,-0.4503364862655967,0.22667675516692215,0.106811391292079,0.02463504759526928,20.0,0.1,0.22667675516692215,0.10573285,0.008547764,0.7873208132250851,2.7299705,0.0022890567779541016
19.900493529723494,-0.44796024048151173,0.2275315315940719,0.10300771161769849,0.02385051510693561,20.0,0.1,0.2275315315940719,0.10074976,0.008017119,0.7754049069386131,2.7194676,0.002435922622680664
19.910308835223308,-0.4456875942065283,0.22833324349609427,0.09813480338088201,0.022805145910190817,20.0,0.1,0.22833324349609427,0.09647745,0.0067053777,0.7645486387747711,2.7093225,0.002279520034790039
19.919706173143563,-0.4435037852513401,0.22900378126775137,0.09395871481355292,0.021901097338014933,20.0,0.1,0.22900378126775137,0.091623455,0.006752135,0.7546086580344658,2.7000902,0.002283334732055664
19.92862931756748,-0.44142386477800055,0.22967899479096046,0.08921737999503214,0.02085945026534604,20.0,0.1,0.22967899479096046,0.086925074,0.006092445,0.7455839391550753,2.6912668,0.0022933483123779297
19.93709355565457,-0.4394448854197016,0.23028823929031603,0.08463030834002114,0.019841357811980678,20.0,0.1,0.23028823929031603,0.0824514,0.006861419,0.7373950128641491,2.6835227,0.0025072097778320312
19.945121029561715,-0.43756286483816154,0.2309743811854463,0.08026180684447794,0.018875281242487527,20.0,0.1,0.2309743811854463,0.0786289,0.0059203478,0.7299638376234441,2.6763074,0.0026330947875976562
19.952775110822337,-0.43576284385524183,0.23156641596121005,0.07653014244268488,0.01804552149479458,20.0,0.1,0.23156641596121005,0.07556776,0.0061190138,0.7231800375342471,2.6696582,0.002351522445678711
19.960130182018588,-0.43402854556268183,0.23217831733760647,0.07354008599851629,0.017387985457867943,20.0,0.1,0.23217831733760647,0.07263878,0.005445785,0.7169402246541607,2.663103,0.002474069595336914
19.96719915184018,-0.4323571422349454,0.2327228958265226,0.07068058563130904,0.016752526886092974,20.0,0.1,0.2327228958265226,0.069247425,0.0046792543,0.7112000563214037,2.6576018,0.002405881881713867
19.973937217282007,-0.43076010364979195,0.2331908212521415,0.06737317409229879,0.016001913223390056,20.0,0.1,0.2331908212521415,0.06551649,0.0051874053,0.7059638906733581,2.6526532,0.0022797584533691406
19.980311539062203,-0.42924612801544004,0.23370956177947333,0.06373535562075343,0.015172820495460784,20.0,0.1,0.23370956177947333,0.062685326,0.0055385493,0.7012227487835867,2.6477056,0.002358675003051758
19.98640965531613,-0.4277944122074694,0.23426341670689393,0.060973112786995715,0.014550930568724706,20.0,0.1,0.23426341670689393,0.060301732,0.0055932337,0.6968790975651361,2.6429985,0.002362489700317383
19.992275117893787,-0.4263946486917193,0.23482274008107593,0.05864678739762703,0.014030439869462867,20.0,0.1,0.23482274008107593,0.05826038,0.0057649366,0.6928774999370835,2.638459,0.0024204254150390625
19.997941263894056,-0.4250391009409214,0.23539923373733868,0.056653635940760616,0.013588140225868734,20.0,0.1,0.23539923373733868,0.056129787,0.005800991,0.6891757397780125,2.6344826,0.0024335384368896484
20.003399443978164,-0.42372997902616083,0.23597933282268455,0.05457419745346616,0.01312287979587884,20.0,0.1,0.23597933282268455,0.0542833,0.005352757,0.6857616178752588,2.6305044,0.002469778060913086
20.008677332254162,-0.42246086107933123,0.2365146085166674,0.05277208191931493,0.012719428901905118,20.0,0.1,0.2365146085166674,0.051268112,0.0059320643,0.6826016186370135,2.6275702,0.0027265548706054688
20.013661415893075,-0.42125956874481146,0.23710781494279615,0.04983370147689551,0.012042487134256142,20.0,0.1,0.23710781494279615,0.04859597,0.0051403125,0.6797454307305761,2.624601,0.002550363540649414
20.018385047997814,-0.4201180866320559,0.2376218461909633,0.047230447232312844,0.011439100563494804,20.0,0.1,0.2376218461909633,0.046364333,0.005490116,0.677152085079182,2.622208,0.0025396347045898438
20.022891199984237,-0.41902670747416815,0.23817085777533462,0.045055521275426925,0.010938529229266473,20.0,0.1,0.23817085777533462,0.04512252,0.0057148403,0.6747818252704851,2.6196163,0.0023088455200195312
20.0272760761774,-0.4179621521200659,0.2387423418009024,0.043842671007795646,0.010670610668256865,20.0,0.1,0.2387423418009024,0.043422684,0.0059909895,0.6725719384012142,2.6171856,0.0023043155670166016
20.03149518115776,-0.41693528889346426,0.23934144075152686,0.042184890305532796,0.010293907035361049,20.0,0.1,0.23934144075152686,0.042034935,0.0062347134,0.6705350983488235,2.614613,0.0023071765899658203
20.035578851176115,-0.41593879656581845,0.2399649120879661,0.040830479402976086,0.009990381850082776,20.0,0.1,0.2399649120879661,0.039663598,0.0057145683,0.6686467411319928,2.6127589,0.0022962093353271484
20.039431560145097,-0.4149961176083295,0.2405363689189147,0.038521696396060734,0.009448804603051255,20.0,0.1,0.2405363689189147,0.03779074,0.00578434,0.6669396227178219,2.611157,0.0025985240936279297
20.043101836057165,-0.414095852999631,0.24111480293919554,0.03669754554407413,0.009023874704235685,20.0,0.1,0.24111480293919554,0.03667735,0.0052962434,0.6653807858572924,2.6095657,0.0023436546325683594
20.046663472149596,-0.41322005170655546,0.24164442727466337,0.03561171747253715,0.008776874993039639,20.0,0.1,0.24164442727466337,0.03468356,0.0048852684,0.6639307527668391,2.6079898,0.0023076534271240234
20.050031057672662,-0.4123900755284303,0.24213295411442629,0.03367179655592282,0.008316212349324902,20.0,0.1,0.24213295411442629,0.03251746,0.0037957293,0.6626167405796893,2.606912,0.002810955047607422
20.05318794612614,-0.4116103917150453,0.24251252703958412,0.03156592279202942,0.007808820265741971,20.0,0.1,0.24251252703958412,0.030547243,0.0036870125,0.6614353763098483,2.6059904,0.002446413040161133
20.05615328205404,-0.41087682294086203,0.2428812282870825,0.029650652586286123,0.0073466204735351025,20.0,0.1,0.2428812282870825,0.029269863,0.002958938,0.6603707982589737,2.604943,0.0023865699768066406
20.05899435857189,-0.4101728819111601,0.24317712208845874,0.028408681016943285,0.007047816558044151,20.0,0.1,0.24317712208845874,0.028036823,0.0030212782,0.6593917594521181,2.6040287,0.003113985061645508
20.06171555059663,-0.40949779030102373,0.24347924990703573,0.027209879365904147,0.006759137271226076,20.0,0.1,0.24347924990703573,0.027501183,0.002080639,0.6584920187676782,2.6029334,0.0022902488708496094
20.064384554315616,-0.40883478984183574,0.2436873137963306,0.026688657147621597,0.006635557681274433,20.0,0.1,0.2436873137963306,0.026872553,0.0028185642,0.6576455354695141,2.6021225,0.002447366714477539
20.066992414353845,-0.40818640181644217,0.24396917021491787,0.02607677182315487,0.006491230417194159,20.0,0.1,0.24396917021491787,0.026009312,0.0018073004,0.6568535064302491,2.6010861,0.002306222915649414
20.069516323762137,-0.4075581308927076,0.24414990025230907,0.025237958196457716,0.006287270597131321,20.0,0.1,0.24414990025230907,0.025479753,0.002679303,0.6561194387617529,2.600535,0.0022966861724853516
20.07198873415389,-0.4069422049513496,0.24441783055787197,0.024722452777857385,0.006165883529141891,20.0,0.1,0.24441783055787197,0.025413742,0.0024801034,0.6554319425150391,2.599644,0.002215862274169922
20.074454574596853,-0.4063272139911337,0.24466584089801868,0.024656878430096542,0.006156024952228362,20.0,0.1,0.24466584089801868,0.024602646,0.0014593559,0.654776828266054,2.598921,0.002275228500366211
20.07684156839251,-0.40573125885396844,0.2448117764911916,0.023869067991720568,0.005963034781733793,20.0,0.1,0.2448117764911916,0.023025684,0.0017907883,0.654171832037601,2.5986102,0.0025000572204589844
20.07907548103008,-0.4051731767888538,0.24499085531694106,0.02233812661069175,0.0055848210261584255,20.0,0.1,0.24499085531694106,0.021947173,0.0011048974,0.653632175617703,2.597957,0.0024766921997070312
20.08120466310756,-0.4046408536875451,0.24510134505232087,0.02129123248244963,0.005325583508232368,20.0,0.1,0.24510134505232087,0.021510594,0.0006568267,0.6531414713022664,2.5975614,0.002199888229370117
20.083291433192453,-0.40411888914844474,0.24516702772358653,0.02086735796366741,0.005221016026078294,20.0,0.1,0.24516702772358653,0.020561501,0.0006416986,0.6526832930987871,2.5971391,0.002185344696044922
20.08528609785751,-0.4036198237564079,0.24523119758356585,0.019946326359930662,0.004991933883614742,20.0,0.1,0.24523119758356585,0.019845257,0.00053864095,0.6522666134204899,2.596738,0.0022580623626708984
20.087211248930334,-0.4031380194031598,0.2452850616782274,0.01925125118078877,0.004819080490687366,20.0,0.1,0.2452850616782274,0.019734008,0.00064385484,0.6518841712723078,2.5964653,0.0022492408752441406
20.089125582200957,-0.4026588128294933,0.24534944716266577,0.019143024127088796,0.004793298279481343,20.0,0.1,0.24534944716266577,0.018491058,0.0006859876,0.6515231287945378,2.5962229,0.0024559497833251953
20.090919311883347,-0.40220967368912647,0.24541804592132788,0.017936988677836822,0.004492621869395531,20.0,0.1,0.24541804592132788,0.01688582,0.0006864105,0.6512021940507006,2.5958552,0.002171039581298828
20.092557297018303,-0.4017994126374405,0.24548668697367643,0.016379569703470365,0.004103734837427787,20.0,0.1,0.24548668697367643,0.016176132,0.0010651738,0.6509237593865365,2.595592,0.002174854278564453
20.094126412864586,-0.40140628659817734,0.24559320435052026,0.01569073962629299,0.003932931751365963,20.0,0.1,0.24559320435052026,0.015647387,0.00046992596,0.6506701145973203,2.5954545,0.0021817684173583984
20.09564419888386,-0.4010258489024946,0.24564019694640987,0.015177681398439046,0.0038050901996769674,20.0,0.1,0.24564019694640987,0.014768997,0.0010191645,0.650436785121502,2.5952296,0.002227306365966797
20.09707676479595,-0.40066670033629476,0.24574211339182905,0.014325293015054974,0.003592945663599572,20.0,0.1,0.24574211339182905,0.013968625,0.0010953462,0.6502276077222037,2.5952501,0.0022301673889160156
20.098431661440937,-0.4003268769190623,0.24585164800934248,0.013548594144311787,0.0033997182327933774,20.0,0.1,0.24585164800934248,0.012820986,0.0014608632,0.6500394393540145,2.5951924,0.0028595924377441406
20.099675207859253,-0.4000148366153496,0.24599773432543257,0.012435008202277583,0.00312221965497586,20.0,0.1,0.24599773432543257,0.01130725,0.0017089811,0.6498749597431501,2.5949352,0.0024709701538085938
20.10077189217535,-0.3997394777839505,0.24616863243696965,0.01096637241776325,0.002755462486556149,20.0,0.1,0.24616863243696965,0.011668658,0.0010892245,0.6497362997709393,2.59469,0.0021796226501464844
20.101903580698153,-0.39945512438500846,0.24627755488451325,0.011316575436237725,0.0028447666353879925,20.0,0.1,0.24627755488451325,0.011226783,0.002116073,0.6495994025838732,2.59446,0.002192974090576172
20.102992383996543,-0.39918142044398697,0.24648916217680775,0.010887453562652421,0.0027393433360965837,20.0,0.1,0.24648916217680775,0.010757878,0.0010447808,0.6494738041944198,2.5942128,0.0022420883178710938
20.10403565619831,-0.3989189274067313,0.24659364025989303,0.01043244771301992,0.0026260203490259546,20.0,0.1,0.24659364025989303,0.010283183,0.0011848251,0.6493587847132402,2.5942812,0.0022935867309570312
20.105032867432275,-0.39866791277769026,0.24671212276858964,0.009971814861241676,0.002511327793675495,20.0,0.1,0.24671212276858964,0.009672924,0.0011040999,0.6492539761877599,2.5943289,0.0024063587188720703
20.105970870809934,-0.3984316835670949,0.246822532759474,0.009379772898757846,0.0023633277409965425,20.0,0.1,0.246822532759474,0.009183369,0.0013981832,0.6491599216093605,2.5940726,0.0021791458129882812
20.106861376233446,-0.3982073118052614,0.24696235107673087,0.008904740435249815,0.0022449626860976683,20.0,0.1,0.24696235107673087,0.007653203,0.0015359174,0.649074698166828,2.59402,0.0021653175354003906
20.107603476301627,-0.3980202219092076,0.24711594281667598,0.007420713239654279,0.001872038742873149,20.0,0.1,0.24711594281667598,0.0065577156,0.00072007295,0.6490066238567277,2.5939593,0.002174854278564453
20.108239326778722,-0.39785981458859604,0.2471879501111874,0.006358389249512565,0.0016045310606823896,20.0,0.1,0.2471879501111874,0.0066354186,0.0004303885,0.6489503671092558,2.593787,0.002221345901489258
20.10888269982351,-0.3976974602574193,0.24723098896044063,0.0064336605664723325,0.0016238202106186109,20.0,0.1,0.24723098896044063,0.0061000576,0.00065494765,0.6488955106688556,2.5937567,0.0022125244140625
20.10947415761079,-0.3975481795953775,0.24729648372573534,0.005914480089109106,0.0014931939911056508,20.0,0.1,0.24729648372573534,0.006072241,0.0012801414,0.6488469555081658,2.5936599,0.002821683883666992
20.110062908570253,-0.3973995411044739,0.24742449786696338,0.0058873192680819865,0.0014871385813400603,20.0,0.1,0.24742449786696338,0.0051669385,8.492387e-05,0.6488003683347128,2.5936067,0.002474546432495117
20.110563867233594,-0.39727299879854727,0.2474329902540961,0.005009575886756167,0.0012654656025697084,20.0,0.1,0.2474329902540961,0.0049833274,0.0001932065,0.6487620101793695,2.5936146,0.0022215843200683594
20.11104702290496,-0.39715094916867466,0.24745231090470438,0.004831533131954468,0.0012205896473176992,20.0,0.1,0.24745231090470438,0.004637621,0.00043339437,0.6487262688884214,2.593597,0.0022170543670654297
20.11149665860702,-0.39703735775410476,0.24749565034122892,0.0044963077865081994,0.0011361090142118914,20.0,0.1,0.24749565034122892,0.004988358,-0.00012197421,0.6486940997092808,2.593459,0.0022499561309814453
20.111980294355114,-0.3969151546134185,0.24748345292006374,0.004836372386200223,0.0012219724156825559,20.0,0.1,0.24748345292006374,0.0042464933,0.0010287133,0.6486606430208388,2.5934558,0.0022673606872558594
20.112392005454414,-0.39681113044687394,0.24758632425051869,0.004117003960158872,0.0010406651926257542,20.0,0.1,0.24758632425051869,0.0037284112,0.00083452696,0.6486331555649144,2.59346,0.002330780029296875
20.11275347743373,-0.3967197602877426,0.24766977694649936,0.0036146435297165734,0.000914003246243609,20.0,0.1,0.24766977694649936,0.0038090483,0.0010743409,0.6486096673342784,2.5934267,0.0021905899047851562
20.113122759449656,-0.3966263831791672,0.24777721103579492,0.0036927198191015437,0.0009341678151349897,20.0,0.1,0.24777721103579492,0.0036555408,0.00094300794,0.6485863079378141,2.593457,0.0021924972534179688
20.113477149487224,-0.39653673116566035,0.24787151182951161,0.0035438158173472355,0.0008968543237000031,20.0,0.1,0.24787151182951161,0.0038920934,0.0011354034,0.6485644721310626,2.593569,0.0023164749145507812
20.11385446335626,-0.39644124212438925,0.24798505217019223,0.0037730302474896175,0.0009553188100074756,20.0,0.1,0.24798505217019223,0.0038370718,0.0014760351,0.648541864270372,2.5934372,0.0023336410522460938
20.114226432537187,-0.3963470607550467,0.24813265568060555,0.0037195527537088264,0.0009423627227324648,20.0,0.1,0.24813265568060555,0.0042687273,0.002234544,0.6485202065258664,2.5932508,0.0022749900817871094
20.114640231313423,-0.3962422232739678,0.24835611007125802,0.004137753395118444,0.0010492994361417803,20.0,0.1,0.24835611007125802,0.0032301247,0.0023579986,0.6484968169887142,2.5934327,0.0022399425506591797
20.114953333056942,-0.39616282330699143,0.24859190993426122,0.003130830123127532,0.0007947379411655315,20.0,0.1,0.24859190993426122,0.003232585,0.0021072938,0.6484795400321627,2.5933843,0.0028014183044433594
20.115266654538324,-0.39608328897927486,0.24880263931533075,0.003133047142072507,0.0007960035199199285,20.0,0.1,0.24880263931533075,0.0035939007,0.0020464663,0.6484625781323803,2.5931482,0.002190828323364258
20.115614978255145,-0.3959947914584625,0.24900728594926871,0.0034830559880807076,0.0008856880223486413,20.0,0.1,0.24900728594926871,0.0037450185,0.0021520483,0.6484441408771535,2.5931468,0.0022292137145996094
20.11597792954937,-0.3959024984792254,0.24922249077768752,0.0036293142392417486,0.0009237108597033264,20.0,0.1,0.24922249077768752,0.0033509345,0.0025025723,0.648425420351242,2.5929854,0.0022416114807128906
20.116302670113562,-0.39581984749726107,0.2494727480033947,0.0032471987001766248,0.0008273224804793941,20.0,0.1,0.2494727480033947,0.0036312155,0.0019386932,0.6484090806193781,2.5929368,0.0023458003997802734
20.11665455041628,-0.39573019530416975,0.24966661732593307,0.0035186291529246028,0.0008972041020197387,20.0,0.1,0.24966661732593307,0.0030225664,0.0023122444,0.6483917766728358,2.5928798,0.002263307571411133
20.116947435546884,-0.3956555134524655,0.24989784176410862,0.0029286785450799704,0.0007474957190694861,20.0,0.1,0.24989784176410862,0.0027733704,0.0015994678,0.6483777267420493,2.5928235,0.002185344696044922
20.11721615785427,-0.3955869266235265,0.2500577885466231,0.0026871133370515005,0.0006862980932997849,20.0,0.1,0.2500577885466231,0.0025471072,0.0018964711,0.6483650737556741,2.5928874,0.0022780895233154297
20.117462946589995,-0.39552389592197723,0.2502474356600618,0.0024677677769781607,0.0006307750318690693,20.0,0.1,0.2502474356600618,0.0028209297,0.001673213,0.6483536881282466,2.592853,0.0023603439331054688
20.117736252699956,-0.39545403737538726,0.2504147569574019,0.0027329441731361918,0.0006990427554476829,20.0,0.1,0.2504147569574019,0.0030867157,0.001689535,0.6483413208784988,2.5929313,0.0022852420806884766
20.11803529671944,-0.395377546769602,0.25058371045576167,0.0029903109186076473,0.0007654112922653931,20.0,0.1,0.25058371045576167,0.0026179168,0.0013504042,0.6483281127877891,2.5929737,0.0022389888763427734
20.118288912080057,-0.3953126304227101,0.2507187508786632,0.0025360659197204796,0.0006495059462545218,20.0,0.1,0.2507187508786632,0.0026408865,0.00028482275,0.6483171714433693,2.5929265,0.002580404281616211
20.118544743823282,-0.39524710994977125,0.2507472331531648,0.00255829876947474,0.0006552775958222263,20.0,0.1,0.2507472331531648,0.003538612,-0.00016822745,0.648306390504321,2.5928996,0.0021600723266601562
20.118887538826254,-0.39515930711450903,0.2507304104086546,0.0034279648000862546,0.000877970684970183,20.0,0.1,0.2507304104086546,0.0034029493,-0.00013570742,0.6482924657757118,2.592874,0.002199411392211914
20.1192171932306,-0.3950748759957359,0.2507168396664969,0.0032965555010768407,0.0008442664511046524,20.0,0.1,0.2507168396664969,0.0027414544,-0.0007352581,0.6482796800099389,2.5928066,0.002203702926635742
20.11948276746531,-0.3950068609368146,0.2506433138563483,0.002655792348539813,0.0006799553217670111,20.0,0.1,0.2506433138563483,0.003413635,-0.0010429228,0.6482698102392208,2.5927815,0.002257108688354492
20.11981346440857,-0.39492219349412677,0.25053902157211666,0.003307057716210481,0.0008463295308781652,20.0,0.1,0.25053902157211666,0.0031435194,-0.0008670601,0.6482581096665534,2.5927622,0.0024373531341552734
20.120118001942647,-0.39484425741605694,0.25045231556265607,0.003045442904607177,0.0007790967254258897,20.0,0.1,0.25045231556265607,0.0040780255,-0.00043165864,0.6482479337208564,2.5927713,0.0022623538970947266
20.120513081220032,-0.39474318674064574,0.250409149698466,0.0039508363982076545,0.001010536213786124,20.0,0.1,0.250409149698466,0.003152235,-0.001215896,0.648235558928589,2.5928817,0.0023131370544433594
20.120818473245368,-0.3946650742424556,0.25028756009975445,0.0030540152074680217,0.0007807536511900519,20.0,0.1,0.25028756009975445,0.0037198765,-0.00066752627,0.6482265978815898,2.592966,0.0023453235626220703
20.12117887022274,-0.39457293938495,0.2502208074727282,0.003604031268114353,0.0009211079985532057,20.0,0.1,0.2502208074727282,0.003249855,-0.0011590037,0.6482167774008221,2.592949,0.0022590160369873047
20.121493734950686,-0.3944924671587681,0.2501049071024358,0.0031487405259313828,0.0008043573270294207,20.0,0.1,0.2501049071024358,0.0036106138,-0.001202793,0.6482088192725824,2.592878,0.0022296905517578125
20.121843562429426,-0.3944031024450349,0.24998462780473754,0.0034983822493365618,0.0008932263608344967,20.0,0.1,0.24998462780473754,0.0029602055,-0.0005659325,0.6482007035319228,2.5927622,0.002465486526489258
20.122130381547418,-0.39432987019689175,0.24992803455658258,0.002868232619849094,0.0007321601600037198,20.0,0.1,0.24992803455658258,0.003611447,-0.0008223597,0.6481946266644844,2.5927818,0.0023145675659179688
20.12248030556789,-0.3942405467490498,0.24984579858697953,0.003499313648888345,0.0008929467119885409,20.0,0.1,0.24984579858697953,0.0034433804,-0.002066179,0.6481878582570089,2.5928006,0.0021719932556152344
20.122813952100017,-0.39415540760357093,0.24963918069239707,0.003336641162755796,0.000850702063179918,20.0,0.1,0.24963918069239707,0.0029914775,-0.0020892557,0.6481820842356917,2.5928292,0.002190113067626953
20.12310382675575,-0.39408150185354657,0.2494302551201731,0.002898900902075625,0.0007384518618350791,20.0,0.1,0.2494302551201731,0.0018544984,-0.002521012,0.6481777065894139,2.5928023,0.0022199153900146484
20.12328353752113,-0.3940357232106163,0.24917815392233433,0.0017972230051935439,0.00045733336176786505,20.0,0.1,0.24917815392233433,0.0014519491,-0.0014323229,0.6481753160799006,2.5928552,0.0022363662719726562
20.123424248149927,-0.39399991704481546,0.24903492163263263,0.001407157559545473,0.0003578601112806632,20.0,0.1,0.24903492163263263,0.0019342304,-0.00072918035,0.6481736576791486,2.5927253,0.0024635791778564453
20.12361170423551,-0.3939522443054036,0.24896200359777548,0.0018745956128889477,0.0004765907035572651,20.0,0.1,0.24896200359777548,0.0023415692,-0.0017638007,0.6481716826958817,2.5926917,0.0023522377014160156
20.123838641791174,-0.3938945484863305,0.24878562352365816,0.002269477285248163,0.0005765579091299829,20.0,0.1,0.24878562352365816,0.0015137389,-0.0011591604,0.6481695855629975,2.5927012,0.0023114681243896484
20.123985355202784,-0.3938572761248101,0.24866970748386347,0.0014671773108705082,0.00037255354832388485,20.0,0.1,0.24866970748386347,0.001721204,0.0004009758,0.6481684437154436,2.5927024,0.002254486083984375
20.124152181299483,-0.393814914745706,0.2487098050650861,0.0016682439797734117,0.00042368068393004737,20.0,0.1,0.2487098050650861,0.0008860676,0.0004957907,0.6481673353668214,2.592759,0.0022687911987304688
20.124238061699078,-0.39379310386739486,0.24875938413294033,0.0008587931812548378,0.00021815136154528333,20.0,0.1,0.24875938413294033,0.0013319677,0.00068615313,0.6481668135043492,2.592739,0.00222015380859375
20.1243671584825,-0.39376031059459166,0.2488279994458612,0.0012909453299637839,0.00032802130742163514,20.0,0.1,0.2488279994458612,0.002224909,0.00075903424,0.6481660860686971,2.592694,0.0026161670684814453
20.124582797035245,-0.39370551815810356,0.24890390287015587,0.002156343931893666,0.0005480880403479256,20.0,0.1,0.24890390287015587,0.0019146068,0.00219025,0.6481650299422166,2.592679,0.0022733211517333984
20.12476835747294,-0.39365835339224237,0.24912292786736043,0.0018555010298454962,0.0004720540710394425,20.0,0.1,0.24912292786736043,0.002000017,0.0008496288,0.6481642822510895,2.5926664,0.0021538734436035156
20.124962184937367,-0.39360904215921705,0.24920789074946195,0.0019382327410169722,0.0004932770098732716,20.0,0.1,0.24920789074946195,0.0019341301,0.00095823075,0.6481635854141511,2.592663,0.002158641815185547
20.125149623049236,-0.3935613394714014,0.24930371382485145,0.0018743353998983592,0.00047720648492961755,20.0,0.1,0.24930371382485145,0.0010464654,0.0008657895,0.6481630599254242,2.592662,0.002205371856689453
20.125251034380156,-0.3935355201091021,0.24939029277280905,0.0010140909512670094,0.0002582814228885709,20.0,0.1,0.24939029277280905,0.0004056106,0.0005228592,0.6481628280566524,2.5927074,0.002211332321166992
20.125290340605847,-0.3935255091057628,0.2494425786948018,0.0003930570220139572,0.00010013058487882493,20.0,0.1,0.2494425786948018,0.0012667825,-0.0007785887,0.6481627439680788,2.5926812,0.0024580955505371094
20.125413098188798,-0.39349423682746526,0.24936471982488412,0.001227600174034398,0.0003126272043607844,20.0,0.1,0.24936471982488412,0.0019548782,0.00045682985,0.6481625174480885,2.5926812,0.002442598342895508
20.12560253945408,-0.39344599270498326,0.2494104028095212,0.0018943906114673491,0.00048252776674059,20.0,0.1,0.2494104028095212,0.0019732153,0.00027445654,0.6481623640847993,2.5926995,0.0024847984313964844
20.125793755481272,-0.39339728731022067,0.24943784846378958,0.0019121469036872004,0.00048710642793208257,20.0,0.1,0.24943784846378958,0.0015261192,0.00062615,0.6481623801079163,2.5927122,0.002252817153930664
20.12594164426672,-0.393359613647244,0.24950046346326826,0.0014788642622307062,0.00037682922959066817,20.0,0.1,0.24950046346326826,0.0015441583,0.00041230494,0.6481625153469079,2.5927014,0.002232074737548828
20.126091278749982,-0.39332148530207606,0.24954169395765757,0.0014963291108162416,0.0003813451463921746,20.0,0.1,0.24954169395765757,0.0012334776,0.00037686,0.6481627460936302,2.5926952,0.0022318363189697266
20.12621080590136,-0.393291023354427,0.2495793799576536,0.0011952600330251315,0.00030466452127657026,20.0,0.1,0.2495793799576536,0.00084638613,0.0008252818,0.6481630031208205,2.5926948,0.003240823745727539
20.12629282210539,-0.39327011792226313,0.24966190813553524,0.0008201447846624692,0.00020912200740523662,20.0,0.1,0.24966190813553524,0.00015885034,0.0014042244,0.6481632153759684,2.5927007,0.002254009246826172
20.126308214639636,-0.3932661931059127,0.24980233057846318,0.00015391982961801987,3.926977768970189e-05,20.0,0.1,0.24980233057846318,0.00079963723,0.0011944467,0.6481632558666296,2.592773,0.0023415088653564453
20.12638569639315,-0.3932464250796416,0.24992177524815318,0.0007747939177671634,0.00019777280912531558,20.0,0.1,0.24992177524815318,0.0007118759,0.00066722074,0.64816345026657,2.592815,0.0022687911987304688
20.12645467231178,-0.39322881838336166,0.24998849732197825,0.0006897474372222637,0.00017611298457068374,20.0,0.1,0.24998849732197825,0.00047385693,-0.00042156657,0.6481636285833172,2.5927095,0.0023839473724365234
20.126500585032797,-0.39321709550351974,0.24994634066512347,0.00045913215172223266,0.00011720944304663086,20.0,0.1,0.24994634066512347,0.00087437633,0.00032645723,0.6481637532764204,2.5927377,0.002287149429321289
20.126585305602383,-0.3931954676328984,0.24997898638809105,0.0008471986348137231,0.00021630636374030422,20.0,0.1,0.24997898638809105,0.001026103,0.0011747042,0.6481640222202052,2.5926952,0.002691984176635742
20.126684726533977,-0.39317008352661076,0.25009645680526277,0.000994179490270092,0.00025395785130817865,20.0,0.1,0.25009645680526277,0.0007881359,0.001069107,0.6481643780565819,2.592726,0.0023589134216308594
20.126761088121093,-0.3931505773662283,0.25020336750291294,0.0007635950126100563,0.00019514324141469786,20.0,0.1,0.25020336750291294,1.7654276e-05,0.00060177175,0.6481646635457196,2.5928082,0.0022034645080566406
20.126762798576987,-0.39315014024458433,0.2502635446782411,1.71042958520062e-05,4.372245736166409e-06,20.0,0.1,0.2502635446782411,-0.00012321206,0.0004915468,0.6481646698158076,2.5927815,0.0022132396697998047
20.126750861211637,-0.3931531917057619,0.25031269935986034,-0.00011937215344081909,-3.052047951261215e-05,20.0,0.1,0.25031269935986034,-0.00045846208,0.00041656898,0.6481646282686786,2.5928102,0.0022323131561279297
20.126706443800533,-0.3931645481289022,0.25035435625738006,-0.00044416937993379857,-0.0001135827342198027,20.0,0.1,0.25035435625738006,-0.00019027128,-0.00018473853,0.6481644860794047,2.592785,0.0022430419921875
20.12668800984883,-0.3931692620482568,0.2503358824045468,-0.0001843403878307181,-4.713578807672042e-05,20.0,0.1,0.2503358824045468,-0.00046920584,0.00044578535,0.6481644321716992,2.592799,0.0022275447845458984
20.126642551813486,-0.3931808856557883,0.2503804609395634,-0.0004545751713514265,-0.00011625633972549728,20.0,0.1,0.2503804609395634,-0.00031302852,0.001708428,0.6481643047651481,2.5930016,0.0021719932556152344
20.12661222504014,-0.3931886416439876,0.2505513037421811,-0.0003032544784690321,-7.761169197015407e-05,20.0,0.1,0.2505513037421811,-0.000115426315,0.0017248178,0.6481642294406422,2.5928988,0.0021626949310302734
20.12660104281711,-0.3931915035019683,0.2507237855211902,-0.00011181729245898715,-2.8637866678482003e-05,20.0,0.1,0.2507237855211902,-5.033329e-05,0.002599841,0.6481642079222797,2.5928,0.0021584033966064453
20.126596166864847,-0.39319275229692513,0.25098376961956503,-4.875627433894694e-05,-1.2500625846750952e-05,20.0,0.1,0.25098376961956503,-0.0008893929,0.0017841115,0.6481642009577206,2.5928235,0.0022325515747070312
20.12651001416865,-0.3932148409949524,0.2511621807685192,-0.0008614875395279312,-0.00022104068277177628,20.0,0.1,0.2511621807685192,-0.00076833786,0.0027280706,0.6481641576565715,2.5927641,0.0022101402282714844
20.126435591100705,-0.3932339364838575,0.2514349878283288,-0.0007441785579333001,-0.00019115791332628468,20.0,0.1,0.2514349878283288,-0.0010743248,0.002580172,0.6481641869908666,2.5927372,0.002838134765625
20.12633153668168,-0.39326066504973906,0.2516930050199922,-0.0010404751913269466,-0.0002675541282050282,20.0,0.1,0.2516930050199922,-0.0007806121,0.0032353073,0.6481643521141632,2.5927482,0.0023326873779296875
20.12625593500911,-0.3932801057243119,0.25201653574892097,-0.0007559537895925961,-0.00019465133019198438,20.0,0.1,0.25201653574892097,-9.965369e-05,0.003291171,0.6481645595710317,2.59273,0.0022046566009521484
20.126246284430543,-0.3932825906618584,0.2523456528533321,-9.649760208982126e-05,-2.488113582371009e-05,20.0,0.1,0.2523456528533321,0.00029150108,0.002816937,0.6481645964564805,2.5927322,0.0022110939025878906
20.126274511338536,-0.3932753125791244,0.25262734654658253,0.0002822485668237039,7.28603378705926e-05,20.0,0.1,0.25262734654658253,-0.00010036718,0.0022781559,0.6481644655345477,2.5926979,0.0022432804107666016
20.126264793195507,-0.3932778212444215,0.2528551621345874,-9.717571266151005e-05,-2.5108791764326483e-05,20.0,0.1,0.2528551621345874,-0.00067127764,0.00097423664,0.6481645173308689,2.5926967,0.002267122268676758
20.126199799954,-0.39329461455339054,0.25295258579841595,-0.0006499160512989998,-0.00016799640769063031,20.0,0.1,0.25295258579841595,-0.00059346465,0.00020396935,0.6481649156395203,2.5926657,0.0022819042205810547
20.126142342029244,-0.3933094668176693,0.2529729827334128,-0.0005745762180660526,-0.00014853436241238593,20.0,0.1,0.2529729827334128,-0.0013493419,0.00019321243,0.6481653012613897,2.592684,0.002165555953979492
20.12601170243811,-0.3933432386094086,0.252992303976284,-0.0013063893859658593,-0.0003377431585229345,20.0,0.1,0.252992303976284,-0.00067987543,-0.0007835063,0.6481662505824264,2.5927005,0.002154111862182617
20.125945879089436,-0.39336025603616054,0.25291395334476385,-0.000658246817963678,-0.00017012269398732267,20.0,0.1,0.25291395334476385,0.00042257446,-0.0007722833,0.6481667667391915,2.5926795,0.0021719932556152344
20.12598679221592,-0.3933496821129652,0.25283672501515375,0.0004091394296720153,0.00010570763511348186,20.0,0.1,0.25283672501515375,0.00018619494,-3.5207682e-05,0.6481664516345524,2.5926604,0.0022017955780029297
20.12600481973511,-0.39334502441858915,0.2528332042469307,0.00018027535589191173,4.657630905309005e-05,20.0,0.1,0.2528332042469307,-0.00025729957,0.0004443953,0.6481663192876387,2.5926864,0.0022721290588378906
20.12597990779524,-0.3933514607182407,0.2528776437762323,-0.0002491165381525062,-6.437406720073334e-05,20.0,0.1,0.2528776437762323,-0.0004940703,0.00064787036,0.6481665024022978,2.5927014,0.002569913864135742
20.12593207208386,-0.39336382191803004,0.25294243081204026,-0.00047834910433683885,-0.00012364298897387285,20.0,0.1,0.25294243081204026,3.6837657e-05,0.00070347945,0.6481668688922502,2.592729,0.002501249313354492
20.12593563863307,-0.39336290004151575,0.25301277875747896,3.566484351271938e-05,9.22127411420115e-06,20.0,0.1,0.25301277875747896,-0.0002209781,0.00094396644,0.6481668405382347,2.592723,0.002172231674194336
20.1259142443593,-0.3933684316082764,0.2531071754017509,-0.0002139375151244088,-5.533586283663073e-05,20.0,0.1,0.2531071754017509,0.00022491738,0.0004379485,0.6481670156004604,2.5927365,0.0022008419036865234
20.125936019488922,-0.3933627993768966,0.25315097025210404,0.00021774882938097333,5.633185012926019e-05,20.0,0.1,0.25315097025210404,-9.513189e-05,0.0007856725,0.6481668320343051,2.5927024,0.002230405807495117
20.125926809504087,-0.39336518200961607,0.2532295375034343,-9.209797611209668e-05,-2.3833563152871707e-05,20.0,0.1,0.2532295375034343,2.2258755e-05,0.0009326604,0.6481669104281502,2.5926938,0.0022699832916259766
20.125928964392795,-0.3933646243570133,0.25332280354538367,2.1548366875681196e-05,5.5785357824932735e-06,20.0,0.1,0.25332280354538367,0.00045262335,0.001482921,0.6481668915999469,2.592762,0.0024302005767822266
20.12597278218068,-0.3933532806157904,0.25347109564078407,0.00043816105213977455,0.00011350238929762403,20.0,0.1,0.25347109564078407,-0.00040312775,0.0010109872,0.6481665033617587,2.592739,0.002185344696044922
20.125933757486628,-0.3933633896749932,0.2535721943616997,-0.0003902367183900201,-0.00010113004497782599,20.0,0.1,0.2535721943616997,-0.00034817102,0.0016204332,0.64816686386575,2.5928276,0.0021698474884033203
20.125900053750104,-0.39337212401553556,0.25373423767938647,-0.0003370232073960237,-8.73980189295327e-05,20.0,0.1,0.25373423767938647,0.0002270712,0.00086185965,0.6481671907247004,2.59277,0.002167940139770508
20.125922033829003,-0.3933664240657712,0.2538204236441422,0.00021979587560428917,5.701844117480702e-05,20.0,0.1,0.2538204236441422,0.00027629087,0.0017222747,0.6481669674976974,2.5927367,0.002225637435913086
20.1259487776846,-0.3933594862970214,0.25399265111388075,0.0002674266032530152,6.942374673474025e-05,20.0,0.1,0.25399265111388075,0.00012015011,0.0018973445,0.6481666932987633,2.5928226,0.0022084712982177734
20.125960407216578,-0.39335646727919366,0.2541823855620939,0.00011628958959165426,3.0212242962268158e-05,20.0,0.1,0.2541823855620939,-0.00025113978,0.0023182807,0.6481665699809306,2.5928445,0.0028371810913085938
20.12593610017087,-0.3933627822930594,0.2544142136369962,-0.0002430558106007805,-6.320648751568897e-05,20.0,0.1,0.2544142136369962,0.00027149302,0.0011194721,0.6481668406954894,2.5928855,0.0024399757385253906
20.12596237556066,-0.3933559493969738,0.2545261608456391,0.0002627462470310033,6.835837499250364e-05,20.0,0.1,0.2545261608456391,0.0010326289,0.0002722576,0.6481665321556861,2.592827,0.0022246837615966797
20.12606231160355,-0.3933299491569234,0.2545533866059165,0.0009993533497697244,0.0002600296087556806,20.0,0.1,0.2545533866059165,0.0014104514,0.00065924134,0.6481653628550087,2.592777,0.0022194385528564453
20.126198811681505,-0.39329443212796344,0.2546193107400219,0.0013649773622594888,0.0003552602753217831,20.0,0.1,0.2546193107400219,0.0020341892,0.00031383627,0.6481638420956845,2.5927532,0.002232789993286133
20.126395672221527,-0.39324319557885895,0.2546506943666506,0.001968589319354973,0.0005124272727693578,20.0,0.1,0.2546506943666506,0.0015728526,0.000570488,0.6481617898529406,2.5927126,0.0022881031036376953
20.126547885244303,-0.39320357426049946,0.25470774316542216,0.0015221076218004629,0.0003963000186512387,20.0,0.1,0.25470774316542216,0.0021292109,0.0009351297,0.6481603323078433,2.5927844,0.002233266830444336
20.126753936851717,-0.3931499261119117,0.2548012561359107,0.002060465897143788,0.0005366741685104065,20.0,0.1,0.2548012561359107,0.0023585027,0.0005665459,0.6481585253289824,2.5928657,0.00217437744140625
20.126982172321277,-0.3930904793231925,0.2548579107232987,0.0022823210126009966,0.0005945971921009335,20.0,0.1,0.2548579107232987,0.0024432489,-9.7380625e-06,0.6481567322165157,2.5928645,0.0021567344665527344
20.12721860530137,-0.39302888308615763,0.25485693691704425,0.002364330400731471,0.0006159600679492905,20.0,0.1,0.25485693691704425,0.0013744968,0.0008706546,0.6481551327300241,2.5928826,0.0022306442260742188
20.1273516152749,-0.39299423106277315,0.2549440023762733,0.0013300695603374465,0.0003466360382757439,20.0,0.1,0.2549440023762733,0.0012663506,0.0013149383,0.6481543644357531,2.5929196,0.0022721290588378906
20.127474157164933,-0.39296229481180533,0.25507549620639536,0.0012253768955282544,0.0003195236419413343,20.0,0.1,0.25507549620639536,0.0009409203,0.001751953,0.6481537121275782,2.5929306,0.0022542476654052734
20.127565204778552,-0.3929385536549421,0.2552506915101409,0.000910434528816338,0.00023757107613125178,20.0,0.1,0.2552506915101409,0.0009795569,0.0018813009,0.6481532478740504,2.592979,0.0022346973419189453
20.127659986710462,-0.3929138210192069,0.2554388216038793,0.0009477727728101996,0.0002475046663117386,20.0,0.1,0.2554388216038793,0.00068325596,0.0012968179,0.6481527678966753,2.5928771,0.0029304027557373047
20.127726095312426,-0.39289655718979727,0.2555685033945925,0.0006610636260154296,0.00017272402346310727,20.0,0.1,0.2555685033945925,0.0012935181,0.0023430118,0.6481524287832848,2.5927474,0.002184152603149414
20.127851245743045,-0.392863857635527,0.2558028045733087,0.0012514276564164278,0.0003272887626583613,20.0,0.1,0.2558028045733087,0.0013770367,0.0030898147,0.6481518080035538,2.5927377,0.002179861068725586
20.127984468599667,-0.39282901555442223,0.2561117860412784,0.0013321208470540927,0.00034883242834744485,20.0,0.1,0.2561117860412784,0.0011409526,0.0024583577,0.6481511569377005,2.5927093,0.0022687911987304688
20.12809484232722,-0.3928001128197397,0.25635762181306254,0.0011036661889010939,0.00028929867619402694,20.0,0.1,0.25635762181306254,0.0012245598,0.0025866325,0.6481505995649579,2.5926807,0.0021555423736572266
20.12821329644435,-0.39276906301535075,0.25661628506319595,0.0011844608172627182,0.0003108044307681515,20.0,0.1,0.25661628506319595,0.00088976335,0.0029780024,0.648149997125384,2.5926702,0.0021820068359375
20.128299359190013,-0.3927464800119404,0.25691408530516546,0.0008605601662149051,0.000226086319150664,20.0,0.1,0.25691408530516546,0.0008083891,0.0024782517,0.648149547831814,2.5926611,0.0021660327911376953
20.1283775448623,-0.3927259390764528,0.2571619104751013,0.0007818057932409539,0.00020560311234148117,20.0,0.1,0.2571619104751013,0.0008739715,0.0024104957,0.64814911265911,2.592639,0.002293825149536133
20.128462068018212,-0.39270371076339733,0.25740296004047614,0.000845177953327546,0.00022248686679484904,20.0,0.1,0.25740296004047614,0.0017605448,0.002440208,0.6481486237988433,2.5926232,0.0029015541076660156
20.12863232227553,-0.3926588925850249,0.25764698085082693,0.0017024331567878786,0.0004485972261949539,20.0,0.1,0.25764698085082693,0.0005402825,0.003211439,0.6481476469427464,2.5926375,0.0027511119842529297
20.12868456717466,-0.3926451258672305,0.2579681247396953,0.0005224047534037914,0.0001378349521427802,20.0,0.1,0.2579681247396953,0.0012433623,0.003136327,0.6481473446741719,2.5926137,0.0021810531616210938
20.1288047891628,-0.39261340565053326,0.25828175744215026,0.0012021203372895855,0.00031757920683573915,20.0,0.1,0.25828175744215026,0.0017055982,0.002777269,0.6481466028447253,2.5926201,0.0021903514862060547
20.12896969156125,-0.3925698413156826,0.2585594843531586,0.0016489029310034118,0.0004361013100365989,20.0,0.1,0.2585594843531586,0.0011004152,0.002501071,0.648145574787901,2.5926108,0.0021810531616210938
20.129076075229115,-0.3925417049978615,0.25880959144966675,0.0010637662744591703,0.00028162924251082315,20.0,0.1,0.25880959144966675,0.0015047519,0.001867991,0.6481449108968814,2.592586,0.002173900604248047
20.12922153888722,-0.3925031938880169,0.2589963905553892,0.0014545646172531453,0.00038538281653807124,20.0,0.1,0.2589963905553892,0.0015023593,0.000819028,0.6481440052556963,2.5926716,0.0022788047790527344
20.129366764071985,-0.3924647168825446,0.2590782933559827,0.0014522203290573516,0.0003848889969260441,20.0,0.1,0.2590782933559827,0.0017311726,0.0014181625,0.6481431425516537,2.5926948,0.0028252601623535156
20.129534103802133,-0.3924203660222835,0.2592201096046343,0.0016733343879212438,0.00044374591307804145,20.0,0.1,0.2592201096046343,0.002178266,0.00041628224,0.6481422523033532,2.5927484,0.002177715301513672
20.12974465284917,-0.39236453122931,0.25926173782906026,0.0021054672255089594,0.0005584355770807502,20.0,0.1,0.25926173782906026,0.002241482,4.9604703e-05,0.6481412663890238,2.5927732,0.002189159393310547
20.129961309908555,-0.39230706701969403,0.2592666982993838,0.0021665677433258985,0.0005746528433615094,20.0,0.1,0.2592666982993838,0.0018708012,-0.0007868705,0.6481404757767029,2.5926387,0.0028421878814697266
20.130142137481563,-0.3922591049472843,0.25918801125086666,0.0018083134644011564,0.0004794784347329058,20.0,0.1,0.25918801125086666,0.0009262599,-0.00072890474,0.6481400058794289,2.5927145,0.0022864341735839844
20.13023166961635,-0.3922353652977765,0.25911512077733695,0.0008953386494169217,0.00023733123405043124,20.0,0.1,0.25911512077733695,0.0006349815,-0.000113891554,0.648139856552244,2.5926409,0.002355337142944336
20.13029304801242,-0.39221909546457695,0.25910373162193046,0.0006137858136474445,0.00016269134150385505,20.0,0.1,0.25910373162193046,0.000361072,-0.0002770057,0.6481397907508322,2.5927165,0.002577066421508789
20.130327949952925,-0.39220984428379757,0.2590760310530319,0.00034902196754763113,9.250213972230675e-05,20.0,0.1,0.2590760310530319,0.00052756764,-0.00016769591,0.6481397633720306,2.5927212,0.002153635025024414
20.130378946070486,-0.3921963286589067,0.2590592614623025,0.0005099634420668893,0.00013514769704953806,20.0,0.1,0.2590592614623025,0.0009788297,0.00012453986,0.6481397388093931,2.5926375,0.0021924972534179688
20.130473562821305,-0.39217125384977186,0.2590717154482851,0.0009461643853084046,0.00025075987488568276,20.0,0.1,0.2590717154482851,0.0010095779,-0.00025412205,0.6481397342783538,2.5926785,0.002166748046875
20.130571151467272,-0.39214539014465544,0.25904630324372613,0.0009758930319050478,0.00025861225165420607,20.0,0.1,0.25904630324372613,-7.759218e-05,0.00019402726,0.6481397765903111,2.5926015,0.0021660327911376953
20.130563651137802,-0.39214737773656305,0.2590657059700467,-7.500290906009727e-05,-1.9877374341033458e-05,20.0,0.1,0.2590657059700467,3.4779405e-05,-1.0109742e-05,0.6481397710285223,2.5925796,0.0021924972534179688
20.130567013018524,-0.39214648676630043,0.259064694995836,3.361881621886684e-05,8.909668638644792e-06,20.0,0.1,0.259064694995836,-0.0011395379,0.00069799746,0.6481397733124794,2.5925684,0.0022125244140625
20.13045686186632,-0.3921756790573055,0.2591344947415242,-0.0011014911432168056,-0.00029199979456358114,20.0,0.1,0.2591344947415242,-0.001342157,-0.0001261089,0.6481397296588206,2.592585,0.0034699440002441406
20.130327127342134,-0.392210071030989,0.2591218838509709,-0.0012973495788913328,-0.00034390337612884324,20.0,0.1,0.2591218838509709,-0.0011643522,6.898396e-05,0.6481397853639606,2.5925758,0.002274036407470703
20.13021457927366,-0.39223990544212656,0.2591287822467754,-0.00112547862664071,-0.00029835187537976773,20.0,0.1,0.2591287822467754,-0.00012118027,0.00056952843,0.6481399029127243,2.5925722,0.0022344589233398438
20.130202865824486,-0.3922430105473187,0.2591857350902179,-0.00011713272307078345,-3.1057723013431044e-05,20.0,0.1,0.2591857350902179,0.00047639,0.0001643112,0.6481399192539922,2.5925586,0.002198934555053711
20.130248913634414,-0.3922308009777924,0.25920216621067504,0.00046047609305467456,0.00012210326141761185,20.0,0.1,0.25920216621067504,0.00026319365,-0.00012565144,0.6481398523354603,2.5925744,0.0022215843200683594
20.130274353795315,-0.3922240550757492,0.25918960106697764,0.0002544024566197021,6.745582383364224e-05,20.0,0.1,0.25918960106697764,-0.00020898289,0.00023639928,0.6481398191300025,2.592567,0.002291440963745117
20.13025415355078,-0.39222941125097993,0.2592132409952361,-0.00020200117910301716,-5.356652761576182e-05,20.0,0.1,0.2592132409952361,-0.0003489422,-0.0003629592,0.6481398445442913,2.59258,0.002189159393310547
20.130220425078143,-0.392238355343133,0.25917694507567346,-0.00033728797248404915,-8.942867941240337e-05,20.0,0.1,0.25917694507567346,0.00038847394,-0.0005758468,0.6481398939461117,2.592565,0.0021719932556152344
20.130257975017606,-0.3922283993358868,0.25911936039389244,0.0003755051271330532,9.953844928379061e-05,20.0,0.1,0.25911936039389244,0.0006992353,0.0003291906,0.6481398429211416,2.5925899,0.0021626949310302734
20.130325564220485,-0.39221048287095245,0.2591522794542149,0.0006758861304970909,0.00017918689897707368,20.0,0.1,0.2591522794542149,-8.514299e-05,-4.210429e-05,0.6481397803436096,2.5925624,0.0021800994873046875
20.130317334234984,-0.39221266475561284,0.2591480690252544,-8.229994686289917e-05,-2.181850008622415e-05,20.0,0.1,0.2591480690252544,0.0005172999,-5.992979e-05,0.6481397873698349,2.5925925,0.0022284984588623047
20.130367336892572,-0.3921994085746491,0.25914207604634126,0.0005000273703229935,0.00013255881298632782,20.0,0.1,0.25914207604634126,0.00043444315,-0.0012844692,0.6481397508242394,2.5926106,0.002265453338623047
20.130409330609712,-0.3921882759094641,0.25901362913115433,0.0004199514675137047,0.00011127271129736965,20.0,0.1,0.25901362913115433,0.00035230367,-0.0006148984,0.6481397311320101,2.592657,0.0028378963470458984
20.13044338580055,-0.3921792524538711,0.2589521392915819,0.00034055745624672574,9.021361527703853e-05,20.0,0.1,0.2589521392915819,0.0005895158,-0.0010300898,0.6481397336129063,2.5926485,0.0026044845581054688
20.13050037186419,-0.39216415685479594,0.2588491303116504,0.0005698761832181898,0.0001508972891875411,20.0,0.1,0.2588491303116504,0.0003330858,-0.0011374025,0.6481397608732106,2.5926793,0.002177715301513672
20.130532570775816,-0.3921556309177204,0.2587353900625791,0.0003219988115880142,8.522274708197464e-05,20.0,0.1,0.2587353900625791,0.00053291715,-0.0016123973,0.6481397926934074,2.5926871,0.002241849899291992
20.130584088639846,-0.3921419957931841,0.2585741503365759,0.0005152006188534458,0.00013626817632809415,20.0,0.1,0.2585741503365759,0.00058849883,-0.001233759,0.6481398705729942,2.5926254,0.002239704132080078
20.130640982091563,-0.39212694773884027,0.2584507744378831,0.0005689530785115177,0.0001504103494857589,20.0,0.1,0.2584507744378831,0.00042985677,-0.0011621073,0.6481399972314884,2.5926442,0.0023670196533203125
20.130682540088884,-0.3921159613268898,0.25833456370434277,0.00041559273779500337,0.00010981582390913916,20.0,0.1,0.25833456370434277,8.6746644e-05,-0.0017448907,0.6481401141919293,2.592597,0.002271890640258789
20.130690926900087,-0.3921137452039924,0.2581600746341471,8.387197764446028e-05,2.2146594567726495e-05,20.0,0.1,0.2581600746341471,1.9203193e-05,-0.0015982514,0.6481401414817596,2.592627,0.002186298370361328
20.1306927835826,-0.39211325494257226,0.2580002494940024,1.856760845908433e-05,4.899646693133323e-06,20.0,0.1,0.2580002494940024,-0.0008260157,-0.00052111474,0.6481401484268533,2.5925877,0.002164602279663086
20.13061291594574,-0.3921343305271688,0.2579481380203694,-0.0007986873503242893,-0.0002107142254767366,20.0,0.1,0.2579481380203694,-0.000711728,-0.0011182668,0.6481398327381839,2.5926132,0.0021996498107910156
20.130544097866338,-0.39215248650308837,0.25783631133650914,-0.0006882010929328756,-0.00018148280108487783,20.0,0.1,0.25783631133650914,-0.00045203394,-0.0006951509,0.6481395786472715,2.59267,0.0024373531341552734
20.130500388717387,-0.3921640128706956,0.2577667962437451,-0.0004370995010275685,-0.00011523329133804777,20.0,0.1,0.2577667962437451,0.00022242044,-0.00028282256,0.6481394175509381,2.5926018,0.0022377967834472656
20.13052189592129,-0.39215834288963314,0.2577385139882287,0.00021507364254239205,5.669372787916723e-05,20.0,0.1,0.2577385139882287,0.00074194395,0.000585755,0.6481394994768949,2.5926442,0.0026171207427978516
20.13059363959309,-0.3921394311524351,0.25779708948663455,0.0007174256391076259,0.00018915939586911323,20.0,0.1,0.25779708948663455,0.0012424559,0.000489388,0.6481397959930311,2.5927055,0.002414703369140625
20.130713779359102,-0.3921077546074111,0.257846028287681,0.0012013821565544651,0.0003168242448219591,20.0,0.1,0.257846028287681,0.0011561207,0.001117736,0.6481403356477197,2.5927024,0.0022034645080566406
20.13082556946301,-0.39207827371737475,0.2579578018861545,0.0011178680802381117,0.00029493385034336505,20.0,0.1,0.2579578018861545,0.00042779036,0.0015861746,0.6481408927249811,2.592752,0.0022246837615966797
20.13086693306828,-0.392067360508936,0.2581164193453921,0.00041361873725331464,0.00010919769291422413,20.0,0.1,0.2581164193453921,-0.00048765712,0.0006119717,0.6481411036223219,2.5927553,0.0022330284118652344
20.13081978284278,-0.3920798084359298,0.25817761651684545,-0.0004714946363045769,-0.00012450812430982766,20.0,0.1,0.25817761651684545,0.00024710695,0.0004766808,0.6481408836334347,2.592794,0.002307891845703125
20.13084367454764,-0.3920734993262822,0.258225284598088,0.00023891404089977262,6.310248512193119e-05,20.0,0.1,0.258225284598088,0.0003892669,-0.00029671247,0.6481409897708543,2.5929832,0.002234220504760742
20.13088131061204,-0.39206355880882715,0.2581956133506216,0.00037636359330557486,9.939400741699282e-05,20.0,0.1,0.2581956133506216,0.0009248443,0.00018668718,0.6481411584378332,2.5929012,0.002167224884033203
20.130970729393304,-0.3920399441681805,0.25821428206815167,0.0008941834039549844,0.000236163099764822,20.0,0.1,0.25821428206815167,0.00024440332,0.0006846723,0.648141596537101,2.5928016,0.0021560192108154297
20.13099435946708,-0.3920337032209134,0.2582827493007832,0.0002362964642270432,6.242565138226812e-05,20.0,0.1,0.2582827493007832,0.0009495467,0.00090184924,0.6481417182936922,2.5927484,0.0021445751190185547
20.131086164492523,-0.39200944983848557,0.2583729342249759,0.0009180283777710177,0.00024261661758484586,20.0,0.1,0.2583729342249759,0.0014476053,0.00067331444,0.6481422031293249,2.5928366,0.002191781997680664
20.131226119985964,-0.3919724623888019,0.2584402656689823,0.0013995300270496641,0.0003699687300528196,20.0,0.1,0.2584402656689823,0.0015919312,0.00026054913,0.6481429957886794,2.5928922,0.002293109893798828
20.131380026268715,-0.39193177693663106,0.2584663205821604,0.0015390522264462619,0.0004068946217187618,20.0,0.1,0.2584663205821604,0.0016796853,0.0006688732,0.648143961155999,2.592724,0.002390623092651367
20.131542415409857,-0.39188884449611916,0.258533207901714,0.0016238626914394125,0.00042943302190249306,20.0,0.1,0.258533207901714,0.0007444019,0.00033506463,0.6481451059789668,2.5926867,0.0024690628051757812
20.131614381654753,-0.391869812910392,0.25856671436464657,0.0007196560717579285,0.00019033997050769763,20.0,0.1,0.25856671436464657,0.00041546588,-9.9305085e-05,0.6481456457771676,2.5926309,0.002238035202026367
20.13165454712862,-0.39185918964823835,0.2585567838561152,0.0004016557935666233,0.00010622863289542694,20.0,0.1,0.2585567838561152,0.000105129315,8.351287e-05,0.6481459555526587,2.5926101,0.0022521018981933594
20.131664710610195,-0.39185650164330865,0.2585651351427847,0.00010163459126058255,2.6880898077293366e-05,20.0,0.1,0.2585651351427847,0.00056264445,6.535948e-05,0.6481460355721513,2.5926268,0.0023276805877685547
20.131719104704313,-0.39184211518214573,0.25857167109112617,0.0005439400008712308,0.0001438681667958529,20.0,0.1,0.25857167109112617,0.00072788034,-0.00022886776,0.6481464720273822,2.5926507,0.002290010452270508
20.131789472986455,-0.3918235032842602,0.25854878431470263,0.0007036870808808639,0.0001861028737753193,20.0,0.1,0.25854878431470263,0.00042110638,0.00011106961,0.6481470589321254,2.5926533,0.002274751663208008
20.131830183952623,-0.39181273652726833,0.25855989127573104,0.00040710846580085556,0.00010767209166283255,20.0,0.1,0.25855989127573104,-0.00022414382,3.4218176e-06,0.6481474130285565,2.5926626,0.002323150634765625
20.13180851464265,-0.39181846762874556,0.258560233457492,-0.00021669308012550373,-5.731108892089267e-05,20.0,0.1,0.258560233457492,-0.0004840286,-0.0013908255,0.6481472240824727,2.5926085,0.0024933815002441406
20.131761720736847,-0.3918308437032143,0.25842115090835216,-0.0004679562664751429,-0.0001236956613336633,20.0,0.1,0.25842115090835216,-0.00057046517,-0.0010564848,0.6481468246733763,2.5925841,0.002750873565673828
20.13170656846853,-0.39184542219439406,0.25831550243218737,-0.0005515380820286449,-0.00014572664345283812,20.0,0.1,0.25831550243218737,-0.0010612442,-0.0005779133,0.6481463487783437,2.5926785,0.002761363983154297
20.131603965083762,-0.3918725319214584,0.2582577111015686,-0.0010260495130543046,-0.000271037974329105,20.0,0.1,0.2582577111015686,-0.0006722241,-0.0006617215,0.6481454782114857,2.5926409,0.002639293670654297
20.131538972010116,-0.39188970028497505,0.2581915389504408,-0.0006499420957045096,-0.00017164062747592672,20.0,0.1,0.2581915389504408,-0.00027338986,-0.00097488513,0.6481449460098015,2.592679,0.0025572776794433594
20.131512539220974,-0.39189668081530915,0.25809405043745726,-0.00026433469539067096,-6.977953407618995e-05,20.0,0.1,0.25809405043745726,7.584348e-05,-0.0016184974,0.648144731423666,2.592675,0.002415895462036133
20.131519872362095,-0.39189474499992216,0.25793220069516765,7.333454334953489e-05,1.9346284946425668e-05,20.0,0.1,0.25793220069516765,-0.0005512562,-0.0017208687,0.6481447924617001,2.5927174,0.0023851394653320312
20.131466570327284,-0.39190880653636245,0.25776011382021324,-0.000533044538256461,-0.00014052363651505853,20.0,0.1,0.25776011382021324,0.00015165236,-0.0023375996,0.6481443326541179,2.5926633,0.002519845962524414
20.131481234555462,-0.39190494068553344,0.25752635385632827,0.00014665131457527065,3.862422813981418e-05,20.0,0.1,0.25752635385632827,-0.00047209868,-0.002165775,0.6481444642776666,2.5927424,0.002396821975708008
20.131435581530134,-0.39191696453182895,0.25730977635156677,-0.00045655628350591487,-0.00012013958595302522,20.0,0.1,0.25730977635156677,-0.00016909126,-0.0030780884,0.6481440302159329,2.592834,0.002393007278442383
20.131419229084823,-0.3919212675631967,0.2570019675118507,-0.00016353769047983848,-4.297997736726838e-05,20.0,0.1,0.2570019675118507,-0.00060980377,-0.0018662107,0.6481438681355784,2.5928197,0.002437114715576172
20.131360251524757,-0.39193676768545843,0.2568153464400799,-0.0005898045168900634,-0.00015489115536416835,20.0,0.1,0.2568153464400799,-8.096215e-05,-0.0030131978,0.6481432477036607,2.5928454,0.0029633045196533203
20.131352420835054,-0.39193882413728426,0.25651402666025175,-7.831308998645082e-05,-2.0540921907978044e-05,20.0,0.1,0.25651402666025175,-0.00042128202,-0.0017243054,0.6481431628820074,2.5927436,0.0027337074279785156
20.13131167105597,-0.3919495124913015,0.2563415961156258,-0.00040751621478242515,-0.00010681327351781103,20.0,0.1,0.2563415961156258,-0.00094273733,-0.0023986907,0.6481426944898501,2.592623,0.0025255680084228516
20.13122047781022,-0.3919734149735777,0.2561017270481804,-0.0009119897659083975,-0.0002388060714991754,20.0,0.1,0.2561017270481804,-0.0014602931,-0.0013811588,0.6481416370937667,2.5926454,0.002415895462036133
20.131079211277363,-0.39201040585550095,0.25596361116530686,-0.0014127164053814166,-0.0003697137041860607,20.0,0.1,0.25596361116530686,-0.00025856335,-0.0017472506,0.6481399977479759,2.5927052,0.0024347305297851562
